<?xml version="1.0" encoding="utf-8"?>
<COLLADA xmlns="http://www.collada.org/2005/11/COLLADASchema" version="1.4.1" xmlns:xsi="http://www.w3.org/2001/XMLSchema-instance">
  <asset>
    <contributor>
      <author>Blender User</author>
      <authoring_tool>Blender 4.5.3 LTS commit date:2025-09-08, commit time:12:46, hash:67807e1800cc</authoring_tool>
    </contributor>
    <created>2026-02-05T23:38:01</created>
    <modified>2026-02-05T23:38:01</modified>
    <unit name="meter" meter="1"/>
    <up_axis>Z_UP</up_axis>
  </asset>
  <library_cameras>
    <camera id="Camera-camera" name="Camera">
      <optics>
        <technique_common>
          <perspective>
            <xfov sid="xfov">39.59775</xfov>
            <aspect_ratio>1.777778</aspect_ratio>
            <znear sid="znear">0.1</znear>
            <zfar sid="zfar">100</zfar>
          </perspective>
        </technique_common>
      </optics>
      <extra>
        <technique profile="blender">
          <shiftx sid="shiftx" type="float">0</shiftx>
          <shifty sid="shifty" type="float">0</shifty>
          <dof_distance sid="dof_distance" type="float">10</dof_distance>
        </technique>
      </extra>
    </camera>
  </library_cameras>
  <library_lights>
    <light id="Light-light" name="Light">
      <technique_common>
        <point>
          <color sid="color">1000 1000 1000</color>
          <constant_attenuation>1</constant_attenuation>
          <linear_attenuation>0</linear_attenuation>
          <quadratic_attenuation>0</quadratic_attenuation>
        </point>
      </technique_common>
      <extra>
        <technique profile="blender">
          <type sid="type" type="int">0</type>
          <flag sid="flag" type="int">0</flag>
          <mode sid="mode" type="int">2097153</mode>
          <red sid="red" type="float">1</red>
          <green sid="green" type="float">1</green>
          <blue sid="blue" type="float">1</blue>
          <energy sid="blender_energy" type="float">1000</energy>
          <spotsize sid="spotsize" type="float">75</spotsize>
          <spotblend sid="spotblend" type="float">0.15</spotblend>
          <clipsta sid="clipsta" type="float">0.04999995</clipsta>
          <clipend sid="clipend" type="float">40</clipend>
          <radius sid="radius" type="float">0.1</radius>
          <area_shape sid="area_shape" type="int">1</area_shape>
          <area_size sid="area_size" type="float">0.1</area_size>
          <area_sizey sid="area_sizey" type="float">0.1</area_sizey>
          <area_sizez sid="area_sizez" type="float">1</area_sizez>
        </technique>
      </extra>
    </light>
  </library_lights>
  <library_effects>
    <effect id="Material_001-effect">
      <profile_COMMON>
        <technique sid="common">
          <lambert>
            <emission>
              <color sid="emission">0 0 0 1</color>
            </emission>
            <diffuse>
              <color sid="diffuse">0.1109553 0.1109553 0.1109553 1</color>
            </diffuse>
            <index_of_refraction>
              <float sid="ior">1.5</float>
            </index_of_refraction>
          </lambert>
        </technique>
      </profile_COMMON>
    </effect>
  </library_effects>
  <library_images/>
  <library_materials>
    <material id="Material_001-material" name="Material.001">
      <instance_effect url="#Material_001-effect"/>
    </material>
  </library_materials>
  <library_geometries>
    <geometry id="inlet2-mesh" name="inlet2">
      <mesh>
        <source id="inlet2-mesh-positions">
          <float_array id="inlet2-mesh-positions-array" count="16407">62.639 57.52405 40 62.639 57.52405 50 66.10493 60.08726 40 66.10493 60.08726 50 69.20298 63.08474 40 69.20298 63.08474 50 71.87913 66.46423 40 71.87913 66.46423 50 74.08675 70.16681 40 74.08675 70.16681 50 75.78736 74.12796 40 75.78736 74.12796 50 76.9513 78.27861 40 76.9513 78.27861 50 77.5583 82.54644 40 77.5583 82.54644 50 77.59777 86.85702 40 77.59777 86.85702 50 77.06901 91.13524 40 77.06901 91.13524 50 75.98126 95.30651 40 75.98126 95.30651 50 74.35346 99.29814 40 74.35346 99.29814 50 72.21401 103.0405 40 72.21401 103.0405 50 17.786 103.0405 40 17.786 103.0405 50 15.64654 99.29814 40 15.64654 99.29814 50 14.01875 95.30651 40 14.01875 95.30651 50 12.931 91.13524 40 12.931 91.13524 50 12.40224 86.85702 40 12.40224 86.85702 50 12.44171 82.54644 40 12.44171 82.54644 50 13.04871 78.27861 40 13.04871 78.27861 50 14.21265 74.12796 40 14.21265 74.12796 50 15.91326 70.16681 40 15.91326 70.16681 50 18.12088 66.46423 40 18.12088 66.46423 50 20.79703 63.08474 40 20.79703 63.08474 50 23.89507 60.08726 40 23.89507 60.08726 50 27.361 57.52405 40 27.361 57.52405 50 31.12186 110.2 40 31.12186 110.2 50 28.50593 109.9847 40 28.50593 109.9847 50 25.96041 109.3446 40 25.96041 109.3446 50 23.55378 108.297 40 23.55378 108.297 50 21.35083 106.8699 40 21.35083 106.8699 50 19.41083 105.1019 40 19.41083 105.1019 50 58.87814 110.2 40 58.87814 110.2 50 45 110.2 50 70.58917 105.1019 40 70.58917 105.1019 50 68.64918 106.8699 40 68.64918 106.8699 50 66.44623 108.297 40 66.44623 108.297 50 64.0396 109.3446 40 64.0396 109.3446 50 61.49407 109.9847 40 61.49407 109.9847 50 58.5 16.5 40 58.5 16.5 50 61.71492 16.77397 40 61.71492 16.77397 50 64.83713 17.58797 40 64.83713 17.58797 50 67.77658 18.91853 40 67.77658 18.91853 50 70.44851 20.72728 40 70.44851 20.72728 50 72.77586 22.96205 40 72.77586 22.96205 50 74.69151 25.55841 40 74.69151 25.55841 50 76.14022 28.44146 40 76.14022 28.44146 50 77.0802 31.52808 40 77.0802 31.52808 50 77.48436 34.72924 40 77.48436 34.72924 50 77.34104 37.95262 40 77.34104 37.95262 50 76.65436 41.10528 40 76.65436 41.10528 50 75.44414 44.09629 40 75.44414 44.09629 50 73.74527 46.83939 40 73.74527 46.83939 50 71.60675 49.25548 40 71.60675 49.25548 50 69.09024 51.27488 40 69.09024 51.27488 50 66.26833 52.83935 40 66.26833 52.83935 50 63.22238 53.90378 40 63.22238 53.90378 50 45 16.5 50 31.5 16.5 40 31.5 16.5 50 26.77762 53.90378 40 26.77762 53.90378 50 23.73168 52.83935 40 23.73168 52.83935 50 20.90977 51.27488 40 20.90977 51.27488 50 18.39326 49.25548 40 18.39326 49.25548 50 16.25474 46.83939 40 16.25474 46.83939 50 14.55587 44.09629 40 14.55587 44.09629 50 13.34564 41.10528 40 13.34564 41.10528 50 12.65896 37.95262 40 12.65896 37.95262 50 12.51564 34.72924 40 12.51564 34.72924 50 12.9198 31.52808 40 12.9198 31.52808 50 13.85979 28.44146 40 13.85979 28.44146 50 15.3085 25.55841 40 15.3085 25.55841 50 17.22415 22.96205 40 17.22415 22.96205 50 19.5515 20.72728 40 19.5515 20.72728 50 22.22343 18.91853 40 22.22343 18.91853 50 25.16288 17.58797 40 25.16288 17.58797 50 28.28508 16.77397 40 28.28508 16.77397 50 62.37621 57.32279 40 62.37621 57.32279 50 62.15021 57.08094 40 62.15021 57.08094 50 61.96719 56.80513 40 61.96719 56.80513 50 61.83218 56.50292 40 61.83218 56.50292 50 61.74885 56.18257 40 61.74885 56.18257 50 61.71951 55.85287 40 61.71951 55.85287 50 61.74494 55.52284 40 61.74494 55.52284 50 61.82447 55.20153 40 61.82447 55.20153 50 61.95589 54.89773 40 61.95589 54.89773 50 62.13563 54.61977 40 62.13563 54.61977 50 62.35875 54.37527 40 62.35875 54.37527 50 62.61914 54.17091 40 62.61914 54.17091 50 62.90967 54.0123 40 62.90967 54.0123 50 27.62379 57.32279 50 27.62379 57.32279 40 27.84979 57.08094 50 27.84979 57.08094 40 28.03281 56.80513 50 28.03281 56.80513 40 28.16783 56.50292 50 28.16783 56.50292 40 28.25115 56.18257 50 28.25115 56.18257 40 28.2805 55.85287 50 28.2805 55.85287 40 28.25506 55.52284 50 28.25506 55.52284 40 28.17554 55.20153 50 28.17554 55.20153 40 28.04411 54.89773 50 28.04411 54.89773 40 27.86437 54.61977 50 27.86437 54.61977 40 27.64126 54.37527 50 27.64126 54.37527 40 27.38087 54.17091 50 27.38087 54.17091 40 27.09034 54.0123 50 27.09034 54.0123 40 90 15.06621 50 90 120 50 81.35438 116.6295 50 80.76528 116.4491 50 80.15417 116.3708 50 76.48478 120.9153 50 76.69004 121.4962 50 45 130 50 76.9905 122.0341 50 77.37755 117.4866 50 77.84004 117.0795 50 78.36467 116.7565 50 78.93634 116.5268 50 79.53862 116.397 50 76.69004 118.5038 50 76.9905 117.9659 50 77.37755 122.5134 50 77.84004 122.9205 50 80 130 50 78.36467 123.2435 50 78.93634 123.4732 50 76.48478 119.0847 50 76.38066 119.692 50 76.38066 120.3081 50 83.63243 120 50 83.58018 119.3861 50 83.42494 118.7899 50 83.17117 118.2285 50 79.53862 123.603 50 80.15417 123.6292 50 81.56435 129.8769 50 80.76528 123.5509 50 83.09017 129.5106 50 81.35438 123.3705 50 84.5399 128.9101 50 81.90451 123.0931 50 83.58018 120.6139 50 89.87689 121.5643 50 83.42494 121.2101 50 89.51057 123.0902 50 83.17117 121.7715 50 88.91007 124.5399 50 82.82617 122.282 50 88.09017 125.8779 50 82.39986 122.7268 50 87.07107 127.0711 50 85.87786 128.0902 50 82.82617 117.718 50 82.39986 117.2732 50 81.90451 116.9069 50 76.9905 12.03407 50 77.37755 12.51342 50 45 15.06621 50 81.35438 6.629504 50 80.76528 6.449096 50 81.56435 0.1231133 50 45 0 50 77.37755 7.486578 50 76.9905 7.96593 50 79.53862 6.39699 50 78.93634 6.526791 50 80 0 50 78.36467 6.756507 50 77.84004 7.079534 50 77.84004 12.92046 50 78.36467 13.24349 50 78.93634 13.47321 50 80.15417 6.370842 50 76.69004 8.503795 50 76.48478 9.084706 50 76.38066 9.691946 50 76.38066 10.30805 50 76.48478 10.91529 50 76.69004 11.4962 50 79.53862 13.60301 50 80.15417 13.62915 50 80.76528 13.5509 50 81.35438 13.37049 50 83.09017 0.4894361 50 84.5399 1.089931 50 81.90451 6.906878 50 85.87786 1.90983 50 82.39986 7.273234 50 87.07107 2.928931 50 82.82617 7.718034 50 88.09017 4.122146 50 83.17117 8.228482 50 88.91007 5.460091 50 83.42494 8.78989 50 89.51057 6.909829 50 83.58018 9.386116 50 89.87689 8.435652 50 83.63243 9.999999 50 90 9.999999 50 81.90451 13.09312 50 82.39986 12.72676 50 82.82617 12.28196 50 83.17117 11.77151 50 83.42494 11.21011 50 83.58018 10.61388 50 7.377546 12.51342 50 0 15.06621 50 6.9905 12.03407 50 6.690029 11.4962 50 7.840037 12.92046 50 8.36467 13.24349 50 8.936343 13.47321 50 11.35438 13.37049 50 11.90451 13.09312 50 12.82616 7.718034 50 12.39986 7.273234 50 11.90451 6.906878 50 10 0 50 11.35438 6.629504 50 9.538618 13.60301 50 10.15417 13.62915 50 10.76528 13.5509 50 10.76528 6.449096 50 10.15417 6.370842 50 8.435656 0.1231133 50 9.538618 6.39699 50 6.909832 0.4894361 50 8.936343 6.526791 50 5.460098 1.089931 50 8.36467 6.756507 50 4.122149 1.90983 50 7.840037 7.079534 50 2.928935 2.928931 50 7.377546 7.486578 50 1.909833 4.122146 50 6.9905 7.96593 50 1.089938 5.460091 50 6.690029 8.503795 50 0.4894361 6.909829 50 6.48478 9.084706 50 0.1231171 8.435652 50 6.380659 9.691946 50 0 9.999999 50 6.380659 10.30805 50 6.48478 10.91529 50 13.63243 9.999999 50 13.58018 9.386116 50 13.42494 8.78989 50 13.17116 8.228482 50 12.39986 12.72676 50 12.82616 12.28196 50 13.17116 11.77151 50 13.42494 11.21011 50 13.58018 10.61388 50 0 120 50 6.9905 117.9659 50 6.690029 118.5038 50 10.15417 116.3708 50 9.538618 116.397 50 8.936343 116.5268 50 8.36467 116.7565 50 7.840037 117.0795 50 7.377546 117.4866 50 10.76528 116.4491 50 10.15417 123.6292 50 10 130 50 9.538618 123.603 50 8.435656 129.8769 50 8.936343 123.4732 50 6.909832 129.5106 50 8.36467 123.2435 50 5.460098 128.9101 50 7.840037 122.9205 50 4.122149 128.0902 50 7.377546 122.5134 50 2.928935 127.0711 50 6.9905 122.0341 50 1.909833 125.8779 50 6.690029 121.4962 50 1.089938 124.5399 50 6.48478 120.9153 50 0.4894361 123.0902 50 6.380659 120.3081 50 0.1231171 121.5643 50 6.380659 119.692 50 6.48478 119.0847 50 11.90451 123.0931 50 11.35438 123.3705 50 10.76528 123.5509 50 13.42494 118.7899 50 13.17116 118.2285 50 12.39986 122.7268 50 12.82616 122.282 50 13.17116 121.7715 50 13.63243 120 50 13.58018 120.6139 50 13.42494 121.2101 50 13.58018 119.3861 50 11.35438 116.6295 50 11.90451 116.9069 50 12.39986 117.2732 50 12.82616 117.718 50 0 120 40 6.380659 119.692 40 6.48478 119.0847 40 6.690029 118.5038 40 6.9905 117.9659 40 8.836508 113.9647 40 7.377546 117.4866 40 7.840037 117.0795 40 8.36467 116.7565 40 8.936343 116.5268 40 9.538618 116.397 40 45 113.9647 40 11.90451 116.9069 40 12.39986 117.2732 40 10.15417 116.3708 40 10.76528 116.4491 40 11.35438 116.6295 40 6.380659 120.3081 40 0.1231171 121.5643 40 6.48478 120.9153 40 0.4894361 123.0902 40 6.690029 121.4962 40 1.089938 124.5399 40 6.9905 122.0341 40 1.909833 125.8779 40 7.377546 122.5134 40 2.928935 127.0711 40 7.840037 122.9205 40 4.122149 128.0902 40 8.36467 123.2435 40 5.460098 128.9101 40 8.936343 123.4732 40 6.909832 129.5106 40 9.538618 123.603 40 8.435656 129.8769 40 10.15417 123.6292 40 10 130 40 10.76528 123.5509 40 12.82616 117.718 40 13.17116 118.2285 40 13.42494 118.7899 40 13.42494 121.2101 40 13.17116 121.7715 40 45 130 40 11.90451 123.0931 40 11.35438 123.3705 40 13.58018 119.3861 40 13.63243 120 40 13.58018 120.6139 40 12.82616 122.282 40 12.39986 122.7268 40 0 14.83385 40 8.836508 16.03527 40 45 14.83385 40 45 16.03527 40 81.1635 16.03527 40 89.51057 123.0902 40 89.87689 121.5643 40 81.1635 113.9647 40 90 120 40 90 14.83385 40 76.48478 119.0847 40 76.69004 118.5038 40 76.9905 117.9659 40 77.37755 117.4866 40 76.69004 121.4962 40 76.9905 122.0341 40 77.37755 122.5134 40 76.48478 120.9153 40 76.38066 120.3081 40 76.38066 119.692 40 77.84004 117.0795 40 78.36467 116.7565 40 78.93634 116.5268 40 79.53862 116.397 40 80.15417 116.3708 40 83.42494 118.7899 40 83.58018 119.3861 40 83.63243 120 40 81.35438 123.3705 40 80.76528 123.5509 40 81.56435 129.8769 40 79.53862 123.603 40 78.93634 123.4732 40 80 130 40 78.36467 123.2435 40 77.84004 122.9205 40 80.76528 116.4491 40 81.35438 116.6295 40 81.90451 116.9069 40 80.15417 123.6292 40 82.39986 117.2732 40 82.82617 117.718 40 83.17117 118.2285 40 83.09017 129.5106 40 84.5399 128.9101 40 81.90451 123.0931 40 85.87786 128.0902 40 82.39986 122.7268 40 87.07107 127.0711 40 82.82617 122.282 40 88.09017 125.8779 40 83.17117 121.7715 40 88.91007 124.5399 40 83.42494 121.2101 40 83.58018 120.6139 40 8.936343 13.47321 40 8.36467 13.24349 40 7.840037 12.92046 40 7.377546 12.51342 40 6.9905 12.03407 40 6.690029 11.4962 40 6.48478 10.91529 40 0 9.999999 40 6.380659 10.30805 40 0.1231171 8.435652 40 6.380659 9.691946 40 0.4894361 6.909829 40 6.48478 9.084706 40 1.089938 5.460091 40 6.690029 8.503795 40 1.909833 4.122146 40 6.9905 7.96593 40 2.928935 2.928931 40 7.377546 7.486578 40 4.122149 1.90983 40 7.840037 7.079534 40 5.460098 1.089931 40 8.36467 6.756507 40 6.909832 0.4894361 40 8.936343 6.526791 40 8.435656 0.1231133 40 9.538618 6.39699 40 10 0 40 10.15417 6.370842 40 12.82616 12.28196 40 12.39986 12.72676 40 11.90451 13.09312 40 11.35438 13.37049 40 10.76528 13.5509 40 10.15417 13.62915 40 9.538618 13.60301 40 11.90451 6.906878 40 45 0 40 11.35438 6.629504 40 10.76528 6.449096 40 12.39986 7.273234 40 12.82616 7.718034 40 13.17116 8.228482 40 13.42494 8.78989 40 13.58018 9.386116 40 13.63243 9.999999 40 13.58018 10.61388 40 13.42494 11.21011 40 13.17116 11.77151 40 76.9905 12.03407 40 76.69004 11.4962 40 76.48478 9.084706 40 76.69004 8.503795 40 76.9905 7.96593 40 76.48478 10.91529 40 76.38066 10.30805 40 76.38066 9.691946 40 77.37755 7.486578 40 77.84004 7.079534 40 80 0 40 78.36467 6.756507 40 78.93634 6.526791 40 78.36467 13.24349 40 77.84004 12.92046 40 77.37755 12.51342 40 90 9.999999 40 89.87689 8.435652 40 83.58018 9.386116 40 80.76528 13.5509 40 81.35438 13.37049 40 81.90451 13.09312 40 80.15417 13.62915 40 79.53862 13.60301 40 78.93634 13.47321 40 79.53862 6.39699 40 80.15417 6.370842 40 81.56435 0.1231133 40 80.76528 6.449096 40 83.09017 0.4894361 40 81.35438 6.629504 40 84.5399 1.089931 40 81.90451 6.906878 40 83.42494 8.78989 40 89.51057 6.909829 40 83.17117 8.228482 40 88.91007 5.460091 40 82.82617 7.718034 40 88.09017 4.122146 40 82.39986 7.273234 40 87.07107 2.928931 40 85.87786 1.90983 40 83.17117 11.77151 40 82.82617 12.28196 40 82.39986 12.72676 40 83.63243 9.999999 40 83.58018 10.61388 40 83.42494 11.21011 40 8.836508 113.9647 0 8.836508 16.03527 0 81.1635 113.9647 0 81.1635 16.03527 0 29.19568 49.30905 40 69.51161 87.61408 40 69.61538 83.68247 40 50.84939 61.05345 40 46.96648 60.42795 40 31.5 49.5 40 24.83674 47.81263 40 26.95421 48.74144 40 43.03352 60.42795 40 39.15061 61.05345 40 35.4166 62.28852 40 31.92654 64.10174 40 69.09254 79.78442 40 67.95641 76.01912 40 63.97482 69.26441 40 61.23072 66.44693 40 58.07346 64.10174 40 54.5834 62.28852 40 66.2359 72.48245 40 22.90102 46.54796 40 18.67918 41.12373 40 19.77967 43.15727 40 21.19987 44.98194 40 58.5 49.5 40 60.80432 49.30905 40 63.04579 48.74144 40 65.16327 47.81263 40 67.09898 46.54796 40 68.80014 44.98194 40 70.22033 43.15727 40 71.32083 41.12373 40 72.07161 38.93679 40 72.45219 36.65611 40 72.45219 34.34389 40 72.07161 32.0632 40 71.32083 29.87626 40 70.22033 27.84272 40 68.80014 26.01806 40 67.09898 24.45203 40 65.16327 23.18737 40 63.04579 22.25856 40 60.80432 21.69094 40 58.5 21.5 40 31.5 21.5 40 29.19568 21.69094 40 26.95421 22.25856 40 24.83674 23.18737 40 22.90102 24.45203 40 21.19987 26.01806 40 19.77967 27.84272 40 18.67918 29.87626 40 17.9284 32.0632 40 17.54782 34.34389 40 17.54782 36.65611 40 17.9284 38.93679 40 23.76411 72.48245 40 26.02519 69.26441 40 28.76928 66.44693 40 21.21611 91.47913 40 20.48839 87.61408 40 20.38463 83.68247 40 20.90747 79.78442 40 22.0436 76.01912 40 68.78389 91.47913 40 67.45073 95.17926 40 65.54608 98.62026 40 64.73366 99.65096 40 63.76366 100.535 40 62.66218 101.2485 40 61.45887 101.7723 40 60.18611 102.0924 40 58.87814 102.2 40 31.12186 102.2 40 29.8139 102.0924 40 28.54113 101.7723 40 27.33782 101.2485 40 26.23634 100.535 40 25.26635 99.65096 40 24.45393 98.62026 40 22.54927 95.17926 40 46.88721 32.47626 40 46.54323 34.48233 40 46.54323 34.48233 50 46.5 35.5 40 46.54323 36.51767 50 46.54323 36.51767 40 46.88721 38.52373 50 46.88721 38.52373 40 47.56526 40.44281 50 47.56526 40.44281 40 48.55788 42.21969 50 48.55788 42.21969 40 49.83653 43.80326 50 49.83653 43.80326 40 51.3644 45.14796 50 51.3644 45.14796 40 53.09756 46.21511 50 53.09756 46.21511 40 54.98613 46.974 50 54.98613 46.974 40 56.97579 47.4028 50 56.97579 47.4028 40 59.0093 47.48918 50 59.0093 47.48918 40 61.02815 47.23066 50 61.02815 47.23066 40 62.97428 46.63467 50 62.97428 46.63467 40 64.79169 45.71835 50 64.79169 45.71835 40 66.4281 44.50806 50 66.4281 44.50806 40 67.83644 43.03864 50 67.83644 43.03864 40 68.97618 41.35234 50 68.97618 41.35234 40 69.81453 39.49768 50 69.81453 39.49768 40 70.3274 37.52801 50 70.3274 37.52801 40 70.5 35.5 50 70.5 35.5 40 70.3274 33.47198 50 70.3274 33.47198 40 69.81453 31.50232 50 69.81453 31.50232 40 68.97618 29.64766 50 68.97618 29.64766 40 67.83644 27.96136 50 67.83644 27.96136 40 66.4281 26.49193 50 66.4281 26.49193 40 64.79169 25.28165 50 64.79169 25.28165 40 62.97428 24.36533 50 62.97428 24.36533 40 61.02815 23.76934 50 61.02815 23.76934 40 59.0093 23.51081 50 59.0093 23.51081 40 56.97579 23.59719 50 56.97579 23.59719 40 54.98613 24.026 50 54.98613 24.026 40 53.09756 24.78489 50 53.09756 24.78489 40 51.3644 25.85203 50 51.3644 25.85203 40 49.83653 27.19673 50 49.83653 27.19673 40 48.55788 28.7803 50 48.55788 28.7803 40 47.56526 30.55718 50 47.56526 30.55718 40 46.88721 32.47626 50 58.5 21.5 50 31.5 21.5 50 29.19568 21.69094 50 26.95421 22.25856 50 24.83674 23.18737 50 22.90102 24.45203 50 21.19987 26.01806 50 19.77967 27.84272 50 18.67918 29.87626 50 17.9284 32.0632 50 17.54782 34.34389 50 17.54782 36.65611 50 17.9284 38.93679 50 18.67918 41.12373 50 19.77967 43.15727 50 21.19987 44.98194 50 22.90102 46.54796 50 24.83674 47.81263 50 26.95421 48.74144 50 29.19568 49.30905 50 31.5 49.5 50 58.5 49.5 50 60.80432 49.30905 50 63.04579 48.74144 50 65.16327 47.81263 50 67.09898 46.54796 50 68.80014 44.98194 50 70.22033 43.15727 50 71.32083 41.12373 50 72.07161 38.93679 50 72.45219 36.65611 50 72.45219 34.34389 50 72.07161 32.0632 50 71.32083 29.87626 50 70.22033 27.84272 50 68.80014 26.01806 50 67.09898 24.45203 50 65.16327 23.18737 50 63.04579 22.25856 50 60.80432 21.69094 50 40.83643 27.96136 50 39.4281 26.49193 50 37.79169 25.28165 50 35.97428 24.36533 50 35.97428 46.63467 50 34.02815 47.23066 50 37.79169 45.71835 50 39.4281 44.50806 50 40.83643 43.03864 50 42.81453 31.50232 50 41.97617 29.64766 50 34.02815 23.76934 50 32.0093 23.51081 50 29.97579 23.59719 50 27.98613 24.026 50 26.09756 24.78489 50 24.36441 25.85203 50 22.83653 27.19673 50 21.55789 28.7803 50 20.56526 30.55718 50 19.88721 32.47626 50 19.54323 34.48233 50 19.54323 36.51767 50 19.88721 38.52373 50 20.56526 40.44281 50 21.55789 42.21969 50 22.83653 43.80326 50 24.36441 45.14796 50 26.09756 46.21511 50 27.98613 46.974 50 29.97579 47.4028 50 32.0093 47.48918 50 43.5 35.5 50 43.32739 33.47198 50 43.32739 37.52801 50 42.81453 39.49768 50 41.97617 41.35234 50 19.88721 32.47626 40 19.54323 34.48233 40 19.5 35.5 40 19.54323 36.51767 40 19.88721 38.52373 40 20.56526 40.44281 40 21.55789 42.21969 40 22.83653 43.80326 40 24.36441 45.14796 40 26.09756 46.21511 40 27.98613 46.974 40 29.97579 47.4028 40 32.0093 47.48918 40 34.02815 47.23066 40 35.97428 46.63467 40 37.79169 45.71835 40 39.4281 44.50806 40 40.83643 43.03864 40 41.97617 41.35234 40 42.81453 39.49768 40 43.32739 37.52801 40 43.5 35.5 40 43.32739 33.47198 40 42.81453 31.50232 40 41.97617 29.64766 40 40.83643 27.96136 40 39.4281 26.49193 40 37.79169 25.28165 40 35.97428 24.36533 40 34.02815 23.76934 40 32.0093 23.51081 40 29.97579 23.59719 40 27.98613 24.026 40 26.09756 24.78489 40 24.36441 25.85203 40 22.83653 27.19673 40 21.55789 28.7803 40 20.56526 30.55718 40 54.23457 35.5 40 54.24994 35.13826 40 54.3722 34.4252 40 54.61322 33.74306 40 54.96605 33.11146 40 55.42055 32.54858 40 55.96363 32.07061 40 56.57969 31.69129 40 57.25099 31.42154 40 57.95822 31.26912 40 58.68103 31.23841 40 59.39864 31.33031 40 60.09039 31.54215 40 60.7364 31.86786 40 61.31806 32.29806 40 61.81866 32.82037 40 62.22378 33.41977 40 62.52178 34.07901 40 62.70408 34.77914 40 62.76543 35.5 40 62.70408 36.22086 40 62.52178 36.92098 40 62.22378 37.58023 40 61.81866 38.17963 40 61.31806 38.70193 40 60.7364 39.13213 40 60.09039 39.45784 40 59.39864 39.66969 40 58.68103 39.76158 40 57.95822 39.73088 40 57.25099 39.57846 40 56.57969 39.30871 40 55.96363 38.92939 40 55.42055 38.45141 40 54.96605 37.88853 40 54.61322 37.25693 40 54.3722 36.57479 40 54.24994 35.86173 40 60.76543 35.5 50 60.73284 35.88286 50 58.5 35.5 50 60.47775 34.39516 50 60.63602 34.74529 50 60.73284 35.11714 50 59.68778 33.57092 50 59.99671 33.7994 50 60.26258 34.07681 50 58.59615 33.23661 50 58.97728 33.28541 50 59.34468 33.39793 50 57.48009 33.47714 50 57.83663 33.33387 50 58.21225 33.25292 50 56.62307 34.23141 50 56.86446 33.93246 50 57.1529 33.6786 50 56.24273 35.30788 50 56.30767 34.92916 50 56.43568 34.56686 50 56.43568 36.43313 50 56.30767 36.07083 50 56.24273 35.69212 50 57.1529 37.32139 50 56.86446 37.06753 50 56.62307 36.76858 50 58.21225 37.74708 50 57.83663 37.66613 50 57.48009 37.52286 50 59.34468 37.60206 50 58.97728 37.71458 50 58.59615 37.76338 50 60.26258 36.92318 50 59.99671 37.20059 50 59.68778 37.42908 50 60.63602 36.2547 50 60.47775 36.60483 50 61.04121 35.93573 49.97537 60.93102 36.35893 49.97537 60.75089 36.75742 49.97537 60.50601 37.11973 49.97537 60.20342 37.43545 49.97537 59.85182 37.69549 49.97537 59.46134 37.89237 49.97537 59.0432 38.02043 49.97537 58.60943 38.07597 49.97537 58.17251 38.05741 49.97537 57.74502 37.96528 49.97537 57.33924 37.80223 49.97537 56.96686 37.57294 49.97537 56.63858 37.28402 49.97537 56.36386 36.94378 49.97537 56.15058 36.562 49.97537 56.0049 36.14967 49.97537 55.93099 35.71865 49.97537 55.93099 35.28134 49.97537 56.0049 34.85032 49.97537 56.15058 34.43799 49.97537 56.36386 34.05622 49.97537 56.63858 33.71597 49.97537 56.96686 33.42705 49.97537 57.33924 33.19777 49.97537 57.74502 33.03472 49.97537 58.17251 32.94258 49.97537 58.60943 32.92402 49.97537 59.0432 32.97957 49.97537 59.46134 33.10762 49.97537 59.85182 33.3045 49.97537 60.20342 33.56454 49.97537 60.50601 33.88026 49.97537 60.75089 34.24257 49.97537 60.93102 34.64106 49.97537 61.04121 35.06426 49.97537 61.0783 35.5 49.97537 61.34199 35.9873 49.90211 61.21875 36.46059 49.90211 61.0173 36.90625 49.90211 60.74344 37.31145 49.90211 60.40503 37.66453 49.90211 60.01182 37.95535 49.90211 59.57512 38.17553 49.90211 59.10749 38.31874 49.90211 58.62238 38.38086 49.90211 58.13375 38.36011 49.90211 57.65566 38.25707 49.90211 57.20185 38.07472 49.90211 56.7854 37.81829 49.90211 56.41827 37.49518 49.90211 56.11102 37.11466 49.90211 55.87251 36.6877 49.90211 55.70958 36.22657 49.90211 55.62693 35.74453 49.90211 55.62693 35.25546 49.90211 55.70958 34.77343 49.90211 55.87251 34.31229 49.90211 56.11102 33.88533 49.90211 56.41827 33.50482 49.90211 56.7854 33.1817 49.90211 57.20185 32.92528 49.90211 57.65566 32.74292 49.90211 58.13375 32.63989 49.90211 58.62238 32.61913 49.90211 59.10749 32.68125 49.90211 59.57512 32.82446 49.90211 60.01182 33.04464 49.90211 60.40503 33.33546 49.90211 60.74344 33.68855 49.90211 61.0173 34.09375 49.90211 61.21875 34.5394 49.90211 61.34199 35.01269 49.90211 61.38346 35.5 49.90211 61.62776 36.03631 49.78201 61.49214 36.55718 49.78201 61.27043 37.04765 49.78201 60.96903 37.4936 49.78201 60.59659 37.88219 49.78201 60.16384 38.20225 49.78201 59.68323 38.44457 49.78201 59.16857 38.60218 49.78201 58.63468 38.67055 49.78201 58.09692 38.6477 49.78201 57.57075 38.5343 49.78201 57.07132 38.33362 49.78201 56.61299 38.05141 49.78201 56.20894 37.6958 49.78201 55.8708 37.27703 49.78201 55.6083 36.80713 49.78201 55.42899 36.29962 49.78201 55.33802 35.76912 49.78201 55.33802 35.23087 49.78201 55.42899 34.70037 49.78201 55.6083 34.19287 49.78201 55.8708 33.72296 49.78201 56.20894 33.30419 49.78201 56.61299 32.94858 49.78201 57.07132 32.66638 49.78201 57.57075 32.46569 49.78201 58.09692 32.35229 49.78201 58.63468 32.32945 49.78201 59.16857 32.39781 49.78201 59.68323 32.55542 49.78201 60.16384 32.79774 49.78201 60.59659 33.11781 49.78201 60.96903 33.5064 49.78201 61.27043 33.95234 49.78201 61.49214 34.44281 49.78201 61.62776 34.96369 49.78201 61.67341 35.5 49.78201 61.89151 36.08153 49.61803 61.74444 36.64633 49.61803 61.50404 37.17815 49.61803 61.17722 37.6617 49.61803 60.77338 38.08306 49.61803 60.30414 38.43011 49.61803 59.783 38.69286 49.61803 59.22495 38.86376 49.61803 58.64604 38.9379 49.61803 58.06293 38.91313 49.61803 57.4924 38.79016 49.61803 56.95085 38.57255 49.61803 56.45387 38.26655 49.61803 56.01575 37.88096 49.61803 55.6491 37.42687 49.61803 55.36446 36.91735 49.61803 55.17003 36.36705 49.61803 55.0714 35.79181 49.61803 55.0714 35.20818 49.61803 55.17003 34.63294 49.61803 55.36446 34.08264 49.61803 55.6491 33.57312 49.61803 56.01575 33.11904 49.61803 56.45387 32.73344 49.61803 56.95085 32.42744 49.61803 57.4924 32.20983 49.61803 58.06293 32.08687 49.61803 58.64604 32.0621 49.61803 59.22495 32.13623 49.61803 59.783 32.30713 49.61803 60.30414 32.56988 49.61803 60.77338 32.91693 49.61803 61.17722 33.33829 49.61803 61.50404 33.82184 49.61803 61.74444 34.35366 49.61803 61.89151 34.91847 49.61803 61.941 35.5 49.61803 62.12672 36.12186 49.41421 61.96945 36.72583 49.41421 61.71238 37.29454 49.41421 61.36289 37.81162 49.41421 60.93105 38.2622 49.41421 60.42926 38.63332 49.41421 59.87198 38.91429 49.41421 59.27523 39.09705 49.41421 58.65617 39.17632 49.41421 58.03262 39.14984 49.41421 57.42252 39.01835 49.41421 56.84341 38.78564 49.41421 56.31196 38.45842 49.41421 55.84346 38.04608 49.41421 55.45138 37.5605 49.41421 55.14701 37.01565 49.41421 54.93909 36.42718 49.41421 54.83361 35.81205 49.41421 54.83361 35.18794 49.41421 54.93909 34.57281 49.41421 55.14701 33.98435 49.41421 55.45138 33.43949 49.41421 55.84346 32.95391 49.41421 56.31196 32.54158 49.41421 56.84341 32.21435 49.41421 57.42252 31.98165 49.41421 58.03262 31.85016 49.41421 58.65617 31.82367 49.41421 59.27523 31.90294 49.41421 59.87198 32.0857 49.41421 60.42926 32.36667 49.41421 60.93105 32.73779 49.41421 61.36289 33.18837 49.41421 61.71238 33.70545 49.41421 61.96945 34.27416 49.41421 62.12672 34.87813 49.41421 62.17964 35.5 49.41421 62.32761 36.15631 49.17557 62.16163 36.79373 49.17557 61.89032 37.39394 49.17557 61.52147 37.93967 49.17557 61.06571 38.4152 49.17557 60.53613 38.80688 49.17557 59.94797 39.10342 49.17557 59.31817 39.2963 49.17557 58.66482 39.37996 49.17557 58.00673 39.352 49.17557 57.36283 39.21324 49.17557 56.75165 38.96764 49.17557 56.19076 38.62229 49.17557 55.69631 38.18711 49.17557 55.28252 37.67464 49.17557 54.96128 37.0996 49.17557 54.74185 36.47854 49.17557 54.63053 35.82934 49.17557 54.63053 35.17066 49.17557 54.74185 34.52145 49.17557 54.96128 33.90039 49.17557 55.28252 33.32535 49.17557 55.69631 32.81288 49.17557 56.19076 32.3777 49.17557 56.75165 32.03235 49.17557 57.36283 31.78676 49.17557 58.00673 31.64799 49.17557 58.66482 31.62003 49.17557 59.31817 31.7037 49.17557 59.94797 31.89658 49.17557 60.53613 32.19311 49.17557 61.06571 32.58479 49.17557 61.52147 33.06032 49.17557 61.89032 33.60605 49.17557 62.16163 34.20626 49.17557 62.32761 34.84369 49.17557 62.38346 35.5 49.17557 62.48922 36.18402 48.90798 62.31624 36.84836 48.90798 62.03348 37.47391 48.90798 61.64905 38.04268 48.90798 61.17404 38.5383 48.90798 60.6221 38.94651 48.90798 60.00912 39.25557 48.90798 59.35271 39.4566 48.90798 58.67178 39.54379 48.90798 57.9859 39.51465 48.90798 57.31482 39.37002 48.90798 56.67783 39.11406 48.90798 56.09326 38.75413 48.90798 55.57793 38.30058 48.90798 55.14665 37.76646 48.90798 54.81186 37.16714 48.90798 54.58316 36.51986 48.90798 54.46714 35.84324 48.90798 54.46714 35.15675 48.90798 54.58316 34.48013 48.90798 54.81186 33.83285 48.90798 55.14665 33.23353 48.90798 55.57793 32.69941 48.90798 56.09326 32.24587 48.90798 56.67783 31.88593 48.90798 57.31482 31.62997 48.90798 57.9859 31.48534 48.90798 58.67178 31.4562 48.90798 59.35271 31.5434 48.90798 60.00912 31.74442 48.90798 60.6221 32.05348 48.90798 61.17404 32.4617 48.90798 61.64905 32.95731 48.90798 62.03348 33.52608 48.90798 62.31624 34.15163 48.90798 62.48922 34.81597 48.90798 62.54744 35.5 48.90798 62.6076 36.20431 48.61803 62.42948 36.88837 48.61803 62.13832 37.53248 48.61803 61.7425 38.11813 48.61803 61.25339 38.62845 48.61803 60.68507 39.04878 48.61803 60.0539 39.36701 48.61803 59.37802 39.574 48.61803 58.67687 39.66378 48.61803 57.97065 39.63378 48.61803 57.27965 39.48486 48.61803 56.62376 39.2213 48.61803 56.02184 38.85069 48.61803 55.49122 38.38368 48.61803 55.04715 37.83372 48.61803 54.70242 37.21661 48.61803 54.46693 36.55012 48.61803 54.34747 35.85343 48.61803 54.34747 35.14656 48.61803 54.46693 34.44987 48.61803 54.70242 33.78338 48.61803 55.04715 33.16628 48.61803 55.49122 32.61631 48.61803 56.02184 32.14931 48.61803 56.62376 31.77869 48.61803 57.27965 31.51513 48.61803 57.97065 31.36621 48.61803 58.67687 31.33621 48.61803 59.37802 31.42599 48.61803 60.0539 31.63298 48.61803 60.68507 31.95122 48.61803 61.25339 32.37154 48.61803 61.7425 32.88186 48.61803 62.13832 33.46751 48.61803 62.42948 34.11162 48.61803 62.6076 34.79568 48.61803 62.66754 35.5 48.61803 62.6798 36.2167 48.31287 62.49856 36.91278 48.31287 62.20228 37.56822 48.31287 61.7995 38.16415 48.31287 61.30179 38.68345 48.31287 60.72349 39.11117 48.31287 60.08121 39.43499 48.31287 59.39345 39.64562 48.31287 58.67998 39.73698 48.31287 57.96134 39.70645 48.31287 57.2582 39.55491 48.31287 56.59077 39.28672 48.31287 55.97828 38.90959 48.31287 55.43833 38.43437 48.31287 54.98645 37.87474 48.31287 54.63566 37.24679 48.31287 54.39603 36.56859 48.31287 54.27447 35.85964 48.31287 54.27447 35.14035 48.31287 54.39603 34.43141 48.31287 54.63566 33.7532 48.31287 54.98645 33.12525 48.31287 55.43833 32.56562 48.31287 55.97828 32.0904 48.31287 56.59077 31.71327 48.31287 57.2582 31.44508 48.31287 57.96134 31.29354 48.31287 58.67998 31.26301 48.31287 59.39345 31.35438 48.31287 60.08121 31.565 48.31287 60.72349 31.88883 48.31287 61.30179 32.31654 48.31287 61.7995 32.83584 48.31287 62.20228 33.43178 48.31287 62.49856 34.08721 48.31287 62.6798 34.7833 48.31287 62.74081 35.5 48.31287 62.70408 36.22086 48 62.52178 36.92098 48 62.22378 37.58023 48 61.81866 38.17963 48 61.31806 38.70193 48 60.7364 39.13213 48 60.09039 39.45784 48 59.39864 39.66969 48 58.68103 39.76158 48 57.95822 39.73088 48 57.25099 39.57846 48 56.57969 39.30871 48 55.96363 38.92939 48 55.42055 38.45141 48 54.96605 37.88853 48 54.61322 37.25693 48 54.3722 36.57479 48 54.24994 35.86173 48 54.24994 35.13826 48 54.3722 34.4252 48 54.61322 33.74306 48 54.96605 33.11146 48 55.42055 32.54858 48 55.96363 32.07061 48 56.57969 31.69129 48 57.25099 31.42154 48 57.95822 31.26912 48 58.68103 31.23841 48 59.39864 31.33031 48 60.09039 31.54215 48 60.7364 31.86786 48 61.31806 32.29806 48 61.81866 32.82037 48 62.22378 33.41977 48 62.52178 34.07901 48 62.70408 34.77914 48 62.76543 35.5 48 41.25 96.2 40 41.25 96.2 50 41.18887 96.91825 40 41.18887 96.91825 50 41.00723 97.61585 40 41.00723 97.61585 50 40.71031 98.2727 40 40.71031 98.2727 50 40.30665 98.86994 40 40.30665 98.86994 50 39.80787 99.39035 40 39.80787 99.39035 50 39.2283 99.819 40 39.2283 99.819 50 38.58464 100.1435 40 38.58464 100.1435 50 37.89539 100.3546 40 37.89539 100.3546 50 37.18038 100.4462 40 37.18038 100.4462 50 36.46017 100.4156 40 36.46017 100.4156 50 35.7555 100.2637 40 35.7555 100.2637 50 35.08663 99.99494 40 35.08663 99.99494 50 34.47281 99.61699 40 34.47281 99.61699 50 33.93169 99.14074 40 33.93169 99.14074 50 33.47883 98.57989 40 33.47883 98.57989 50 33.12728 97.95058 40 33.12728 97.95058 50 32.88714 97.27091 40 32.88714 97.27091 50 32.76531 96.56043 40 32.76531 96.56043 50 32.75 96.2 40 32.75 96.2 50 32.76531 95.83958 40 32.76531 95.83958 50 32.88714 95.12909 40 32.88714 95.12909 50 33.12728 94.44942 40 33.12728 94.44942 50 33.47883 93.82011 40 33.47883 93.82011 50 33.93169 93.25926 40 33.93169 93.25926 50 34.47281 92.78302 40 34.47281 92.78302 50 35.08663 92.40506 40 35.08663 92.40506 50 35.7555 92.13629 40 35.7555 92.13629 50 36.46017 91.98442 40 36.46017 91.98442 50 37.18038 91.95383 40 37.18038 91.95383 50 37.89539 92.04539 40 37.89539 92.04539 50 38.58464 92.25647 40 38.58464 92.25647 50 39.2283 92.581 40 39.2283 92.581 50 39.80787 93.00964 40 39.80787 93.00964 50 40.30665 93.53006 40 40.30665 93.53006 50 40.71031 94.1273 40 40.71031 94.1273 50 41.00723 94.78416 40 41.00723 94.78416 50 41.18887 95.48175 40 41.18887 95.48175 50 24.45393 98.62026 50 25.26635 99.65096 50 26.23634 100.535 50 27.33782 101.2485 50 28.54113 101.7723 50 29.8139 102.0924 50 31.12186 102.2 50 53 102.2 50 58.87814 102.2 50 31.375 102.2 50 37 102.2 50 45 102.2 50 47.375 102.2 50 60.18611 102.0924 50 61.45887 101.7723 50 62.66218 101.2485 50 63.76366 100.535 50 64.73366 99.65096 50 65.54608 98.62026 50 67.45073 95.17926 50 68.78389 91.47913 50 69.51161 87.61408 50 69.61538 83.68247 50 69.09254 79.78442 50 67.95641 76.01912 50 66.2359 72.48245 50 63.97482 69.26441 50 61.23072 66.44693 50 58.07346 64.10174 50 54.5834 62.28852 50 50.84939 61.05345 50 46.96648 60.42795 50 45 60.34939 50 43.03352 60.42795 50 39.15061 61.05345 50 35.4166 62.28852 50 31.92654 64.10174 50 28.76928 66.44693 50 26.02519 69.26441 50 23.76411 72.48245 50 22.0436 76.01912 50 20.90747 79.78442 50 20.38463 83.68247 50 20.48839 87.61408 50 21.21611 91.47913 50 22.54927 95.17926 50 54.22587 83.23616 40 54.02522 84.40636 40 54.02522 84.40636 50 54 85 40 54.02522 85.59364 50 54.02522 85.59364 40 54.22587 86.76385 50 54.22587 86.76385 40 54.6214 87.88331 50 54.6214 87.88331 40 55.20043 88.91983 50 55.20043 88.91983 40 55.94631 89.84357 50 55.94631 89.84357 40 56.83757 90.62798 50 56.83757 90.62798 40 57.84857 91.25048 50 57.84857 91.25048 40 58.95024 91.69316 50 58.95024 91.69316 40 60.11088 91.9433 50 60.11088 91.9433 40 61.29709 91.99369 50 61.29709 91.99369 40 62.47476 91.84289 50 62.47476 91.84289 40 63.61 91.49523 50 63.61 91.49523 40 64.67015 90.9607 50 64.67015 90.9607 40 65.62473 90.25471 50 65.62473 90.25471 40 66.44625 89.39754 50 66.44625 89.39754 40 67.1111 88.41387 50 67.1111 88.41387 40 67.60015 87.33198 50 67.60015 87.33198 40 67.89932 86.18301 50 67.89932 86.18301 40 68 85 50 68 85 40 67.89932 83.817 50 67.89932 83.817 40 67.60015 82.66802 50 67.60015 82.66802 40 67.1111 81.58614 50 67.1111 81.58614 40 66.44625 80.60246 50 66.44625 80.60246 40 65.62473 79.7453 50 65.62473 79.7453 40 64.67015 79.03929 50 64.67015 79.03929 40 63.61 78.50478 50 63.61 78.50478 40 62.47476 78.15711 50 62.47476 78.15711 40 61.29709 78.0063 50 61.29709 78.0063 40 60.11088 78.0567 50 60.11088 78.0567 40 58.95024 78.30683 50 58.95024 78.30683 40 57.84857 78.74952 50 57.84857 78.74952 40 56.83757 79.37202 50 56.83757 79.37202 40 55.94631 80.15643 50 55.94631 80.15643 40 55.20043 81.08018 50 55.20043 81.08018 40 54.6214 82.11669 50 54.6214 82.11669 40 54.22587 83.23616 50 48.88714 95.12909 40 48.76531 95.83958 40 48.76531 95.83958 50 48.75 96.2 40 48.76531 96.56043 50 48.76531 96.56043 40 48.88714 97.27091 50 48.88714 97.27091 40 49.12728 97.95058 50 49.12728 97.95058 40 49.47883 98.57989 50 49.47883 98.57989 40 49.93169 99.14074 50 49.93169 99.14074 40 50.47281 99.61699 50 50.47281 99.61699 40 51.08663 99.99494 50 51.08663 99.99494 40 51.7555 100.2637 50 51.7555 100.2637 40 52.46017 100.4156 50 52.46017 100.4156 40 53.18038 100.4462 50 53.18038 100.4462 40 53.89539 100.3546 50 53.89539 100.3546 40 54.58464 100.1435 50 54.58464 100.1435 40 55.22831 99.819 50 55.22831 99.819 40 55.80787 99.39035 50 55.80787 99.39035 40 56.30665 98.86994 50 56.30665 98.86994 40 56.71031 98.2727 50 56.71031 98.2727 40 57.00723 97.61585 50 57.00723 97.61585 40 57.18887 96.91825 50 57.18887 96.91825 40 57.25 96.2 50 57.25 96.2 40 57.18887 95.48175 50 57.18887 95.48175 40 57.00723 94.78416 50 57.00723 94.78416 40 56.71031 94.1273 50 56.71031 94.1273 40 56.30665 93.53006 50 56.30665 93.53006 40 55.80787 93.00964 50 55.80787 93.00964 40 55.22831 92.581 50 55.22831 92.581 40 54.58464 92.25647 50 54.58464 92.25647 40 53.89539 92.04539 50 53.89539 92.04539 40 53.18038 91.95383 50 53.18038 91.95383 40 52.46017 91.98442 50 52.46017 91.98442 40 51.7555 92.13629 50 51.7555 92.13629 40 51.08663 92.40506 50 51.08663 92.40506 40 50.47281 92.78302 50 50.47281 92.78302 40 49.93169 93.25926 50 49.93169 93.25926 40 49.47883 93.82011 50 49.47883 93.82011 40 49.12728 94.44942 50 49.12728 94.44942 40 48.88714 95.12909 50 38.22587 83.23616 40 38.02522 84.40636 40 38.02522 84.40636 50 38 85 40 38.02522 85.59364 50 38.02522 85.59364 40 38.22587 86.76385 50 38.22587 86.76385 40 38.6214 87.88331 50 38.6214 87.88331 40 39.20043 88.91983 50 39.20043 88.91983 40 39.94631 89.84357 50 39.94631 89.84357 40 40.83757 90.62798 50 40.83757 90.62798 40 41.84857 91.25048 50 41.84857 91.25048 40 42.95024 91.69316 50 42.95024 91.69316 40 44.11088 91.9433 50 44.11088 91.9433 40 45.29709 91.99369 50 45.29709 91.99369 40 46.47476 91.84289 50 46.47476 91.84289 40 47.61 91.49523 50 47.61 91.49523 40 48.67015 90.9607 50 48.67015 90.9607 40 49.62472 90.25471 50 49.62472 90.25471 40 50.44625 89.39754 50 50.44625 89.39754 40 51.1111 88.41387 50 51.1111 88.41387 40 51.60014 87.33198 50 51.60014 87.33198 40 51.89931 86.18301 50 51.89931 86.18301 40 52 85 50 52 85 40 51.89931 83.817 50 51.89931 83.817 40 51.60014 82.66802 50 51.60014 82.66802 40 51.1111 81.58614 50 51.1111 81.58614 40 50.44625 80.60246 50 50.44625 80.60246 40 49.62472 79.7453 50 49.62472 79.7453 40 48.67015 79.03929 50 48.67015 79.03929 40 47.61 78.50478 50 47.61 78.50478 40 46.47476 78.15711 50 46.47476 78.15711 40 45.29709 78.0063 50 45.29709 78.0063 40 44.11088 78.0567 50 44.11088 78.0567 40 42.95024 78.30683 50 42.95024 78.30683 40 41.84857 78.74952 50 41.84857 78.74952 40 40.83757 79.37202 50 40.83757 79.37202 40 39.94631 80.15643 50 39.94631 80.15643 40 39.20043 81.08018 50 39.20043 81.08018 40 38.6214 82.11669 50 38.6214 82.11669 40 38.22587 83.23616 50 22.22587 83.23616 40 22.02522 84.40636 40 22.02522 84.40636 50 22 85 40 22.02522 85.59364 50 22.02522 85.59364 40 22.22587 86.76385 50 22.22587 86.76385 40 22.6214 87.88331 50 22.6214 87.88331 40 23.20043 88.91983 50 23.20043 88.91983 40 23.94631 89.84357 50 23.94631 89.84357 40 24.83757 90.62798 50 24.83757 90.62798 40 25.84858 91.25048 50 25.84858 91.25048 40 26.95024 91.69316 50 26.95024 91.69316 40 28.11088 91.9433 50 28.11088 91.9433 40 29.29709 91.99369 50 29.29709 91.99369 40 30.47476 91.84289 50 30.47476 91.84289 40 31.61 91.49523 50 31.61 91.49523 40 32.67015 90.9607 50 32.67015 90.9607 40 33.62472 90.25471 50 33.62472 90.25471 40 34.44625 89.39754 50 34.44625 89.39754 40 35.1111 88.41387 50 35.1111 88.41387 40 35.60014 87.33198 50 35.60014 87.33198 40 35.89931 86.18301 50 35.89931 86.18301 40 36 85 50 36 85 40 35.89931 83.817 50 35.89931 83.817 40 35.60014 82.66802 50 35.60014 82.66802 40 35.1111 81.58614 50 35.1111 81.58614 40 34.44625 80.60246 50 34.44625 80.60246 40 33.62472 79.7453 50 33.62472 79.7453 40 32.67015 79.03929 50 32.67015 79.03929 40 31.61 78.50478 50 31.61 78.50478 40 30.47476 78.15711 50 30.47476 78.15711 40 29.29709 78.0063 50 29.29709 78.0063 40 28.11088 78.0567 50 28.11088 78.0567 40 26.95024 78.30683 50 26.95024 78.30683 40 25.84858 78.74952 50 25.84858 78.74952 40 24.83757 79.37202 50 24.83757 79.37202 40 23.94631 80.15643 50 23.94631 80.15643 40 23.20043 81.08018 50 23.20043 81.08018 40 22.6214 82.11669 50 22.6214 82.11669 40 22.22587 83.23616 50 30.22587 69.43615 40 30.02522 70.60636 40 30.02522 70.60636 50 30 71.2 40 30.02522 71.79364 50 30.02522 71.79364 40 30.22587 72.96385 50 30.22587 72.96385 40 30.6214 74.08331 50 30.6214 74.08331 40 31.20043 75.11982 50 31.20043 75.11982 40 31.94631 76.04357 50 31.94631 76.04357 40 32.83757 76.82798 50 32.83757 76.82798 40 33.84857 77.45048 50 33.84857 77.45048 40 34.95024 77.89317 50 34.95024 77.89317 40 36.11088 78.14331 50 36.11088 78.14331 40 37.29709 78.19369 50 37.29709 78.19369 40 38.47476 78.04289 50 38.47476 78.04289 40 39.61 77.69522 50 39.61 77.69522 40 40.67015 77.1607 50 40.67015 77.1607 40 41.62472 76.45471 50 41.62472 76.45471 40 42.44625 75.59754 50 42.44625 75.59754 40 43.1111 74.61386 50 43.1111 74.61386 40 43.60014 73.53198 50 43.60014 73.53198 40 43.89931 72.38301 50 43.89931 72.38301 40 44 71.2 50 44 71.2 40 43.89931 70.01699 50 43.89931 70.01699 40 43.60014 68.86802 50 43.60014 68.86802 40 43.1111 67.78614 50 43.1111 67.78614 40 42.44625 66.80246 50 42.44625 66.80246 40 41.62472 65.94529 50 41.62472 65.94529 40 40.67015 65.2393 50 40.67015 65.2393 40 39.61 64.70478 50 39.61 64.70478 40 38.47476 64.35711 50 38.47476 64.35711 40 37.29709 64.20631 50 37.29709 64.20631 40 36.11088 64.25669 50 36.11088 64.25669 40 34.95024 64.50683 50 34.95024 64.50683 40 33.84857 64.94952 50 33.84857 64.94952 40 32.83757 65.57202 50 32.83757 65.57202 40 31.94631 66.35643 50 31.94631 66.35643 40 31.20043 67.28018 50 31.20043 67.28018 40 30.6214 68.31669 50 30.6214 68.31669 40 30.22587 69.43615 50 31.375 96.225 50 59.89931 72.38301 50 60 71.2 50 45 96.225 50 37 85.075 50 53 85.075 50 53.29709 78.19369 50 54.47476 78.04289 50 55.61 77.69522 50 58.44625 75.59754 50 59.1111 74.61386 50 59.60014 73.53198 50 56.67015 77.1607 50 57.62472 76.45471 50 59.89931 70.01699 50 59.60014 68.86802 50 59.1111 67.78614 50 58.44625 66.80246 50 55.61 64.70478 50 56.67015 65.2393 50 57.62472 65.94529 50 54.47476 64.35711 50 53.29709 64.20631 50 52.11088 64.25669 50 50.95024 64.50683 50 49.84857 64.94952 50 48.83757 65.57202 50 47.94631 66.35643 50 47.20043 67.28018 50 45 71.1 50 21.1747 85.075 50 47.375 96.225 50 48.83757 76.82798 50 49.84857 77.45048 50 50.95024 77.89317 50 52.11088 78.14331 50 46.6214 68.31669 50 46.22587 69.43615 50 46.02522 70.60636 50 46.02522 71.79364 50 46.22587 72.96385 50 46.6214 74.08331 50 47.20043 75.11982 50 47.94631 76.04357 50 46.22587 69.43615 40 46.02522 70.60636 40 46 71.2 40 46.02522 71.79364 40 46.22587 72.96385 40 46.6214 74.08331 40 47.20043 75.11982 40 47.94631 76.04357 40 48.83757 76.82798 40 49.84857 77.45048 40 50.95024 77.89317 40 52.11088 78.14331 40 53.29709 78.19369 40 54.47476 78.04289 40 55.61 77.69522 40 56.67015 77.1607 40 57.62472 76.45471 40 58.44625 75.59754 40 59.1111 74.61386 40 59.60014 73.53198 40 59.89931 72.38301 40 60 71.2 40 59.89931 70.01699 40 59.60014 68.86802 40 59.1111 67.78614 40 58.44625 66.80246 40 57.62472 65.94529 40 56.67015 65.2393 40 55.61 64.70478 40 54.47476 64.35711 40 53.29709 64.20631 40 52.11088 64.25669 40 50.95024 64.50683 40 49.84857 64.94952 40 48.83757 65.57202 40 47.94631 66.35643 40 47.20043 67.28018 40 46.6214 68.31669 40 34 71.2 40 34.01081 70.94558 40 34.0968 70.44406 40 34.26631 69.9643 40 34.51447 69.52008 40 34.83413 69.12419 40 35.2161 68.78801 40 35.64939 68.52122 40 36.12153 68.3315 40 36.61895 68.2243 40 37.12733 68.2027 40 37.63204 68.26734 40 38.11857 68.41633 40 38.57292 68.64541 40 38.98202 68.94799 40 39.33411 69.31534 40 39.61904 69.73692 40 39.82863 70.20058 40 39.95685 70.693 40 40 71.2 40 39.95685 71.707 40 39.82863 72.19942 40 39.61904 72.66309 40 39.33411 73.08466 40 38.98202 73.45201 40 38.57292 73.75459 40 38.11857 73.98367 40 37.63204 74.13266 40 37.12733 74.1973 40 36.61895 74.1757 40 36.12153 74.0685 40 35.64939 73.87878 40 35.2161 73.61199 40 34.83413 73.27581 40 34.51447 72.87992 40 34.26631 72.4357 40 34.0968 71.95594 40 34.01081 71.45442 40 38 71.2 50 37.98562 71.369 50 37 71.2 50 37.87302 70.71231 50 37.94288 70.86686 50 37.98562 71.031 50 37.52431 70.34847 50 37.66067 70.44933 50 37.77804 70.57178 50 37.04244 70.2009 50 37.21068 70.22245 50 37.37286 70.27211 50 36.5498 70.30708 50 36.70718 70.24383 50 36.87298 70.2081 50 36.17149 70.64002 50 36.27804 70.50806 50 36.40537 70.39601 50 36.0036 71.11519 50 36.03227 70.94802 50 36.08877 70.7881 50 36.08877 71.6119 50 36.03227 71.45198 50 36.0036 71.28481 50 36.40537 72.004 50 36.27804 71.89194 50 36.17149 71.75997 50 36.87298 72.1919 50 36.70718 72.15617 50 36.5498 72.09293 50 37.37286 72.12789 50 37.21068 72.17755 50 37.04244 72.1991 50 37.77804 71.82822 50 37.66067 71.95067 50 37.52431 72.05153 50 37.94288 71.53314 50 37.87302 71.68769 50 38.29399 71.42188 49.97537 38.23788 71.63737 49.97537 38.14616 71.84028 49.97537 38.02146 72.02477 49.97537 37.86738 72.18553 49.97537 37.68835 72.31795 49.97537 37.48951 72.4182 49.97537 37.27659 72.4834 49.97537 37.05572 72.51168 49.97537 36.83324 72.50224 49.97537 36.61556 72.45532 49.97537 36.40894 72.37229 49.97537 36.21932 72.25554 49.97537 36.05217 72.10842 49.97537 35.91228 71.93518 49.97537 35.80368 71.74077 49.97537 35.72949 71.53082 49.97537 35.69186 71.31134 49.97537 35.69186 71.08866 49.97537 35.72949 70.86919 49.97537 35.80368 70.65923 49.97537 35.91228 70.46482 49.97537 36.05217 70.29158 49.97537 36.21932 70.14446 49.97537 36.40894 70.0277 49.97537 36.61556 69.94468 49.97537 36.83324 69.89777 49.97537 37.05572 69.88832 49.97537 37.27659 69.9166 49.97537 37.48951 69.98181 49.97537 37.68835 70.08206 49.97537 37.86738 70.21446 49.97537 38.02146 70.37523 49.97537 38.14616 70.55972 49.97537 38.23788 70.76263 49.97537 38.29399 70.97812 49.97537 38.31287 71.2 49.97537 38.59476 71.47345 49.90211 38.52561 71.73903 49.90211 38.41257 71.98911 49.90211 38.25889 72.21648 49.90211 38.069 72.41461 49.90211 37.84835 72.5778 49.90211 37.6033 72.70136 49.90211 37.34089 72.78172 49.90211 37.06867 72.81658 49.90211 36.79448 72.80493 49.90211 36.5262 72.74711 49.90211 36.27156 72.64479 49.90211 36.03786 72.5009 49.90211 35.83185 72.31958 49.90211 35.65945 72.10606 49.90211 35.5256 71.86647 49.90211 35.43418 71.60771 49.90211 35.38779 71.33722 49.90211 35.38779 71.06278 49.90211 35.43418 70.79229 49.90211 35.5256 70.53353 49.90211 35.65945 70.29394 49.90211 35.83185 70.08042 49.90211 36.03786 69.8991 49.90211 36.27156 69.75521 49.90211 36.5262 69.65289 49.90211 36.79448 69.59507 49.90211 37.06867 69.58342 49.90211 37.34089 69.61828 49.90211 37.6033 69.69864 49.90211 37.84835 69.8222 49.90211 38.069 69.98538 49.90211 38.25889 70.18352 49.90211 38.41257 70.41089 49.90211 38.52561 70.66097 49.90211 38.59476 70.92655 49.90211 38.61803 71.2 49.90211 38.88054 71.52245 49.78201 38.79899 71.83563 49.78201 38.66569 72.13051 49.78201 38.48448 72.39863 49.78201 38.26055 72.63227 49.78201 38.00037 72.8247 49.78201 37.7114 72.97039 49.78201 37.40197 73.06516 49.78201 37.08098 73.10626 49.78201 36.75765 73.09252 49.78201 36.4413 73.02435 49.78201 36.14102 72.90369 49.78201 35.86545 72.73401 49.78201 35.62252 72.52021 49.78201 35.41922 72.26842 49.78201 35.26139 71.9859 49.78201 35.15359 71.68077 49.78201 35.09889 71.36181 49.78201 35.09889 71.0382 49.78201 35.15359 70.71923 49.78201 35.26139 70.4141 49.78201 35.41922 70.13158 49.78201 35.62252 69.87979 49.78201 35.86545 69.66599 49.78201 36.14102 69.49632 49.78201 36.4413 69.37565 49.78201 36.75765 69.30747 49.78201 37.08098 69.29374 49.78201 37.40197 69.33484 49.78201 37.7114 69.42961 49.78201 38.00037 69.5753 49.78201 38.26055 69.76773 49.78201 38.48448 70.00137 49.78201 38.66569 70.26949 49.78201 38.79899 70.56438 49.78201 38.88054 70.87755 49.78201 38.90798 71.2 49.78201 39.14428 71.56768 49.61803 39.0513 71.92477 49.61803 38.89931 72.26101 49.61803 38.69267 72.56674 49.61803 38.43735 72.83314 49.61803 38.14067 73.05256 49.61803 37.81118 73.21869 49.61803 37.45835 73.32674 49.61803 37.09233 73.37361 49.61803 36.72367 73.35795 49.61803 36.36294 73.28021 49.61803 36.02055 73.14263 49.61803 35.70634 72.94915 49.61803 35.42934 72.70536 49.61803 35.19752 72.41826 49.61803 35.01756 72.09612 49.61803 34.89463 71.74819 49.61803 34.83227 71.3845 49.61803 34.83227 71.0155 49.61803 34.89463 70.6518 49.61803 35.01756 70.30388 49.61803 35.19752 69.98174 49.61803 35.42934 69.69464 49.61803 35.70634 69.45085 49.61803 36.02055 69.25738 49.61803 36.36294 69.11979 49.61803 36.72367 69.04205 49.61803 37.09233 69.02639 49.61803 37.45835 69.07326 49.61803 37.81118 69.18132 49.61803 38.14067 69.34744 49.61803 38.43735 69.56686 49.61803 38.69267 69.83326 49.61803 38.89931 70.13899 49.61803 39.0513 70.47523 49.61803 39.14428 70.83232 49.61803 39.17557 71.2 49.61803 39.37949 71.608 49.41421 39.27631 72.00427 49.41421 39.10764 72.3774 49.41421 38.87834 72.71665 49.41421 38.59501 73.01229 49.41421 38.26579 73.25577 49.41421 37.90016 73.44012 49.41421 37.50862 73.56003 49.41421 37.10246 73.61204 49.41421 36.69335 73.59466 49.41421 36.29306 73.50839 49.41421 35.91311 73.35572 49.41421 35.56443 73.14102 49.41421 35.25704 72.87049 49.41421 34.9998 72.5519 49.41421 34.8001 72.19441 49.41421 34.66369 71.80833 49.41421 34.59449 71.40474 49.41421 34.59449 70.99526 49.41421 34.66369 70.59167 49.41421 34.8001 70.20558 49.41421 34.9998 69.8481 49.41421 35.25704 69.52951 49.41421 35.56443 69.25898 49.41421 35.91311 69.04428 49.41421 36.29306 68.89161 49.41421 36.69335 68.80534 49.41421 37.10246 68.78796 49.41421 37.50862 68.83998 49.41421 37.90016 68.95988 49.41421 38.26579 69.14423 49.41421 38.59501 69.38771 49.41421 38.87834 69.68334 49.41421 39.10764 70.0226 49.41421 39.27631 70.39573 49.41421 39.37949 70.79199 49.41421 39.41421 71.2 49.41421 39.58038 71.64245 49.17557 39.46849 72.07217 49.17557 39.28558 72.4768 49.17557 39.03693 72.8447 49.17557 38.72967 73.16529 49.17557 38.37265 73.42933 49.17557 37.97615 73.62924 49.17557 37.55157 73.75927 49.17557 37.11111 73.81568 49.17557 36.66746 73.79683 49.17557 36.23338 73.70328 49.17557 35.82135 73.53771 49.17557 35.44323 73.3049 49.17557 35.1099 73.01152 49.17557 34.83094 72.66603 49.17557 34.61437 72.27837 49.17557 34.46644 71.85969 49.17557 34.3914 71.42202 49.17557 34.3914 70.97798 49.17557 34.46644 70.54032 49.17557 34.61437 70.12163 49.17557 34.83094 69.73397 49.17557 35.1099 69.38848 49.17557 35.44323 69.09511 49.17557 35.82135 68.86229 49.17557 36.23338 68.69673 49.17557 36.66746 68.60317 49.17557 37.11111 68.58432 49.17557 37.55157 68.64073 49.17557 37.97615 68.77075 49.17557 38.37265 68.97067 49.17557 38.72967 69.23471 49.17557 39.03693 69.5553 49.17557 39.28558 69.9232 49.17557 39.46849 70.32783 49.17557 39.58038 70.75755 49.17557 39.61803 71.2 49.17557 39.742 71.67016 48.90798 39.6231 72.1268 48.90798 39.42874 72.55677 48.90798 39.16451 72.94772 48.90798 38.83801 73.28838 48.90798 38.45863 73.56896 48.90798 38.03729 73.7814 48.90798 37.58611 73.91957 48.90798 37.11807 73.97951 48.90798 36.64664 73.95948 48.90798 36.18536 73.86007 48.90798 35.74753 73.68413 48.90798 35.34572 73.43673 48.90798 34.99151 73.12498 48.90798 34.69507 72.75786 48.90798 34.46495 72.34591 48.90798 34.30776 71.901 48.90798 34.22801 71.43593 48.90798 34.22801 70.96407 48.90798 34.30776 70.499 48.90798 34.46495 70.05409 48.90798 34.69507 69.64215 48.90798 34.99151 69.27502 48.90798 35.34572 68.96327 48.90798 35.74753 68.71587 48.90798 36.18536 68.53993 48.90798 36.64664 68.44052 48.90798 37.11807 68.4205 48.90798 37.58611 68.48043 48.90798 38.03729 68.6186 48.90798 38.45863 68.83103 48.90798 38.83801 69.11162 48.90798 39.16451 69.45228 48.90798 39.42874 69.84323 48.90798 39.6231 70.2732 48.90798 39.742 70.72984 48.90798 39.78201 71.2 48.90798 39.86037 71.69046 48.61803 39.73634 72.16681 48.61803 39.53359 72.61534 48.61803 39.25795 73.02317 48.61803 38.91735 73.37854 48.61803 38.5216 73.67124 48.61803 38.08207 73.89284 48.61803 37.61141 74.03697 48.61803 37.12317 74.0995 48.61803 36.63138 74.07861 48.61803 36.15019 73.9749 48.61803 35.69346 73.79137 48.61803 35.27431 73.53329 48.61803 34.9048 73.20809 48.61803 34.59557 72.82511 48.61803 34.35551 72.39538 48.61803 34.19153 71.93127 48.61803 34.10834 71.44612 48.61803 34.10834 70.95388 48.61803 34.19153 70.46873 48.61803 34.35551 70.00462 48.61803 34.59557 69.57489 48.61803 34.9048 69.19191 48.61803 35.27431 68.86671 48.61803 35.69346 68.60863 48.61803 36.15019 68.4251 48.61803 36.63138 68.32139 48.61803 37.12317 68.3005 48.61803 37.61141 68.36302 48.61803 38.08207 68.50716 48.61803 38.5216 68.72877 48.61803 38.91735 69.02146 48.61803 39.25795 69.37683 48.61803 39.53359 69.78466 48.61803 39.73634 70.23319 48.61803 39.86037 70.70954 48.61803 39.90211 71.2 48.61803 39.93258 71.70284 48.31287 39.80541 72.19122 48.31287 39.59755 72.65108 48.31287 39.31495 73.06919 48.31287 38.96576 73.43354 48.31287 38.56001 73.73362 48.31287 38.10939 73.96082 48.31287 37.62685 74.10859 48.31287 37.12628 74.17269 48.31287 36.62208 74.15128 48.31287 36.12874 74.04496 48.31287 35.66048 73.85679 48.31287 35.23074 73.5922 48.31287 34.85191 73.25878 48.31287 34.53487 72.86614 48.31287 34.28875 72.42556 48.31287 34.12063 71.94973 48.31287 34.03534 71.45233 48.31287 34.03534 70.94767 48.31287 34.12063 70.45027 48.31287 34.28875 69.97444 48.31287 34.53487 69.53386 48.31287 34.85191 69.14122 48.31287 35.23074 68.8078 48.31287 35.66048 68.54321 48.31287 36.12874 68.35504 48.31287 36.62208 68.24872 48.31287 37.12628 68.22731 48.31287 37.62685 68.29141 48.31287 38.10939 68.43918 48.31287 38.56001 68.66638 48.31287 38.96576 68.96646 48.31287 39.31495 69.33081 48.31287 39.59755 69.74893 48.31287 39.80541 70.20878 48.31287 39.93258 70.69716 48.31287 39.97538 71.2 48.31287 39.95685 71.707 48 39.82863 72.19942 48 39.61904 72.66309 48 39.33411 73.08466 48 38.98202 73.45201 48 38.57292 73.75459 48 38.11857 73.98367 48 37.63204 74.13266 48 37.12733 74.1973 48 36.61895 74.1757 48 36.12153 74.0685 48 35.64939 73.87878 48 35.2161 73.61199 48 34.83413 73.27581 48 34.51447 72.87992 48 34.26631 72.4357 48 34.0968 71.95594 48 34.01081 71.45442 48 34.01081 70.94558 48 34.0968 70.44406 48 34.26631 69.9643 48 34.51447 69.52008 48 34.83413 69.12419 48 35.2161 68.78801 48 35.64939 68.52122 48 36.12153 68.3315 48 36.61895 68.2243 48 37.12733 68.2027 48 37.63204 68.26734 48 38.11857 68.41633 48 38.57292 68.64541 48 38.98202 68.94799 48 39.33411 69.31534 48 39.61904 69.73692 48 39.82863 70.20058 48 39.95685 70.693 48 40 71.2 48 26.83413 87.07582 40 26.51447 86.67993 40 26.26632 86.23571 40 26.0968 85.75593 40 26.01081 85.25442 40 26 85 40 26.01081 84.74559 40 26.0968 84.24407 40 26.26632 83.7643 40 26.51447 83.32008 40 26.83413 82.92418 40 27.2161 82.58801 40 27.64939 82.32122 40 28.12153 82.1315 40 28.61895 82.0243 40 29.12733 82.0027 40 29.63204 82.06733 40 30.11857 82.21633 40 30.57292 82.44541 40 30.98203 82.74798 40 31.33411 83.11534 40 31.61904 83.53691 40 31.82863 84.00058 40 31.95685 84.493 40 32 85 40 31.95685 85.507 40 31.82863 85.99942 40 31.61904 86.46308 40 31.33411 86.88466 40 30.98203 87.25202 40 30.57292 87.55459 40 30.11857 87.78366 40 29.63204 87.93267 40 29.12733 87.99729 40 28.61895 87.9757 40 28.12153 87.8685 40 27.64939 87.67877 40 27.2161 87.41199 40 30 85 50 29.98562 85.169 50 29 85 50 29.87302 84.51231 50 29.94288 84.66686 50 29.98562 84.831 50 29.52431 84.14847 50 29.66068 84.24933 50 29.77804 84.37178 50 29.04244 84.0009 50 29.21068 84.02245 50 29.37286 84.07212 50 28.5498 84.10707 50 28.70718 84.04383 50 28.87298 84.0081 50 28.17149 84.44003 50 28.27805 84.30806 50 28.40537 84.196 50 28.00361 84.91519 50 28.03227 84.74803 50 28.08877 84.5881 50 28.08877 85.4119 50 28.03227 85.25198 50 28.00361 85.0848 50 28.40537 85.804 50 28.27805 85.69194 50 28.17149 85.55998 50 28.87298 85.9919 50 28.70718 85.95616 50 28.5498 85.89292 50 29.37286 85.92789 50 29.21068 85.97756 50 29.04244 85.99909 50 29.77804 85.62822 50 29.66068 85.75067 50 29.52431 85.85153 50 29.94288 85.33314 50 29.87302 85.4877 50 30.29399 85.22187 49.97537 30.23788 85.43737 49.97537 30.14616 85.64028 49.97537 30.02146 85.82477 49.97537 29.86738 85.98554 49.97537 29.68835 86.11795 49.97537 29.48951 86.2182 49.97537 29.2766 86.2834 49.97537 29.05572 86.31169 49.97537 28.83325 86.30223 49.97537 28.61557 86.25532 49.97537 28.40894 86.1723 49.97537 28.21933 86.05554 49.97537 28.05217 85.90843 49.97537 27.91228 85.73517 49.97537 27.80368 85.54077 49.97537 27.72949 85.33081 49.97537 27.69186 85.11134 49.97537 27.69186 84.88866 49.97537 27.72949 84.66918 49.97537 27.80368 84.45923 49.97537 27.91228 84.26483 49.97537 28.05217 84.09158 49.97537 28.21933 83.94446 49.97537 28.40894 83.82771 49.97537 28.61557 83.74468 49.97537 28.83325 83.69776 49.97537 29.05572 83.68831 49.97537 29.2766 83.7166 49.97537 29.48951 83.7818 49.97537 29.68835 83.88205 49.97537 29.86738 84.01447 49.97537 30.02146 84.17523 49.97537 30.14616 84.35972 49.97537 30.23788 84.56263 49.97537 30.29399 84.77812 49.97537 30.31287 85 49.97537 30.59476 85.27345 49.90211 30.52561 85.53903 49.90211 30.41257 85.78911 49.90211 30.25889 86.01648 49.90211 30.069 86.21462 49.90211 29.84835 86.3778 49.90211 29.6033 86.50136 49.90211 29.34089 86.58171 49.90211 29.06867 86.61658 49.90211 28.79448 86.60493 49.90211 28.5262 86.54711 49.90211 28.27156 86.44478 49.90211 28.03787 86.3009 49.90211 27.83185 86.11958 49.90211 27.65945 85.90606 49.90211 27.5256 85.66647 49.90211 27.43418 85.40771 49.90211 27.3878 85.13722 49.90211 27.3878 84.86278 49.90211 27.43418 84.59229 49.90211 27.5256 84.33353 49.90211 27.65945 84.09394 49.90211 27.83185 83.88042 49.90211 28.03787 83.69911 49.90211 28.27156 83.55522 49.90211 28.5262 83.45289 49.90211 28.79448 83.39508 49.90211 29.06867 83.38343 49.90211 29.34089 83.41828 49.90211 29.6033 83.49864 49.90211 29.84835 83.6222 49.90211 30.069 83.78539 49.90211 30.25889 83.98352 49.90211 30.41257 84.21089 49.90211 30.52561 84.46097 49.90211 30.59476 84.72655 49.90211 30.61804 85 49.90211 30.88054 85.32245 49.78201 30.79899 85.63562 49.78201 30.6657 85.93051 49.78201 30.48448 86.19863 49.78201 30.26056 86.43227 49.78201 30.00037 86.62471 49.78201 29.71141 86.7704 49.78201 29.40197 86.86516 49.78201 29.08098 86.90626 49.78201 28.75765 86.89253 49.78201 28.4413 86.82435 49.78201 28.14102 86.70368 49.78201 27.86545 86.53401 49.78201 27.62252 86.32021 49.78201 27.41922 86.06842 49.78201 27.2614 85.7859 49.78201 27.15359 85.48077 49.78201 27.09889 85.16181 49.78201 27.09889 84.83819 49.78201 27.15359 84.51923 49.78201 27.2614 84.2141 49.78201 27.41922 83.93158 49.78201 27.62252 83.6798 49.78201 27.86545 83.46599 49.78201 28.14102 83.29631 49.78201 28.4413 83.17565 49.78201 28.75765 83.10747 49.78201 29.08098 83.09374 49.78201 29.40197 83.13484 49.78201 29.71141 83.22961 49.78201 30.00037 83.3753 49.78201 30.26056 83.56773 49.78201 30.48448 83.80137 49.78201 30.6657 84.06949 49.78201 30.79899 84.36437 49.78201 30.88054 84.67755 49.78201 30.90798 85 49.78201 31.14428 85.36767 49.61803 31.0513 85.72477 49.61803 30.89931 86.06101 49.61803 30.69267 86.36674 49.61803 30.43735 86.63314 49.61803 30.14067 86.85256 49.61803 29.81118 87.01869 49.61803 29.45835 87.12674 49.61803 29.09234 87.17361 49.61803 28.72367 87.15795 49.61803 28.36295 87.08021 49.61803 28.02055 86.94262 49.61803 27.70634 86.74916 49.61803 27.42934 86.50536 49.61803 27.19752 86.21826 49.61803 27.01756 85.89612 49.61803 26.89463 85.5482 49.61803 26.83227 85.1845 49.61803 26.83227 84.8155 49.61803 26.89463 84.45181 49.61803 27.01756 84.10388 49.61803 27.19752 83.78173 49.61803 27.42934 83.49464 49.61803 27.70634 83.25085 49.61803 28.02055 83.05738 49.61803 28.36295 82.91979 49.61803 28.72367 82.84205 49.61803 29.09234 82.82639 49.61803 29.45835 82.87326 49.61803 29.81118 82.98131 49.61803 30.14067 83.14744 49.61803 30.43735 83.36686 49.61803 30.69267 83.63327 49.61803 30.89931 83.93898 49.61803 31.0513 84.27523 49.61803 31.14428 84.63233 49.61803 31.17557 85 49.61803 31.37949 85.40801 49.41421 31.27631 85.80427 49.41421 31.10765 86.1774 49.41421 30.87835 86.51666 49.41421 30.59501 86.81228 49.41421 30.26579 87.05577 49.41421 29.90016 87.24012 49.41421 29.50863 87.36003 49.41421 29.10246 87.41204 49.41421 28.69335 87.39466 49.41421 28.29307 87.30839 49.41421 27.91312 87.15571 49.41421 27.56443 86.94102 49.41421 27.25705 86.67049 49.41421 26.9998 86.3519 49.41421 26.8001 85.99442 49.41421 26.66369 85.60832 49.41421 26.59449 85.20474 49.41421 26.59449 84.79526 49.41421 26.66369 84.39167 49.41421 26.8001 84.00558 49.41421 26.9998 83.6481 49.41421 27.25705 83.32952 49.41421 27.56443 83.05898 49.41421 27.91312 82.84429 49.41421 28.29307 82.69161 49.41421 28.69335 82.60534 49.41421 29.10246 82.58796 49.41421 29.50863 82.63997 49.41421 29.90016 82.75988 49.41421 30.26579 82.94422 49.41421 30.59501 83.18772 49.41421 30.87835 83.48334 49.41421 31.10765 83.8226 49.41421 31.27631 84.19573 49.41421 31.37949 84.592 49.41421 31.41422 85 49.41421 31.58038 85.44245 49.17557 31.46849 85.87217 49.17557 31.28558 86.2768 49.17557 31.03693 86.6447 49.17557 30.72967 86.96529 49.17557 30.37266 87.22933 49.17557 29.97615 87.42925 49.17557 29.55157 87.55928 49.17557 29.11111 87.61567 49.17557 28.66747 87.59683 49.17557 28.23338 87.50328 49.17557 27.82135 87.33771 49.17557 27.44323 87.10489 49.17557 27.1099 86.81152 49.17557 26.83094 86.46604 49.17557 26.61438 86.07837 49.17557 26.46644 85.65969 49.17557 26.3914 85.22203 49.17557 26.3914 84.77798 49.17557 26.46644 84.34031 49.17557 26.61438 83.92163 49.17557 26.83094 83.53397 49.17557 27.1099 83.18848 49.17557 27.44323 82.89511 49.17557 27.82135 82.66229 49.17557 28.23338 82.49672 49.17557 28.66747 82.40317 49.17557 29.11111 82.38433 49.17557 29.55157 82.44073 49.17557 29.97615 82.57076 49.17557 30.37266 82.77067 49.17557 30.72967 83.03472 49.17557 31.03693 83.3553 49.17557 31.28558 83.7232 49.17557 31.46849 84.12783 49.17557 31.58038 84.55755 49.17557 31.61804 85 49.17557 31.742 85.47016 48.90798 31.6231 85.9268 48.90798 31.42874 86.35678 48.90798 31.16451 86.74771 48.90798 30.83801 87.08838 48.90798 30.45863 87.36897 48.90798 30.03729 87.5814 48.90798 29.58612 87.71957 48.90798 29.11808 87.77951 48.90798 28.64664 87.75948 48.90798 28.18537 87.66007 48.90798 27.74753 87.48413 48.90798 27.34572 87.23673 48.90798 26.99151 86.92498 48.90798 26.69508 86.55786 48.90798 26.46495 86.14591 48.90798 26.30776 85.70101 48.90798 26.22801 85.23593 48.90798 26.22801 84.76407 48.90798 26.30776 84.29899 48.90798 26.46495 83.85408 48.90798 26.69508 83.44214 48.90798 26.99151 83.07501 48.90798 27.34572 82.76327 48.90798 27.74753 82.51587 48.90798 28.18537 82.33993 48.90798 28.64664 82.24052 48.90798 29.11808 82.22049 48.90798 29.58612 82.28043 48.90798 30.03729 82.4186 48.90798 30.45863 82.63104 48.90798 30.83801 82.91162 48.90798 31.16451 83.25228 48.90798 31.42874 83.64323 48.90798 31.6231 84.0732 48.90798 31.742 84.52984 48.90798 31.78202 85 48.90798 31.86037 85.49046 48.61803 31.73634 85.96681 48.61803 31.53359 86.41535 48.61803 31.25795 86.82317 48.61803 30.91736 87.17854 48.61803 30.5216 87.47123 48.61803 30.08207 87.69284 48.61803 29.61142 87.83698 48.61803 29.12317 87.8995 48.61803 28.63138 87.87861 48.61803 28.1502 87.7749 48.61803 27.69346 87.59137 48.61803 27.27431 87.33329 48.61803 26.9048 87.00808 48.61803 26.59557 86.62511 48.61803 26.35552 86.19538 48.61803 26.19153 85.73127 48.61803 26.10834 85.24612 48.61803 26.10834 84.75389 48.61803 26.19153 84.26873 48.61803 26.35552 83.80461 48.61803 26.59557 83.37489 48.61803 26.9048 82.99192 48.61803 27.27431 82.66671 48.61803 27.69346 82.40863 48.61803 28.1502 82.22509 48.61803 28.63138 82.12139 48.61803 29.12317 82.1005 48.61803 29.61142 82.16302 48.61803 30.08207 82.30716 48.61803 30.5216 82.52877 48.61803 30.91736 82.82147 48.61803 31.25795 83.17684 48.61803 31.53359 83.58465 48.61803 31.73634 84.03319 48.61803 31.86037 84.50954 48.61803 31.90212 85 48.61803 31.93258 85.50284 48.31287 31.80542 85.99121 48.31287 31.59755 86.45108 48.31287 31.31495 86.86919 48.31287 30.96576 87.23353 48.31287 30.56002 87.53362 48.31287 30.10939 87.76082 48.31287 29.62685 87.90859 48.31287 29.12628 87.9727 48.31287 28.62208 87.95127 48.31287 28.12874 87.84496 48.31287 27.66048 87.65679 48.31287 27.23074 87.39219 48.31287 26.85191 87.05878 48.31287 26.53487 86.66613 48.31287 26.28875 86.22556 48.31287 26.12063 85.74973 48.31287 26.03535 85.25233 48.31287 26.03535 84.74767 48.31287 26.12063 84.25027 48.31287 26.28875 83.77444 48.31287 26.53487 83.33386 48.31287 26.85191 82.94122 48.31287 27.23074 82.60781 48.31287 27.66048 82.34321 48.31287 28.12874 82.15505 48.31287 28.62208 82.04872 48.31287 29.12628 82.0273 48.31287 29.62685 82.0914 48.31287 30.10939 82.23918 48.31287 30.56002 82.46638 48.31287 30.96576 82.76647 48.31287 31.31495 83.13081 48.31287 31.59755 83.54892 48.31287 31.80542 84.00878 48.31287 31.93258 84.49716 48.31287 31.97538 85 48.31287 31.95685 85.507 48 31.82863 85.99942 48 31.61904 86.46308 48 31.33411 86.88466 48 30.98203 87.25202 48 30.57292 87.55459 48 30.11857 87.78366 48 29.63204 87.93267 48 29.12733 87.99729 48 28.61895 87.9757 48 28.12153 87.8685 48 27.64939 87.67877 48 27.2161 87.41199 48 26.83413 87.07582 48 26.51447 86.67993 48 26.26632 86.23571 48 26.0968 85.75593 48 26.01081 85.25442 48 26.01081 84.74559 48 26.0968 84.24407 48 26.26632 83.7643 48 26.51447 83.32008 48 26.83413 82.92418 48 27.2161 82.58801 48 27.64939 82.32122 48 28.12153 82.1315 48 28.61895 82.0243 48 29.12733 82.0027 48 29.63204 82.06733 48 30.11857 82.21633 48 30.57292 82.44541 48 30.98203 82.74798 48 31.33411 83.11534 48 31.61904 83.53691 48 31.82863 84.00058 48 31.95685 84.493 48 32 85 48 42 85 40 42.01081 84.74559 40 42.0968 84.24407 40 42.26631 83.7643 40 42.51447 83.32008 40 42.83413 82.92418 40 43.2161 82.58801 40 43.64939 82.32122 40 44.12153 82.1315 40 44.61895 82.0243 40 45.12733 82.0027 40 45.63204 82.06733 40 46.11857 82.21633 40 46.57292 82.44541 40 46.98202 82.74798 40 47.33411 83.11534 40 47.61904 83.53691 40 47.82863 84.00058 40 47.95685 84.493 40 48 85 40 47.95685 85.507 40 47.82863 85.99942 40 47.61904 86.46308 40 47.33411 86.88466 40 46.98202 87.25202 40 46.57292 87.55459 40 46.11857 87.78366 40 45.63204 87.93267 40 45.12733 87.99729 40 44.61895 87.9757 40 44.12153 87.8685 40 43.64939 87.67877 40 43.2161 87.41199 40 42.83413 87.07582 40 42.51447 86.67993 40 42.26631 86.23571 40 42.0968 85.75593 40 42.01081 85.25442 40 46 85 50 45.98562 85.169 50 45 85 50 45.87302 84.51231 50 45.94288 84.66686 50 45.98562 84.831 50 45.52431 84.14847 50 45.66067 84.24933 50 45.77804 84.37178 50 45.04244 84.0009 50 45.21068 84.02245 50 45.37286 84.07212 50 44.5498 84.10707 50 44.70718 84.04383 50 44.87298 84.0081 50 44.17149 84.44003 50 44.27804 84.30806 50 44.40537 84.196 50 44.0036 84.91519 50 44.03227 84.74803 50 44.08877 84.5881 50 44.08877 85.4119 50 44.03227 85.25198 50 44.0036 85.0848 50 44.40537 85.804 50 44.27804 85.69194 50 44.17149 85.55998 50 44.87298 85.9919 50 44.70718 85.95616 50 44.5498 85.89292 50 45.37286 85.92789 50 45.21068 85.97756 50 45.04244 85.99909 50 45.77804 85.62822 50 45.66067 85.75067 50 45.52431 85.85153 50 45.94288 85.33314 50 45.87302 85.4877 50 46.29399 85.22187 49.97537 46.23788 85.43737 49.97537 46.14616 85.64028 49.97537 46.02146 85.82477 49.97537 45.86738 85.98554 49.97537 45.68835 86.11795 49.97537 45.48951 86.2182 49.97537 45.27659 86.2834 49.97537 45.05572 86.31169 49.97537 44.83324 86.30223 49.97537 44.61556 86.25532 49.97537 44.40894 86.1723 49.97537 44.21932 86.05554 49.97537 44.05217 85.90843 49.97537 43.91228 85.73517 49.97537 43.80368 85.54077 49.97537 43.72949 85.33081 49.97537 43.69186 85.11134 49.97537 43.69186 84.88866 49.97537 43.72949 84.66918 49.97537 43.80368 84.45923 49.97537 43.91228 84.26483 49.97537 44.05217 84.09158 49.97537 44.21932 83.94446 49.97537 44.40894 83.82771 49.97537 44.61556 83.74468 49.97537 44.83324 83.69776 49.97537 45.05572 83.68831 49.97537 45.27659 83.7166 49.97537 45.48951 83.7818 49.97537 45.68835 83.88205 49.97537 45.86738 84.01447 49.97537 46.02146 84.17523 49.97537 46.14616 84.35972 49.97537 46.23788 84.56263 49.97537 46.29399 84.77812 49.97537 46.31287 85 49.97537 46.59476 85.27345 49.90211 46.52561 85.53903 49.90211 46.41257 85.78911 49.90211 46.25889 86.01648 49.90211 46.069 86.21462 49.90211 45.84835 86.3778 49.90211 45.60329 86.50136 49.90211 45.34089 86.58171 49.90211 45.06867 86.61658 49.90211 44.79448 86.60493 49.90211 44.5262 86.54711 49.90211 44.27156 86.44478 49.90211 44.03786 86.3009 49.90211 43.83185 86.11958 49.90211 43.65945 85.90606 49.90211 43.5256 85.66647 49.90211 43.43418 85.40771 49.90211 43.3878 85.13722 49.90211 43.3878 84.86278 49.90211 43.43418 84.59229 49.90211 43.5256 84.33353 49.90211 43.65945 84.09394 49.90211 43.83185 83.88042 49.90211 44.03786 83.69911 49.90211 44.27156 83.55522 49.90211 44.5262 83.45289 49.90211 44.79448 83.39508 49.90211 45.06867 83.38343 49.90211 45.34089 83.41828 49.90211 45.60329 83.49864 49.90211 45.84835 83.6222 49.90211 46.069 83.78539 49.90211 46.25889 83.98352 49.90211 46.41257 84.21089 49.90211 46.52561 84.46097 49.90211 46.59476 84.72655 49.90211 46.61803 85 49.90211 46.88054 85.32245 49.78201 46.79899 85.63562 49.78201 46.66569 85.93051 49.78201 46.48448 86.19863 49.78201 46.26055 86.43227 49.78201 46.00037 86.62471 49.78201 45.71141 86.7704 49.78201 45.40197 86.86516 49.78201 45.08098 86.90626 49.78201 44.75765 86.89253 49.78201 44.4413 86.82435 49.78201 44.14102 86.70368 49.78201 43.86545 86.53401 49.78201 43.62252 86.32021 49.78201 43.41922 86.06842 49.78201 43.26139 85.7859 49.78201 43.15359 85.48077 49.78201 43.09889 85.16181 49.78201 43.09889 84.83819 49.78201 43.15359 84.51923 49.78201 43.26139 84.2141 49.78201 43.41922 83.93158 49.78201 43.62252 83.6798 49.78201 43.86545 83.46599 49.78201 44.14102 83.29631 49.78201 44.4413 83.17565 49.78201 44.75765 83.10747 49.78201 45.08098 83.09374 49.78201 45.40197 83.13484 49.78201 45.71141 83.22961 49.78201 46.00037 83.3753 49.78201 46.26055 83.56773 49.78201 46.48448 83.80137 49.78201 46.66569 84.06949 49.78201 46.79899 84.36437 49.78201 46.88054 84.67755 49.78201 46.90798 85 49.78201 47.14428 85.36767 49.61803 47.0513 85.72477 49.61803 46.89931 86.06101 49.61803 46.69267 86.36674 49.61803 46.43735 86.63314 49.61803 46.14067 86.85256 49.61803 45.81118 87.01869 49.61803 45.45835 87.12674 49.61803 45.09233 87.17361 49.61803 44.72367 87.15795 49.61803 44.36294 87.08021 49.61803 44.02055 86.94262 49.61803 43.70634 86.74916 49.61803 43.42934 86.50536 49.61803 43.19752 86.21826 49.61803 43.01756 85.89612 49.61803 42.89463 85.5482 49.61803 42.83227 85.1845 49.61803 42.83227 84.8155 49.61803 42.89463 84.45181 49.61803 43.01756 84.10388 49.61803 43.19752 83.78173 49.61803 43.42934 83.49464 49.61803 43.70634 83.25085 49.61803 44.02055 83.05738 49.61803 44.36294 82.91979 49.61803 44.72367 82.84205 49.61803 45.09233 82.82639 49.61803 45.45835 82.87326 49.61803 45.81118 82.98131 49.61803 46.14067 83.14744 49.61803 46.43735 83.36686 49.61803 46.69267 83.63327 49.61803 46.89931 83.93898 49.61803 47.0513 84.27523 49.61803 47.14428 84.63233 49.61803 47.17557 85 49.61803 47.37949 85.40801 49.41421 47.27631 85.80427 49.41421 47.10764 86.1774 49.41421 46.87834 86.51666 49.41421 46.59501 86.81228 49.41421 46.26579 87.05577 49.41421 45.90016 87.24012 49.41421 45.50862 87.36003 49.41421 45.10246 87.41204 49.41421 44.69335 87.39466 49.41421 44.29306 87.30839 49.41421 43.91311 87.15571 49.41421 43.56443 86.94102 49.41421 43.25704 86.67049 49.41421 42.9998 86.3519 49.41421 42.8001 85.99442 49.41421 42.66369 85.60832 49.41421 42.59449 85.20474 49.41421 42.59449 84.79526 49.41421 42.66369 84.39167 49.41421 42.8001 84.00558 49.41421 42.9998 83.6481 49.41421 43.25704 83.32952 49.41421 43.56443 83.05898 49.41421 43.91311 82.84429 49.41421 44.29306 82.69161 49.41421 44.69335 82.60534 49.41421 45.10246 82.58796 49.41421 45.50862 82.63997 49.41421 45.90016 82.75988 49.41421 46.26579 82.94422 49.41421 46.59501 83.18772 49.41421 46.87834 83.48334 49.41421 47.10764 83.8226 49.41421 47.27631 84.19573 49.41421 47.37949 84.592 49.41421 47.41421 85 49.41421 47.58038 85.44245 49.17557 47.46849 85.87217 49.17557 47.28558 86.2768 49.17557 47.03693 86.6447 49.17557 46.72967 86.96529 49.17557 46.37266 87.22933 49.17557 45.97615 87.42925 49.17557 45.55157 87.55928 49.17557 45.11111 87.61567 49.17557 44.66746 87.59683 49.17557 44.23338 87.50328 49.17557 43.82135 87.33771 49.17557 43.44323 87.10489 49.17557 43.1099 86.81152 49.17557 42.83094 86.46604 49.17557 42.61437 86.07837 49.17557 42.46644 85.65969 49.17557 42.3914 85.22203 49.17557 42.3914 84.77798 49.17557 42.46644 84.34031 49.17557 42.61437 83.92163 49.17557 42.83094 83.53397 49.17557 43.1099 83.18848 49.17557 43.44323 82.89511 49.17557 43.82135 82.66229 49.17557 44.23338 82.49672 49.17557 44.66746 82.40317 49.17557 45.11111 82.38433 49.17557 45.55157 82.44073 49.17557 45.97615 82.57076 49.17557 46.37266 82.77067 49.17557 46.72967 83.03472 49.17557 47.03693 83.3553 49.17557 47.28558 83.7232 49.17557 47.46849 84.12783 49.17557 47.58038 84.55755 49.17557 47.61803 85 49.17557 47.742 85.47016 48.90798 47.6231 85.9268 48.90798 47.42874 86.35678 48.90798 47.16451 86.74771 48.90798 46.83801 87.08838 48.90798 46.45863 87.36897 48.90798 46.03729 87.5814 48.90798 45.58611 87.71957 48.90798 45.11807 87.77951 48.90798 44.64664 87.75948 48.90798 44.18536 87.66007 48.90798 43.74753 87.48413 48.90798 43.34572 87.23673 48.90798 42.99151 86.92498 48.90798 42.69507 86.55786 48.90798 42.46495 86.14591 48.90798 42.30775 85.70101 48.90798 42.22801 85.23593 48.90798 42.22801 84.76407 48.90798 42.30775 84.29899 48.90798 42.46495 83.85408 48.90798 42.69507 83.44214 48.90798 42.99151 83.07501 48.90798 43.34572 82.76327 48.90798 43.74753 82.51587 48.90798 44.18536 82.33993 48.90798 44.64664 82.24052 48.90798 45.11807 82.22049 48.90798 45.58611 82.28043 48.90798 46.03729 82.4186 48.90798 46.45863 82.63104 48.90798 46.83801 82.91162 48.90798 47.16451 83.25228 48.90798 47.42874 83.64323 48.90798 47.6231 84.0732 48.90798 47.742 84.52984 48.90798 47.78201 85 48.90798 47.86037 85.49046 48.61803 47.73634 85.96681 48.61803 47.53359 86.41535 48.61803 47.25795 86.82317 48.61803 46.91735 87.17854 48.61803 46.5216 87.47123 48.61803 46.08207 87.69284 48.61803 45.61141 87.83698 48.61803 45.12317 87.8995 48.61803 44.63138 87.87861 48.61803 44.15019 87.7749 48.61803 43.69346 87.59137 48.61803 43.27431 87.33329 48.61803 42.9048 87.00808 48.61803 42.59557 86.62511 48.61803 42.35551 86.19538 48.61803 42.19153 85.73127 48.61803 42.10834 85.24612 48.61803 42.10834 84.75389 48.61803 42.19153 84.26873 48.61803 42.35551 83.80461 48.61803 42.59557 83.37489 48.61803 42.9048 82.99192 48.61803 43.27431 82.66671 48.61803 43.69346 82.40863 48.61803 44.15019 82.22509 48.61803 44.63138 82.12139 48.61803 45.12317 82.1005 48.61803 45.61141 82.16302 48.61803 46.08207 82.30716 48.61803 46.5216 82.52877 48.61803 46.91735 82.82147 48.61803 47.25795 83.17684 48.61803 47.53359 83.58465 48.61803 47.73634 84.03319 48.61803 47.86037 84.50954 48.61803 47.90211 85 48.61803 47.93258 85.50284 48.31287 47.80541 85.99121 48.31287 47.59754 86.45108 48.31287 47.31495 86.86919 48.31287 46.96576 87.23353 48.31287 46.56001 87.53362 48.31287 46.10939 87.76082 48.31287 45.62685 87.90859 48.31287 45.12628 87.9727 48.31287 44.62207 87.95127 48.31287 44.12874 87.84496 48.31287 43.66048 87.65679 48.31287 43.23074 87.39219 48.31287 42.85191 87.05878 48.31287 42.53487 86.66613 48.31287 42.28875 86.22556 48.31287 42.12063 85.74973 48.31287 42.03534 85.25233 48.31287 42.03534 84.74767 48.31287 42.12063 84.25027 48.31287 42.28875 83.77444 48.31287 42.53487 83.33386 48.31287 42.85191 82.94122 48.31287 43.23074 82.60781 48.31287 43.66048 82.34321 48.31287 44.12874 82.15505 48.31287 44.62207 82.04872 48.31287 45.12628 82.0273 48.31287 45.62685 82.0914 48.31287 46.10939 82.23918 48.31287 46.56001 82.46638 48.31287 46.96576 82.76647 48.31287 47.31495 83.13081 48.31287 47.59754 83.54892 48.31287 47.80541 84.00878 48.31287 47.93258 84.49716 48.31287 47.97538 85 48.31287 47.95685 85.507 48 47.82863 85.99942 48 47.61904 86.46308 48 47.33411 86.88466 48 46.98202 87.25202 48 46.57292 87.55459 48 46.11857 87.78366 48 45.63204 87.93267 48 45.12733 87.99729 48 44.61895 87.9757 48 44.12153 87.8685 48 43.64939 87.67877 48 43.2161 87.41199 48 42.83413 87.07582 48 42.51447 86.67993 48 42.26631 86.23571 48 42.0968 85.75593 48 42.01081 85.25442 48 42.01081 84.74559 48 42.0968 84.24407 48 42.26631 83.7643 48 42.51447 83.32008 48 42.83413 82.92418 48 43.2161 82.58801 48 43.64939 82.32122 48 44.12153 82.1315 48 44.61895 82.0243 48 45.12733 82.0027 48 45.63204 82.06733 48 46.11857 82.21633 48 46.57292 82.44541 48 46.98202 82.74798 48 47.33411 83.11534 48 47.61904 83.53691 48 47.82863 84.00058 48 47.95685 84.493 48 48 85 48 51.5 96.2 40 51.5054 96.07279 40 51.5484 95.82203 40 51.63316 95.58215 40 51.75724 95.36004 40 51.91707 95.16209 40 52.10805 94.99401 40 52.32469 94.86061 40 52.56077 94.76575 40 52.80947 94.71215 40 53.06366 94.70135 40 53.31602 94.73367 40 53.55929 94.80817 40 53.78646 94.92271 40 53.99101 95.07399 40 54.16706 95.25767 40 54.30952 95.46846 40 54.41432 95.70029 40 54.47842 95.9465 40 54.5 96.2 40 54.47842 96.4535 40 54.41432 96.69971 40 54.30952 96.93154 40 54.16706 97.14233 40 53.99101 97.32601 40 53.78646 97.47729 40 53.55929 97.59184 40 53.31602 97.66633 40 53.06366 97.69865 40 52.80947 97.68785 40 52.56077 97.63425 40 52.32469 97.53939 40 52.10805 97.40599 40 51.91707 97.23791 40 51.75724 97.03997 40 51.63316 96.81785 40 51.5484 96.57797 40 51.5054 96.32721 40 53.5 96.2 50 53.49281 96.2845 50 53 96.2 50 53.43651 95.95616 50 53.47144 96.03343 50 53.49281 96.1155 50 53.26215 95.77423 50 53.33034 95.82466 50 53.38902 95.88589 50 53.02122 95.70045 50 53.10534 95.71122 50 53.18643 95.73606 50 52.7749 95.75354 50 52.85359 95.72192 50 52.93649 95.70405 50 52.58575 95.92001 50 52.63902 95.85403 50 52.70269 95.798 50 52.5018 96.1576 50 52.51613 96.07402 50 52.54439 95.99405 50 52.54439 96.40596 50 52.51613 96.32599 50 52.5018 96.2424 50 52.70269 96.602 50 52.63902 96.54597 50 52.58575 96.47999 50 52.93649 96.69595 50 52.85359 96.67809 50 52.7749 96.64646 50 53.18643 96.66394 50 53.10534 96.68878 50 53.02122 96.69955 50 53.38902 96.51411 50 53.33034 96.57534 50 53.26215 96.62577 50 53.47144 96.36656 50 53.43651 96.44385 50 53.64699 96.31094 49.98769 53.61894 96.41869 49.98769 53.57308 96.52014 49.98769 53.51073 96.61238 49.98769 53.43369 96.69277 49.98769 53.34417 96.75897 49.98769 53.24476 96.8091 49.98769 53.1383 96.8417 49.98769 53.02786 96.85585 49.98769 52.91662 96.85111 49.98769 52.80778 96.82766 49.98769 52.70447 96.78615 49.98769 52.60966 96.72777 49.98769 52.52608 96.65422 49.98769 52.45614 96.56759 49.98769 52.40184 96.47039 49.98769 52.36475 96.3654 49.98769 52.34593 96.25567 49.98769 52.34593 96.14433 49.98769 52.36475 96.03459 49.98769 52.40184 95.92961 49.98769 52.45614 95.83242 49.98769 52.52608 95.74579 49.98769 52.60966 95.67223 49.98769 52.70447 95.61386 49.98769 52.80778 95.57234 49.98769 52.91662 95.54888 49.98769 53.02786 95.54415 49.98769 53.1383 95.5583 49.98769 53.24476 95.5909 49.98769 53.34417 95.64102 49.98769 53.43369 95.70723 49.98769 53.51073 95.78762 49.98769 53.57308 95.87986 49.98769 53.61894 95.98132 49.98769 53.64699 96.08906 49.98769 53.65644 96.2 49.98769 53.79738 96.33673 49.95106 53.7628 96.46952 49.95106 53.70628 96.59455 49.95106 53.62944 96.70824 49.95106 53.5345 96.80731 49.95106 53.42417 96.8889 49.95106 53.30165 96.95068 49.95106 53.17044 96.99086 49.95106 53.03433 97.00829 49.95106 52.89724 97.00247 49.95106 52.7631 96.97356 49.95106 52.63578 96.9224 49.95106 52.51893 96.85044 49.95106 52.41593 96.75979 49.95106 52.32972 96.65303 49.95106 52.2628 96.53324 49.95106 52.21709 96.40386 49.95106 52.1939 96.26861 49.95106 52.1939 96.13139 49.95106 52.21709 95.99614 49.95106 52.2628 95.86676 49.95106 52.32972 95.74697 49.95106 52.41593 95.64021 49.95106 52.51893 95.54956 49.95106 52.63578 95.47761 49.95106 52.7631 95.42645 49.95106 52.89724 95.39754 49.95106 53.03433 95.39171 49.95106 53.17044 95.40914 49.95106 53.30165 95.44932 49.95106 53.42417 95.5111 49.95106 53.5345 95.59269 49.95106 53.62944 95.69176 49.95106 53.70628 95.80545 49.95106 53.7628 95.93048 49.95106 53.79738 96.06327 49.95106 53.80902 96.2 49.95106 53.94027 96.36122 49.89101 53.8995 96.51781 49.89101 53.83285 96.66526 49.89101 53.74224 96.79932 49.89101 53.63028 96.91613 49.89101 53.50019 97.01235 49.89101 53.3557 97.0852 49.89101 53.20099 97.13258 49.89101 53.04049 97.15313 49.89101 52.87882 97.14627 49.89101 52.72065 97.11218 49.89101 52.57051 97.05184 49.89101 52.43273 96.96701 49.89101 52.31126 96.8601 49.89101 52.20961 96.73421 49.89101 52.1307 96.59295 49.89101 52.07679 96.44039 49.89101 52.04945 96.2809 49.89101 52.04945 96.1191 49.89101 52.07679 95.95961 49.89101 52.1307 95.80705 49.89101 52.20961 95.66579 49.89101 52.31126 95.5399 49.89101 52.43273 95.43299 49.89101 52.57051 95.34815 49.89101 52.72065 95.28783 49.89101 52.87882 95.25373 49.89101 53.04049 95.24687 49.89101 53.20099 95.26742 49.89101 53.3557 95.31481 49.89101 53.50019 95.38765 49.89101 53.63028 95.48387 49.89101 53.74224 95.60069 49.89101 53.83285 95.73474 49.89101 53.8995 95.88219 49.89101 53.94027 96.03878 49.89101 53.95399 96.2 49.89101 54.07214 96.38384 49.80902 54.02565 96.56239 49.80902 53.94965 96.73051 49.80902 53.84634 96.88337 49.80902 53.71867 97.01657 49.80902 53.57033 97.12628 49.80902 53.40559 97.20935 49.80902 53.22917 97.26337 49.80902 53.04617 97.28681 49.80902 52.86183 97.27897 49.80902 52.68147 97.24011 49.80902 52.51028 97.17131 49.80902 52.35317 97.07457 49.80902 52.21467 96.95268 49.80902 52.09876 96.80913 49.80902 52.00878 96.64806 49.80902 51.94731 96.4741 49.80902 51.91613 96.29225 49.80902 51.91613 96.10775 49.80902 51.94731 95.9259 49.80902 52.00878 95.75194 49.80902 52.09876 95.59087 49.80902 52.21467 95.44732 49.80902 52.35317 95.32543 49.80902 52.51028 95.22869 49.80902 52.68147 95.1599 49.80902 52.86183 95.12103 49.80902 53.04617 95.11319 49.80902 53.22917 95.13663 49.80902 53.40559 95.19065 49.80902 53.57033 95.27372 49.80902 53.71867 95.38343 49.80902 53.84634 95.51663 49.80902 53.94965 95.66949 49.80902 54.02565 95.83762 49.80902 54.07214 96.01616 49.80902 54.08779 96.2 49.80902 54.18975 96.404 49.70711 54.13816 96.60214 49.70711 54.05382 96.7887 49.70711 53.93917 96.95833 49.70711 53.79751 97.10614 49.70711 53.6329 97.22789 49.70711 53.45008 97.32006 49.70711 53.25431 97.38002 49.70711 53.05123 97.40602 49.70711 52.84667 97.39733 49.70711 52.64653 97.3542 49.70711 52.45656 97.27786 49.70711 52.28221 97.17051 49.70711 52.12852 97.03524 49.70711 51.9999 96.87595 49.70711 51.90005 96.69721 49.70711 51.83184 96.50417 49.70711 51.79724 96.30237 49.70711 51.79724 96.09763 49.70711 51.83184 95.89584 49.70711 51.90005 95.70279 49.70711 51.9999 95.52405 49.70711 52.12852 95.36476 49.70711 52.28221 95.22949 49.70711 52.45656 95.12214 49.70711 52.64653 95.04581 49.70711 52.84667 95.00267 49.70711 53.05123 94.99398 49.70711 53.25431 95.01998 49.70711 53.45008 95.07994 49.70711 53.6329 95.17211 49.70711 53.79751 95.29386 49.70711 53.93917 95.44167 49.70711 54.05382 95.6113 49.70711 54.13816 95.79786 49.70711 54.18975 95.996 49.70711 54.20711 96.2 49.70711 54.29019 96.42123 49.58779 54.23424 96.63609 49.58779 54.14279 96.8384 49.58779 54.01846 97.02235 49.58779 53.86484 97.18264 49.58779 53.68633 97.31467 49.58779 53.48808 97.41462 49.58779 53.27578 97.47964 49.58779 53.05556 97.50784 49.58779 52.83373 97.49842 49.58779 52.61669 97.45164 49.58779 52.41068 97.36885 49.58779 52.22161 97.25244 49.58779 52.05495 97.10576 49.58779 51.91547 96.93302 49.58779 51.80719 96.73918 49.58779 51.73322 96.52984 49.58779 51.6957 96.31101 49.58779 51.6957 96.08898 49.58779 51.73322 95.87016 49.58779 51.80719 95.66082 49.58779 51.91547 95.46698 49.58779 52.05495 95.29424 49.58779 52.22161 95.14756 49.58779 52.41068 95.03115 49.58779 52.61669 94.94836 49.58779 52.83373 94.90158 49.58779 53.05556 94.89216 49.58779 53.27578 94.92037 49.58779 53.48808 94.98538 49.58779 53.68633 95.08534 49.58779 53.86484 95.21736 49.58779 54.01846 95.37765 49.58779 54.14279 95.5616 49.58779 54.23424 95.76392 49.58779 54.29019 95.97878 49.58779 54.30902 96.2 49.58779 54.371 96.43508 49.45399 54.31155 96.6634 49.45399 54.21437 96.87838 49.45399 54.08226 97.07386 49.45399 53.919 97.24419 49.45399 53.72932 97.38448 49.45399 53.51865 97.4907 49.45399 53.29306 97.55979 49.45399 53.05904 97.58975 49.45399 52.82332 97.57974 49.45399 52.59268 97.53004 49.45399 52.37376 97.44207 49.45399 52.17286 97.31836 49.45399 51.99575 97.16249 49.45399 51.84754 96.97893 49.45399 51.73247 96.77296 49.45399 51.65388 96.5505 49.45399 51.614 96.31797 49.45399 51.614 96.08203 49.45399 51.65388 95.8495 49.45399 51.73247 95.62704 49.45399 51.84754 95.42107 49.45399 51.99575 95.23751 49.45399 52.17286 95.08164 49.45399 52.37376 94.95793 49.45399 52.59268 94.86997 49.45399 52.82332 94.82026 49.45399 53.05904 94.81024 49.45399 53.29306 94.84021 49.45399 53.51865 94.9093 49.45399 53.72932 95.01552 49.45399 53.919 95.15581 49.45399 54.08226 95.32614 49.45399 54.21437 95.52161 49.45399 54.31155 95.7366 49.45399 54.371 95.96492 49.45399 54.39101 96.2 49.45399 54.43019 96.44523 49.30902 54.36817 96.68341 49.30902 54.26679 96.90767 49.30902 54.12897 97.11158 49.30902 53.95868 97.28926 49.30902 53.7608 97.43562 49.30902 53.54104 97.54642 49.30902 53.30571 97.61849 49.30902 53.06159 97.64974 49.30902 52.81569 97.6393 49.30902 52.5751 97.58745 49.30902 52.34673 97.49568 49.30902 52.13716 97.36665 49.30902 51.9524 97.20404 49.30902 51.79779 97.01255 49.30902 51.67776 96.79769 49.30902 51.59577 96.56563 49.30902 51.55417 96.32305 49.30902 51.55417 96.07695 49.30902 51.59577 95.83437 49.30902 51.67776 95.60231 49.30902 51.79779 95.38745 49.30902 51.9524 95.19596 49.30902 52.13716 95.03336 49.30902 52.34673 94.90431 49.30902 52.5751 94.81255 49.30902 52.81569 94.7607 49.30902 53.06159 94.75025 49.30902 53.30571 94.78151 49.30902 53.54104 94.85358 49.30902 53.7608 94.96438 49.30902 53.95868 95.11074 49.30902 54.12897 95.28842 49.30902 54.26679 95.49233 49.30902 54.36817 95.71659 49.30902 54.43019 95.95477 49.30902 54.45106 96.2 49.30902 54.46629 96.45142 49.15644 54.40271 96.69561 49.15644 54.29877 96.92554 49.15644 54.15748 97.13459 49.15644 53.98288 97.31677 49.15644 53.78001 97.46681 49.15644 53.55469 97.58041 49.15644 53.31343 97.6543 49.15644 53.06314 97.68635 49.15644 52.81104 97.67564 49.15644 52.56437 97.62248 49.15644 52.33024 97.5284 49.15644 52.11537 97.3961 49.15644 51.92596 97.22939 49.15644 51.76744 97.03307 49.15644 51.64438 96.81278 49.15644 51.56032 96.57486 49.15644 51.51767 96.32617 49.15644 51.51767 96.07383 49.15644 51.56032 95.82514 49.15644 51.64438 95.58722 49.15644 51.76744 95.36693 49.15644 51.92596 95.17061 49.15644 52.11537 95.0039 49.15644 52.33024 94.87161 49.15644 52.56437 94.77752 49.15644 52.81104 94.72436 49.15644 53.06314 94.71366 49.15644 53.31343 94.7457 49.15644 53.55469 94.81959 49.15644 53.78001 94.93319 49.15644 53.98288 95.08323 49.15644 54.15748 95.26541 49.15644 54.29877 95.47446 49.15644 54.40271 95.70439 49.15644 54.46629 95.94858 49.15644 54.48769 96.2 49.15644 54.47842 96.4535 49 54.41432 96.69971 49 54.30952 96.93154 49 54.16706 97.14233 49 53.99101 97.32601 49 53.78646 97.47729 49 53.55929 97.59184 49 53.31602 97.66633 49 53.06366 97.69865 49 52.80947 97.68785 49 52.56077 97.63425 49 52.32469 97.53939 49 52.10805 97.40599 49 51.91707 97.23791 49 51.75724 97.03997 49 51.63316 96.81785 49 51.5484 96.57797 49 51.5054 96.32721 49 51.5054 96.07279 49 51.5484 95.82203 49 51.63316 95.58215 49 51.75724 95.36004 49 51.91707 95.16209 49 52.10805 94.99401 49 52.32469 94.86061 49 52.56077 94.76575 49 52.80947 94.71215 49 53.06366 94.70135 49 53.31602 94.73367 49 53.55929 94.80817 49 53.78646 94.92271 49 53.99101 95.07399 49 54.16706 95.25767 49 54.30952 95.46846 49 54.41432 95.70029 49 54.47842 95.9465 49 54.5 96.2 49 58 85 40 58.01081 84.74559 40 58.0968 84.24407 40 58.26631 83.7643 40 58.51447 83.32008 40 58.83413 82.92418 40 59.2161 82.58801 40 59.64939 82.32122 40 60.12153 82.1315 40 60.61895 82.0243 40 61.12733 82.0027 40 61.63204 82.06733 40 62.11857 82.21633 40 62.57292 82.44541 40 62.98202 82.74798 40 63.33411 83.11534 40 63.61904 83.53691 40 63.82863 84.00058 40 63.95685 84.493 40 64 85 40 63.95685 85.507 40 63.82863 85.99942 40 63.61904 86.46308 40 63.33411 86.88466 40 62.98202 87.25202 40 62.57292 87.55459 40 62.11857 87.78366 40 61.63204 87.93267 40 61.12733 87.99729 40 60.61895 87.9757 40 60.12153 87.8685 40 59.64939 87.67877 40 59.2161 87.41199 40 58.83413 87.07582 40 58.51447 86.67993 40 58.26631 86.23571 40 58.0968 85.75593 40 58.01081 85.25442 40 62 85 50 61.98562 85.169 50 61 85 50 61.87302 84.51231 50 61.94288 84.66686 50 61.98562 84.831 50 61.52431 84.14847 50 61.66068 84.24933 50 61.77804 84.37178 50 61.04244 84.0009 50 61.21068 84.02245 50 61.37285 84.07212 50 60.5498 84.10707 50 60.70718 84.04383 50 60.87298 84.0081 50 60.17149 84.44003 50 60.27804 84.30806 50 60.40537 84.196 50 60.0036 84.91519 50 60.03227 84.74803 50 60.08877 84.5881 50 60.08877 85.4119 50 60.03227 85.25198 50 60.0036 85.0848 50 60.40537 85.804 50 60.27804 85.69194 50 60.17149 85.55998 50 60.87298 85.9919 50 60.70718 85.95616 50 60.5498 85.89292 50 61.37285 85.92789 50 61.21068 85.97756 50 61.04244 85.99909 50 61.77804 85.62822 50 61.66068 85.75067 50 61.52431 85.85153 50 61.94288 85.33314 50 61.87302 85.4877 50 62.29399 85.22187 49.97537 62.23788 85.43737 49.97537 62.14616 85.64028 49.97537 62.02146 85.82477 49.97537 61.86738 85.98554 49.97537 61.68835 86.11795 49.97537 61.48951 86.2182 49.97537 61.27659 86.2834 49.97537 61.05572 86.31169 49.97537 60.83324 86.30223 49.97537 60.61556 86.25532 49.97537 60.40894 86.1723 49.97537 60.21932 86.05554 49.97537 60.05216 85.90843 49.97537 59.91228 85.73517 49.97537 59.80368 85.54077 49.97537 59.72949 85.33081 49.97537 59.69186 85.11134 49.97537 59.69186 84.88866 49.97537 59.72949 84.66918 49.97537 59.80368 84.45923 49.97537 59.91228 84.26483 49.97537 60.05216 84.09158 49.97537 60.21932 83.94446 49.97537 60.40894 83.82771 49.97537 60.61556 83.74468 49.97537 60.83324 83.69776 49.97537 61.05572 83.68831 49.97537 61.27659 83.7166 49.97537 61.48951 83.7818 49.97537 61.68835 83.88205 49.97537 61.86738 84.01447 49.97537 62.02146 84.17523 49.97537 62.14616 84.35972 49.97537 62.23788 84.56263 49.97537 62.29399 84.77812 49.97537 62.31287 85 49.97537 62.59476 85.27345 49.90211 62.52561 85.53903 49.90211 62.41257 85.78911 49.90211 62.25889 86.01648 49.90211 62.069 86.21462 49.90211 61.84835 86.3778 49.90211 61.6033 86.50136 49.90211 61.34089 86.58171 49.90211 61.06867 86.61658 49.90211 60.79448 86.60493 49.90211 60.5262 86.54711 49.90211 60.27156 86.44478 49.90211 60.03786 86.3009 49.90211 59.83185 86.11958 49.90211 59.65944 85.90606 49.90211 59.5256 85.66647 49.90211 59.43418 85.40771 49.90211 59.3878 85.13722 49.90211 59.3878 84.86278 49.90211 59.43418 84.59229 49.90211 59.5256 84.33353 49.90211 59.65944 84.09394 49.90211 59.83185 83.88042 49.90211 60.03786 83.69911 49.90211 60.27156 83.55522 49.90211 60.5262 83.45289 49.90211 60.79448 83.39508 49.90211 61.06867 83.38343 49.90211 61.34089 83.41828 49.90211 61.6033 83.49864 49.90211 61.84835 83.6222 49.90211 62.069 83.78539 49.90211 62.25889 83.98352 49.90211 62.41257 84.21089 49.90211 62.52561 84.46097 49.90211 62.59476 84.72655 49.90211 62.61803 85 49.90211 62.88054 85.32245 49.78201 62.79899 85.63562 49.78201 62.66569 85.93051 49.78201 62.48448 86.19863 49.78201 62.26055 86.43227 49.78201 62.00037 86.62471 49.78201 61.7114 86.7704 49.78201 61.40197 86.86516 49.78201 61.08098 86.90626 49.78201 60.75765 86.89253 49.78201 60.4413 86.82435 49.78201 60.14102 86.70368 49.78201 59.86545 86.53401 49.78201 59.62252 86.32021 49.78201 59.41922 86.06842 49.78201 59.26139 85.7859 49.78201 59.15359 85.48077 49.78201 59.09889 85.16181 49.78201 59.09889 84.83819 49.78201 59.15359 84.51923 49.78201 59.26139 84.2141 49.78201 59.41922 83.93158 49.78201 59.62252 83.6798 49.78201 59.86545 83.46599 49.78201 60.14102 83.29631 49.78201 60.4413 83.17565 49.78201 60.75765 83.10747 49.78201 61.08098 83.09374 49.78201 61.40197 83.13484 49.78201 61.7114 83.22961 49.78201 62.00037 83.3753 49.78201 62.26055 83.56773 49.78201 62.48448 83.80137 49.78201 62.66569 84.06949 49.78201 62.79899 84.36437 49.78201 62.88054 84.67755 49.78201 62.90798 85 49.78201 63.14428 85.36767 49.61803 63.0513 85.72477 49.61803 62.89931 86.06101 49.61803 62.69267 86.36674 49.61803 62.43735 86.63314 49.61803 62.14067 86.85256 49.61803 61.81118 87.01869 49.61803 61.45835 87.12674 49.61803 61.09233 87.17361 49.61803 60.72367 87.15795 49.61803 60.36294 87.08021 49.61803 60.02055 86.94262 49.61803 59.70633 86.74916 49.61803 59.42934 86.50536 49.61803 59.19752 86.21826 49.61803 59.01756 85.89612 49.61803 58.89463 85.5482 49.61803 58.83227 85.1845 49.61803 58.83227 84.8155 49.61803 58.89463 84.45181 49.61803 59.01756 84.10388 49.61803 59.19752 83.78173 49.61803 59.42934 83.49464 49.61803 59.70633 83.25085 49.61803 60.02055 83.05738 49.61803 60.36294 82.91979 49.61803 60.72367 82.84205 49.61803 61.09233 82.82639 49.61803 61.45835 82.87326 49.61803 61.81118 82.98131 49.61803 62.14067 83.14744 49.61803 62.43735 83.36686 49.61803 62.69267 83.63327 49.61803 62.89931 83.93898 49.61803 63.0513 84.27523 49.61803 63.14428 84.63233 49.61803 63.17557 85 49.61803 63.37949 85.40801 49.41421 63.27631 85.80427 49.41421 63.10765 86.1774 49.41421 62.87834 86.51666 49.41421 62.59501 86.81228 49.41421 62.26579 87.05577 49.41421 61.90016 87.24012 49.41421 61.50862 87.36003 49.41421 61.10247 87.41204 49.41421 60.69335 87.39466 49.41421 60.29306 87.30839 49.41421 59.91311 87.15571 49.41421 59.56443 86.94102 49.41421 59.25704 86.67049 49.41421 58.9998 86.3519 49.41421 58.8001 85.99442 49.41421 58.66369 85.60832 49.41421 58.59449 85.20474 49.41421 58.59449 84.79526 49.41421 58.66369 84.39167 49.41421 58.8001 84.00558 49.41421 58.9998 83.6481 49.41421 59.25704 83.32952 49.41421 59.56443 83.05898 49.41421 59.91311 82.84429 49.41421 60.29306 82.69161 49.41421 60.69335 82.60534 49.41421 61.10247 82.58796 49.41421 61.50862 82.63997 49.41421 61.90016 82.75988 49.41421 62.26579 82.94422 49.41421 62.59501 83.18772 49.41421 62.87834 83.48334 49.41421 63.10765 83.8226 49.41421 63.27631 84.19573 49.41421 63.37949 84.592 49.41421 63.41421 85 49.41421 63.58037 85.44245 49.17557 63.46849 85.87217 49.17557 63.28558 86.2768 49.17557 63.03693 86.6447 49.17557 62.72967 86.96529 49.17557 62.37266 87.22933 49.17557 61.97615 87.42925 49.17557 61.55157 87.55928 49.17557 61.11111 87.61567 49.17557 60.66746 87.59683 49.17557 60.23338 87.50328 49.17557 59.82135 87.33771 49.17557 59.44323 87.10489 49.17557 59.1099 86.81152 49.17557 58.83094 86.46604 49.17557 58.61437 86.07837 49.17557 58.46644 85.65969 49.17557 58.3914 85.22203 49.17557 58.3914 84.77798 49.17557 58.46644 84.34031 49.17557 58.61437 83.92163 49.17557 58.83094 83.53397 49.17557 59.1099 83.18848 49.17557 59.44323 82.89511 49.17557 59.82135 82.66229 49.17557 60.23338 82.49672 49.17557 60.66746 82.40317 49.17557 61.11111 82.38433 49.17557 61.55157 82.44073 49.17557 61.97615 82.57076 49.17557 62.37266 82.77067 49.17557 62.72967 83.03472 49.17557 63.03693 83.3553 49.17557 63.28558 83.7232 49.17557 63.46849 84.12783 49.17557 63.58037 84.55755 49.17557 63.61803 85 49.17557 63.742 85.47016 48.90798 63.6231 85.9268 48.90798 63.42874 86.35678 48.90798 63.16451 86.74771 48.90798 62.838 87.08838 48.90798 62.45863 87.36897 48.90798 62.03729 87.5814 48.90798 61.58611 87.71957 48.90798 61.11807 87.77951 48.90798 60.64664 87.75948 48.90798 60.18536 87.66007 48.90798 59.74753 87.48413 48.90798 59.34572 87.23673 48.90798 58.99151 86.92498 48.90798 58.69507 86.55786 48.90798 58.46495 86.14591 48.90798 58.30775 85.70101 48.90798 58.22801 85.23593 48.90798 58.22801 84.76407 48.90798 58.30775 84.29899 48.90798 58.46495 83.85408 48.90798 58.69507 83.44214 48.90798 58.99151 83.07501 48.90798 59.34572 82.76327 48.90798 59.74753 82.51587 48.90798 60.18536 82.33993 48.90798 60.64664 82.24052 48.90798 61.11807 82.22049 48.90798 61.58611 82.28043 48.90798 62.03729 82.4186 48.90798 62.45863 82.63104 48.90798 62.838 82.91162 48.90798 63.16451 83.25228 48.90798 63.42874 83.64323 48.90798 63.6231 84.0732 48.90798 63.742 84.52984 48.90798 63.78201 85 48.90798 63.86037 85.49046 48.61803 63.73634 85.96681 48.61803 63.53359 86.41535 48.61803 63.25795 86.82317 48.61803 62.91735 87.17854 48.61803 62.5216 87.47123 48.61803 62.08207 87.69284 48.61803 61.61141 87.83698 48.61803 61.12317 87.8995 48.61803 60.63138 87.87861 48.61803 60.15019 87.7749 48.61803 59.69346 87.59137 48.61803 59.27431 87.33329 48.61803 58.9048 87.00808 48.61803 58.59557 86.62511 48.61803 58.35551 86.19538 48.61803 58.19153 85.73127 48.61803 58.10834 85.24612 48.61803 58.10834 84.75389 48.61803 58.19153 84.26873 48.61803 58.35551 83.80461 48.61803 58.59557 83.37489 48.61803 58.9048 82.99192 48.61803 59.27431 82.66671 48.61803 59.69346 82.40863 48.61803 60.15019 82.22509 48.61803 60.63138 82.12139 48.61803 61.12317 82.1005 48.61803 61.61141 82.16302 48.61803 62.08207 82.30716 48.61803 62.5216 82.52877 48.61803 62.91735 82.82147 48.61803 63.25795 83.17684 48.61803 63.53359 83.58465 48.61803 63.73634 84.03319 48.61803 63.86037 84.50954 48.61803 63.90211 85 48.61803 63.93258 85.50284 48.31287 63.80542 85.99121 48.31287 63.59754 86.45108 48.31287 63.31495 86.86919 48.31287 62.96576 87.23353 48.31287 62.56001 87.53362 48.31287 62.10939 87.76082 48.31287 61.62685 87.90859 48.31287 61.12628 87.9727 48.31287 60.62207 87.95127 48.31287 60.12874 87.84496 48.31287 59.66048 87.65679 48.31287 59.23074 87.39219 48.31287 58.85191 87.05878 48.31287 58.53487 86.66613 48.31287 58.28875 86.22556 48.31287 58.12063 85.74973 48.31287 58.03534 85.25233 48.31287 58.03534 84.74767 48.31287 58.12063 84.25027 48.31287 58.28875 83.77444 48.31287 58.53487 83.33386 48.31287 58.85191 82.94122 48.31287 59.23074 82.60781 48.31287 59.66048 82.34321 48.31287 60.12874 82.15505 48.31287 60.62207 82.04872 48.31287 61.12628 82.0273 48.31287 61.62685 82.0914 48.31287 62.10939 82.23918 48.31287 62.56001 82.46638 48.31287 62.96576 82.76647 48.31287 63.31495 83.13081 48.31287 63.59754 83.54892 48.31287 63.80542 84.00878 48.31287 63.93258 84.49716 48.31287 63.97538 85 48.31287 63.95685 85.507 48 63.82863 85.99942 48 63.61904 86.46308 48 63.33411 86.88466 48 62.98202 87.25202 48 62.57292 87.55459 48 62.11857 87.78366 48 61.63204 87.93267 48 61.12733 87.99729 48 60.61895 87.9757 48 60.12153 87.8685 48 59.64939 87.67877 48 59.2161 87.41199 48 58.83413 87.07582 48 58.51447 86.67993 48 58.26631 86.23571 48 58.0968 85.75593 48 58.01081 85.25442 48 58.01081 84.74559 48 58.0968 84.24407 48 58.26631 83.7643 48 58.51447 83.32008 48 58.83413 82.92418 48 59.2161 82.58801 48 59.64939 82.32122 48 60.12153 82.1315 48 60.61895 82.0243 48 61.12733 82.0027 48 61.63204 82.06733 48 62.11857 82.21633 48 62.57292 82.44541 48 62.98202 82.74798 48 63.33411 83.11534 48 63.61904 83.53691 48 63.82863 84.00058 48 63.95685 84.493 48 64 85 48 38.30952 95.46846 40 38.41432 95.70029 40 38.47842 95.9465 40 38.5 96.2 40 38.47842 96.4535 40 38.41432 96.69971 40 38.30952 96.93154 40 38.16706 97.14233 40 37.99101 97.32601 40 37.78646 97.47729 40 37.55929 97.59184 40 37.31602 97.66633 40 37.06366 97.69865 40 36.80947 97.68785 40 36.56077 97.63425 40 36.32469 97.53939 40 36.10805 97.40599 40 35.91707 97.23791 40 35.75724 97.03997 40 35.63316 96.81785 40 35.5484 96.57797 40 35.5054 96.32721 40 35.5 96.2 40 35.5054 96.07279 40 35.5484 95.82203 40 35.63316 95.58215 40 35.75724 95.36004 40 35.91707 95.16209 40 36.10805 94.99401 40 36.32469 94.86061 40 36.56077 94.76575 40 36.80947 94.71215 40 37.06366 94.70135 40 37.31602 94.73367 40 37.55929 94.80817 40 37.78646 94.92271 40 37.99101 95.07399 40 38.16706 95.25767 40 37.5 96.2 50 37.49281 96.2845 50 37 96.2 50 37.43651 95.95616 50 37.47144 96.03343 50 37.49281 96.1155 50 37.26215 95.77423 50 37.33034 95.82466 50 37.38902 95.88589 50 37.02122 95.70045 50 37.10534 95.71122 50 37.18643 95.73606 50 36.7749 95.75354 50 36.85359 95.72192 50 36.93649 95.70405 50 36.58575 95.92001 50 36.63902 95.85403 50 36.70269 95.798 50 36.5018 96.1576 50 36.51613 96.07402 50 36.54439 95.99405 50 36.54439 96.40596 50 36.51613 96.32599 50 36.5018 96.2424 50 36.70269 96.602 50 36.63902 96.54597 50 36.58575 96.47999 50 36.93649 96.69595 50 36.85359 96.67809 50 36.7749 96.64646 50 37.18643 96.66394 50 37.10534 96.68878 50 37.02122 96.69955 50 37.38902 96.51411 50 37.33034 96.57534 50 37.26215 96.62577 50 37.47144 96.36656 50 37.43651 96.44385 50 37.64699 96.31094 49.98769 37.61894 96.41869 49.98769 37.57308 96.52014 49.98769 37.51073 96.61238 49.98769 37.43369 96.69277 49.98769 37.34418 96.75897 49.98769 37.24476 96.8091 49.98769 37.1383 96.8417 49.98769 37.02786 96.85585 49.98769 36.91662 96.85111 49.98769 36.80778 96.82766 49.98769 36.70447 96.78615 49.98769 36.60966 96.72777 49.98769 36.52608 96.65422 49.98769 36.45614 96.56759 49.98769 36.40184 96.47039 49.98769 36.36475 96.3654 49.98769 36.34593 96.25567 49.98769 36.34593 96.14433 49.98769 36.36475 96.03459 49.98769 36.40184 95.92961 49.98769 36.45614 95.83242 49.98769 36.52608 95.74579 49.98769 36.60966 95.67223 49.98769 36.70447 95.61386 49.98769 36.80778 95.57234 49.98769 36.91662 95.54888 49.98769 37.02786 95.54415 49.98769 37.1383 95.5583 49.98769 37.24476 95.5909 49.98769 37.34418 95.64102 49.98769 37.43369 95.70723 49.98769 37.51073 95.78762 49.98769 37.57308 95.87986 49.98769 37.61894 95.98132 49.98769 37.64699 96.08906 49.98769 37.65644 96.2 49.98769 37.79738 96.33673 49.95106 37.7628 96.46952 49.95106 37.70628 96.59455 49.95106 37.62944 96.70824 49.95106 37.5345 96.80731 49.95106 37.42417 96.8889 49.95106 37.30165 96.95068 49.95106 37.17044 96.99086 49.95106 37.03433 97.00829 49.95106 36.89724 97.00247 49.95106 36.7631 96.97356 49.95106 36.63578 96.9224 49.95106 36.51893 96.85044 49.95106 36.41593 96.75979 49.95106 36.32972 96.65303 49.95106 36.2628 96.53324 49.95106 36.21709 96.40386 49.95106 36.1939 96.26861 49.95106 36.1939 96.13139 49.95106 36.21709 95.99614 49.95106 36.2628 95.86676 49.95106 36.32972 95.74697 49.95106 36.41593 95.64021 49.95106 36.51893 95.54956 49.95106 36.63578 95.47761 49.95106 36.7631 95.42645 49.95106 36.89724 95.39754 49.95106 37.03433 95.39171 49.95106 37.17044 95.40914 49.95106 37.30165 95.44932 49.95106 37.42417 95.5111 49.95106 37.5345 95.59269 49.95106 37.62944 95.69176 49.95106 37.70628 95.80545 49.95106 37.7628 95.93048 49.95106 37.79738 96.06327 49.95106 37.80902 96.2 49.95106 37.94027 96.36122 49.89101 37.8995 96.51781 49.89101 37.83285 96.66526 49.89101 37.74224 96.79932 49.89101 37.63028 96.91613 49.89101 37.50019 97.01235 49.89101 37.3557 97.0852 49.89101 37.20099 97.13258 49.89101 37.04049 97.15313 49.89101 36.87882 97.14627 49.89101 36.72065 97.11218 49.89101 36.57051 97.05184 49.89101 36.43273 96.96701 49.89101 36.31126 96.8601 49.89101 36.20961 96.73421 49.89101 36.1307 96.59295 49.89101 36.07679 96.44039 49.89101 36.04944 96.2809 49.89101 36.04944 96.1191 49.89101 36.07679 95.95961 49.89101 36.1307 95.80705 49.89101 36.20961 95.66579 49.89101 36.31126 95.5399 49.89101 36.43273 95.43299 49.89101 36.57051 95.34815 49.89101 36.72065 95.28783 49.89101 36.87882 95.25373 49.89101 37.04049 95.24687 49.89101 37.20099 95.26742 49.89101 37.3557 95.31481 49.89101 37.50019 95.38765 49.89101 37.63028 95.48387 49.89101 37.74224 95.60069 49.89101 37.83285 95.73474 49.89101 37.8995 95.88219 49.89101 37.94027 96.03878 49.89101 37.95399 96.2 49.89101 38.07214 96.38384 49.80902 38.02565 96.56239 49.80902 37.94965 96.73051 49.80902 37.84634 96.88337 49.80902 37.71867 97.01657 49.80902 37.57033 97.12628 49.80902 37.40559 97.20935 49.80902 37.22917 97.26337 49.80902 37.04617 97.28681 49.80902 36.86183 97.27897 49.80902 36.68147 97.24011 49.80902 36.51028 97.17131 49.80902 36.35317 97.07457 49.80902 36.21467 96.95268 49.80902 36.09876 96.80913 49.80902 36.00878 96.64806 49.80902 35.94731 96.4741 49.80902 35.91613 96.29225 49.80902 35.91613 96.10775 49.80902 35.94731 95.9259 49.80902 36.00878 95.75194 49.80902 36.09876 95.59087 49.80902 36.21467 95.44732 49.80902 36.35317 95.32543 49.80902 36.51028 95.22869 49.80902 36.68147 95.1599 49.80902 36.86183 95.12103 49.80902 37.04617 95.11319 49.80902 37.22917 95.13663 49.80902 37.40559 95.19065 49.80902 37.57033 95.27372 49.80902 37.71867 95.38343 49.80902 37.84634 95.51663 49.80902 37.94965 95.66949 49.80902 38.02565 95.83762 49.80902 38.07214 96.01616 49.80902 38.08779 96.2 49.80902 38.18975 96.404 49.70711 38.13816 96.60214 49.70711 38.05382 96.7887 49.70711 37.93917 96.95833 49.70711 37.79751 97.10614 49.70711 37.6329 97.22789 49.70711 37.45008 97.32006 49.70711 37.25431 97.38002 49.70711 37.05123 97.40602 49.70711 36.84667 97.39733 49.70711 36.64653 97.3542 49.70711 36.45656 97.27786 49.70711 36.28221 97.17051 49.70711 36.12852 97.03524 49.70711 35.9999 96.87595 49.70711 35.90005 96.69721 49.70711 35.83184 96.50417 49.70711 35.79724 96.30237 49.70711 35.79724 96.09763 49.70711 35.83184 95.89584 49.70711 35.90005 95.70279 49.70711 35.9999 95.52405 49.70711 36.12852 95.36476 49.70711 36.28221 95.22949 49.70711 36.45656 95.12214 49.70711 36.64653 95.04581 49.70711 36.84667 95.00267 49.70711 37.05123 94.99398 49.70711 37.25431 95.01998 49.70711 37.45008 95.07994 49.70711 37.6329 95.17211 49.70711 37.79751 95.29386 49.70711 37.93917 95.44167 49.70711 38.05382 95.6113 49.70711 38.13816 95.79786 49.70711 38.18975 95.996 49.70711 38.20711 96.2 49.70711 38.29019 96.42123 49.58779 38.23424 96.63609 49.58779 38.14279 96.8384 49.58779 38.01846 97.02235 49.58779 37.86484 97.18264 49.58779 37.68633 97.31467 49.58779 37.48808 97.41462 49.58779 37.27578 97.47964 49.58779 37.05556 97.50784 49.58779 36.83373 97.49842 49.58779 36.61669 97.45164 49.58779 36.41068 97.36885 49.58779 36.22162 97.25244 49.58779 36.05495 97.10576 49.58779 35.91547 96.93302 49.58779 35.80719 96.73918 49.58779 35.73322 96.52984 49.58779 35.6957 96.31101 49.58779 35.6957 96.08898 49.58779 35.73322 95.87016 49.58779 35.80719 95.66082 49.58779 35.91547 95.46698 49.58779 36.05495 95.29424 49.58779 36.22162 95.14756 49.58779 36.41068 95.03115 49.58779 36.61669 94.94836 49.58779 36.83373 94.90158 49.58779 37.05556 94.89216 49.58779 37.27578 94.92037 49.58779 37.48808 94.98538 49.58779 37.68633 95.08534 49.58779 37.86484 95.21736 49.58779 38.01846 95.37765 49.58779 38.14279 95.5616 49.58779 38.23424 95.76392 49.58779 38.29019 95.97878 49.58779 38.30902 96.2 49.58779 38.371 96.43508 49.45399 38.31155 96.6634 49.45399 38.21437 96.87838 49.45399 38.08226 97.07386 49.45399 37.91901 97.24419 49.45399 37.72932 97.38448 49.45399 37.51865 97.4907 49.45399 37.29306 97.55979 49.45399 37.05904 97.58975 49.45399 36.82332 97.57974 49.45399 36.59268 97.53004 49.45399 36.37376 97.44207 49.45399 36.17286 97.31836 49.45399 35.99576 97.16249 49.45399 35.84754 96.97893 49.45399 35.73247 96.77296 49.45399 35.65388 96.5505 49.45399 35.614 96.31797 49.45399 35.614 96.08203 49.45399 35.65388 95.8495 49.45399 35.73247 95.62704 49.45399 35.84754 95.42107 49.45399 35.99576 95.23751 49.45399 36.17286 95.08164 49.45399 36.37376 94.95793 49.45399 36.59268 94.86997 49.45399 36.82332 94.82026 49.45399 37.05904 94.81024 49.45399 37.29306 94.84021 49.45399 37.51865 94.9093 49.45399 37.72932 95.01552 49.45399 37.91901 95.15581 49.45399 38.08226 95.32614 49.45399 38.21437 95.52161 49.45399 38.31155 95.7366 49.45399 38.371 95.96492 49.45399 38.39101 96.2 49.45399 38.43019 96.44523 49.30902 38.36817 96.68341 49.30902 38.26679 96.90767 49.30902 38.12897 97.11158 49.30902 37.95868 97.28926 49.30902 37.7608 97.43562 49.30902 37.54104 97.54642 49.30902 37.30571 97.61849 49.30902 37.06158 97.64974 49.30902 36.81569 97.6393 49.30902 36.5751 97.58745 49.30902 36.34673 97.49568 49.30902 36.13715 97.36665 49.30902 35.9524 97.20404 49.30902 35.79779 97.01255 49.30902 35.67776 96.79769 49.30902 35.59577 96.56563 49.30902 35.55417 96.32305 49.30902 35.55417 96.07695 49.30902 35.59577 95.83437 49.30902 35.67776 95.60231 49.30902 35.79779 95.38745 49.30902 35.9524 95.19596 49.30902 36.13715 95.03336 49.30902 36.34673 94.90431 49.30902 36.5751 94.81255 49.30902 36.81569 94.7607 49.30902 37.06158 94.75025 49.30902 37.30571 94.78151 49.30902 37.54104 94.85358 49.30902 37.7608 94.96438 49.30902 37.95868 95.11074 49.30902 38.12897 95.28842 49.30902 38.26679 95.49233 49.30902 38.36817 95.71659 49.30902 38.43019 95.95477 49.30902 38.45106 96.2 49.30902 38.46629 96.45142 49.15644 38.40271 96.69561 49.15644 38.29877 96.92554 49.15644 38.15748 97.13459 49.15644 37.98288 97.31677 49.15644 37.78001 97.46681 49.15644 37.55469 97.58041 49.15644 37.31343 97.6543 49.15644 37.06314 97.68635 49.15644 36.81104 97.67564 49.15644 36.56437 97.62248 49.15644 36.33024 97.5284 49.15644 36.11537 97.3961 49.15644 35.92596 97.22939 49.15644 35.76744 97.03307 49.15644 35.64438 96.81278 49.15644 35.56032 96.57486 49.15644 35.51767 96.32617 49.15644 35.51767 96.07383 49.15644 35.56032 95.82514 49.15644 35.64438 95.58722 49.15644 35.76744 95.36693 49.15644 35.92596 95.17061 49.15644 36.11537 95.0039 49.15644 36.33024 94.87161 49.15644 36.56437 94.77752 49.15644 36.81104 94.72436 49.15644 37.06314 94.71366 49.15644 37.31343 94.7457 49.15644 37.55469 94.81959 49.15644 37.78001 94.93319 49.15644 37.98288 95.08323 49.15644 38.15748 95.26541 49.15644 38.29877 95.47446 49.15644 38.40271 95.70439 49.15644 38.46629 95.94858 49.15644 38.48769 96.2 49.15644 38.47842 96.4535 49 38.41432 96.69971 49 38.30952 96.93154 49 38.16706 97.14233 49 37.99101 97.32601 49 37.78646 97.47729 49 37.55929 97.59184 49 37.31602 97.66633 49 37.06366 97.69865 49 36.80947 97.68785 49 36.56077 97.63425 49 36.32469 97.53939 49 36.10805 97.40599 49 35.91707 97.23791 49 35.75724 97.03997 49 35.63316 96.81785 49 35.5484 96.57797 49 35.5054 96.32721 49 35.5054 96.07279 49 35.5484 95.82203 49 35.63316 95.58215 49 35.75724 95.36004 49 35.91707 95.16209 49 36.10805 94.99401 49 36.32469 94.86061 49 36.56077 94.76575 49 36.80947 94.71215 49 37.06366 94.70135 49 37.31602 94.73367 49 37.55929 94.80817 49 37.78646 94.92271 49 37.99101 95.07399 49 38.16706 95.25767 49 38.30952 95.46846 49 38.41432 95.70029 49 38.47842 95.9465 49 38.5 96.2 49 27.23457 35.5 40 27.24994 35.13826 40 27.37221 34.4252 40 27.61322 33.74306 40 27.96605 33.11146 40 28.42055 32.54858 40 28.96364 32.07061 40 29.57969 31.69129 40 30.25099 31.42154 40 30.95822 31.26912 40 31.68103 31.23841 40 32.39864 31.33031 40 33.09039 31.54215 40 33.7364 31.86786 40 34.31806 32.29806 40 34.81866 32.82037 40 35.22378 33.41977 40 35.52178 34.07901 40 35.70407 34.77914 40 35.76543 35.5 40 35.70407 36.22086 40 35.52178 36.92098 40 35.22378 37.58023 40 34.81866 38.17963 40 34.31806 38.70193 40 33.7364 39.13213 40 33.09039 39.45784 40 32.39864 39.66969 40 31.68103 39.76158 40 30.95822 39.73088 40 30.25099 39.57846 40 29.57969 39.30871 40 28.96364 38.92939 40 28.42055 38.45141 40 27.96605 37.88853 40 27.61322 37.25693 40 27.37221 36.57479 40 27.24994 35.86173 40 33.76543 35.5 50 33.73284 35.88286 50 31.5 35.5 50 33.47775 34.39516 50 33.63602 34.74529 50 33.73284 35.11714 50 32.68778 33.57092 50 32.99671 33.7994 50 33.26258 34.07681 50 31.59615 33.23661 50 31.97728 33.28541 50 32.34468 33.39793 50 30.4801 33.47714 50 30.83663 33.33387 50 31.21225 33.25292 50 29.62307 34.23141 50 29.86446 33.93246 50 30.1529 33.6786 50 29.24273 35.30788 50 29.30767 34.92916 50 29.43568 34.56686 50 29.43568 36.43313 50 29.30767 36.07083 50 29.24273 35.69212 50 30.1529 37.32139 50 29.86446 37.06753 50 29.62307 36.76858 50 31.21225 37.74708 50 30.83663 37.66613 50 30.4801 37.52286 50 32.34468 37.60206 50 31.97728 37.71458 50 31.59615 37.76338 50 33.26258 36.92318 50 32.99671 37.20059 50 32.68778 37.42908 50 33.63602 36.2547 50 33.47775 36.60483 50 34.04121 35.93573 49.97537 33.93102 36.35893 49.97537 33.75089 36.75742 49.97537 33.50601 37.11973 49.97537 33.20342 37.43545 49.97537 32.85182 37.69549 49.97537 32.46134 37.89237 49.97537 32.04319 38.02043 49.97537 31.60943 38.07597 49.97537 31.17251 38.05741 49.97537 30.74502 37.96528 49.97537 30.33924 37.80223 49.97537 29.96686 37.57294 49.97537 29.63858 37.28402 49.97537 29.36386 36.94378 49.97537 29.15058 36.562 49.97537 29.0049 36.14967 49.97537 28.93099 35.71865 49.97537 28.93099 35.28134 49.97537 29.0049 34.85032 49.97537 29.15058 34.43799 49.97537 29.36386 34.05622 49.97537 29.63858 33.71597 49.97537 29.96686 33.42705 49.97537 30.33924 33.19777 49.97537 30.74502 33.03472 49.97537 31.17251 32.94258 49.97537 31.60943 32.92402 49.97537 32.04319 32.97957 49.97537 32.46134 33.10762 49.97537 32.85182 33.3045 49.97537 33.20342 33.56454 49.97537 33.50601 33.88026 49.97537 33.75089 34.24257 49.97537 33.93102 34.64106 49.97537 34.04121 35.06426 49.97537 34.0783 35.5 49.97537 34.34199 35.9873 49.90211 34.21875 36.46059 49.90211 34.01731 36.90625 49.90211 33.74344 37.31145 49.90211 33.40503 37.66453 49.90211 33.01182 37.95535 49.90211 32.57512 38.17553 49.90211 32.10749 38.31874 49.90211 31.62238 38.38086 49.90211 31.13375 38.36011 49.90211 30.65566 38.25707 49.90211 30.20186 38.07472 49.90211 29.7854 37.81829 49.90211 29.41827 37.49518 49.90211 29.11103 37.11466 49.90211 28.87251 36.6877 49.90211 28.70958 36.22657 49.90211 28.62693 35.74453 49.90211 28.62693 35.25546 49.90211 28.70958 34.77343 49.90211 28.87251 34.31229 49.90211 29.11103 33.88533 49.90211 29.41827 33.50482 49.90211 29.7854 33.1817 49.90211 30.20186 32.92528 49.90211 30.65566 32.74292 49.90211 31.13375 32.63989 49.90211 31.62238 32.61913 49.90211 32.10749 32.68125 49.90211 32.57512 32.82446 49.90211 33.01182 33.04464 49.90211 33.40503 33.33546 49.90211 33.74344 33.68855 49.90211 34.01731 34.09375 49.90211 34.21875 34.5394 49.90211 34.34199 35.01269 49.90211 34.38346 35.5 49.90211 34.62776 36.03631 49.78201 34.49214 36.55718 49.78201 34.27043 37.04765 49.78201 33.96903 37.4936 49.78201 33.59659 37.88219 49.78201 33.16384 38.20225 49.78201 32.68323 38.44457 49.78201 32.16857 38.60218 49.78201 31.63469 38.67055 49.78201 31.09692 38.6477 49.78201 30.57076 38.5343 49.78201 30.07132 38.33362 49.78201 29.61299 38.05141 49.78201 29.20894 37.6958 49.78201 28.8708 37.27703 49.78201 28.6083 36.80713 49.78201 28.42899 36.29962 49.78201 28.33802 35.76912 49.78201 28.33802 35.23087 49.78201 28.42899 34.70037 49.78201 28.6083 34.19287 49.78201 28.8708 33.72296 49.78201 29.20894 33.30419 49.78201 29.61299 32.94858 49.78201 30.07132 32.66638 49.78201 30.57076 32.46569 49.78201 31.09692 32.35229 49.78201 31.63469 32.32945 49.78201 32.16857 32.39781 49.78201 32.68323 32.55542 49.78201 33.16384 32.79774 49.78201 33.59659 33.11781 49.78201 33.96903 33.5064 49.78201 34.27043 33.95234 49.78201 34.49214 34.44281 49.78201 34.62776 34.96369 49.78201 34.67341 35.5 49.78201 34.89151 36.08153 49.61803 34.74444 36.64633 49.61803 34.50404 37.17815 49.61803 34.17722 37.6617 49.61803 33.77338 38.08306 49.61803 33.30414 38.43011 49.61803 32.783 38.69286 49.61803 32.22495 38.86376 49.61803 31.64604 38.9379 49.61803 31.06293 38.91313 49.61803 30.4924 38.79016 49.61803 29.95085 38.57255 49.61803 29.45387 38.26655 49.61803 29.01575 37.88096 49.61803 28.6491 37.42687 49.61803 28.36446 36.91735 49.61803 28.17004 36.36705 49.61803 28.0714 35.79181 49.61803 28.0714 35.20818 49.61803 28.17004 34.63294 49.61803 28.36446 34.08264 49.61803 28.6491 33.57312 49.61803 29.01575 33.11904 49.61803 29.45387 32.73344 49.61803 29.95085 32.42744 49.61803 30.4924 32.20983 49.61803 31.06293 32.08687 49.61803 31.64604 32.0621 49.61803 32.22495 32.13623 49.61803 32.783 32.30713 49.61803 33.30414 32.56988 49.61803 33.77338 32.91693 49.61803 34.17722 33.33829 49.61803 34.50404 33.82184 49.61803 34.74444 34.35366 49.61803 34.89151 34.91847 49.61803 34.941 35.5 49.61803 35.12672 36.12186 49.41421 34.96945 36.72583 49.41421 34.71238 37.29454 49.41421 34.36289 37.81162 49.41421 33.93105 38.2622 49.41421 33.42926 38.63332 49.41421 32.87198 38.91429 49.41421 32.27523 39.09705 49.41421 31.65617 39.17632 49.41421 31.03262 39.14984 49.41421 30.42252 39.01835 49.41421 29.84341 38.78564 49.41421 29.31196 38.45842 49.41421 28.84346 38.04608 49.41421 28.45138 37.5605 49.41421 28.14701 37.01565 49.41421 27.93909 36.42718 49.41421 27.83362 35.81205 49.41421 27.83362 35.18794 49.41421 27.93909 34.57281 49.41421 28.14701 33.98435 49.41421 28.45138 33.43949 49.41421 28.84346 32.95391 49.41421 29.31196 32.54158 49.41421 29.84341 32.21435 49.41421 30.42252 31.98165 49.41421 31.03262 31.85016 49.41421 31.65617 31.82367 49.41421 32.27523 31.90294 49.41421 32.87198 32.0857 49.41421 33.42926 32.36667 49.41421 33.93105 32.73779 49.41421 34.36289 33.18837 49.41421 34.71238 33.70545 49.41421 34.96945 34.27416 49.41421 35.12672 34.87813 49.41421 35.17964 35.5 49.41421 35.3276 36.15631 49.17557 35.16163 36.79373 49.17557 34.89032 37.39394 49.17557 34.52147 37.93967 49.17557 34.06571 38.4152 49.17557 33.53613 38.80688 49.17557 32.94797 39.10342 49.17557 32.31816 39.2963 49.17557 31.66482 39.37996 49.17557 31.00673 39.352 49.17557 30.36284 39.21324 49.17557 29.75165 38.96764 49.17557 29.19077 38.62229 49.17557 28.69631 38.18711 49.17557 28.28252 37.67464 49.17557 27.96128 37.0996 49.17557 27.74185 36.47854 49.17557 27.63053 35.82934 49.17557 27.63053 35.17066 49.17557 27.74185 34.52145 49.17557 27.96128 33.90039 49.17557 28.28252 33.32535 49.17557 28.69631 32.81288 49.17557 29.19077 32.3777 49.17557 29.75165 32.03235 49.17557 30.36284 31.78676 49.17557 31.00673 31.64799 49.17557 31.66482 31.62003 49.17557 32.31816 31.7037 49.17557 32.94797 31.89658 49.17557 33.53613 32.19311 49.17557 34.06571 32.58479 49.17557 34.52147 33.06032 49.17557 34.89032 33.60605 49.17557 35.16163 34.20626 49.17557 35.3276 34.84369 49.17557 35.38346 35.5 49.17557 35.48922 36.18402 48.90798 35.31624 36.84836 48.90798 35.03347 37.47391 48.90798 34.64905 38.04268 48.90798 34.17404 38.5383 48.90798 33.6221 38.94651 48.90798 33.00912 39.25557 48.90798 32.35271 39.4566 48.90798 31.67178 39.54379 48.90798 30.98591 39.51465 48.90798 30.31482 39.37002 48.90798 29.67783 39.11406 48.90798 29.09326 38.75413 48.90798 28.57793 38.30058 48.90798 28.14666 37.76646 48.90798 27.81186 37.16714 48.90798 27.58316 36.51986 48.90798 27.46714 35.84324 48.90798 27.46714 35.15675 48.90798 27.58316 34.48013 48.90798 27.81186 33.83285 48.90798 28.14666 33.23353 48.90798 28.57793 32.69941 48.90798 29.09326 32.24587 48.90798 29.67783 31.88593 48.90798 30.31482 31.62997 48.90798 30.98591 31.48534 48.90798 31.67178 31.4562 48.90798 32.35271 31.5434 48.90798 33.00912 31.74442 48.90798 33.6221 32.05348 48.90798 34.17404 32.4617 48.90798 34.64905 32.95731 48.90798 35.03347 33.52608 48.90798 35.31624 34.15163 48.90798 35.48922 34.81597 48.90798 35.54744 35.5 48.90798 35.6076 36.20431 48.61803 35.42948 36.88837 48.61803 35.13832 37.53248 48.61803 34.7425 38.11813 48.61803 34.25339 38.62845 48.61803 33.68507 39.04878 48.61803 33.0539 39.36701 48.61803 32.37802 39.574 48.61803 31.67688 39.66378 48.61803 30.97065 39.63378 48.61803 30.27965 39.48486 48.61803 29.62376 39.2213 48.61803 29.02184 38.85069 48.61803 28.49122 38.38368 48.61803 28.04715 37.83372 48.61803 27.70242 37.21661 48.61803 27.46693 36.55012 48.61803 27.34747 35.85343 48.61803 27.34747 35.14656 48.61803 27.46693 34.44987 48.61803 27.70242 33.78338 48.61803 28.04715 33.16628 48.61803 28.49122 32.61631 48.61803 29.02184 32.14931 48.61803 29.62376 31.77869 48.61803 30.27965 31.51513 48.61803 30.97065 31.36621 48.61803 31.67688 31.33621 48.61803 32.37802 31.42599 48.61803 33.0539 31.63298 48.61803 33.68507 31.95122 48.61803 34.25339 32.37154 48.61803 34.7425 32.88186 48.61803 35.13832 33.46751 48.61803 35.42948 34.11162 48.61803 35.6076 34.79568 48.61803 35.66754 35.5 48.61803 35.6798 36.2167 48.31287 35.49856 36.91278 48.31287 35.20228 37.56822 48.31287 34.7995 38.16415 48.31287 34.30179 38.68345 48.31287 33.72349 39.11117 48.31287 33.08121 39.43499 48.31287 32.39345 39.64562 48.31287 31.67999 39.73698 48.31287 30.96134 39.70645 48.31287 30.2582 39.55491 48.31287 29.59078 39.28672 48.31287 28.97828 38.90959 48.31287 28.43833 38.43437 48.31287 27.98645 37.87474 48.31287 27.63566 37.24679 48.31287 27.39603 36.56859 48.31287 27.27448 35.85964 48.31287 27.27448 35.14035 48.31287 27.39603 34.43141 48.31287 27.63566 33.7532 48.31287 27.98645 33.12525 48.31287 28.43833 32.56562 48.31287 28.97828 32.0904 48.31287 29.59078 31.71327 48.31287 30.2582 31.44508 48.31287 30.96134 31.29354 48.31287 31.67999 31.26301 48.31287 32.39345 31.35438 48.31287 33.08121 31.565 48.31287 33.72349 31.88883 48.31287 34.30179 32.31654 48.31287 34.7995 32.83584 48.31287 35.20228 33.43178 48.31287 35.49856 34.08721 48.31287 35.6798 34.7833 48.31287 35.74081 35.5 48.31287 35.70407 36.22086 48 35.52178 36.92098 48 35.22378 37.58023 48 34.81866 38.17963 48 34.31806 38.70193 48 33.7364 39.13213 48 33.09039 39.45784 48 32.39864 39.66969 48 31.68103 39.76158 48 30.95822 39.73088 48 30.25099 39.57846 48 29.57969 39.30871 48 28.96364 38.92939 48 28.42055 38.45141 48 27.96605 37.88853 48 27.61322 37.25693 48 27.37221 36.57479 48 27.24994 35.86173 48 27.24994 35.13826 48 27.37221 34.4252 48 27.61322 33.74306 48 27.96605 33.11146 48 28.42055 32.54858 48 28.96364 32.07061 48 29.57969 31.69129 48 30.25099 31.42154 48 30.95822 31.26912 48 31.68103 31.23841 48 32.39864 31.33031 48 33.09039 31.54215 48 33.7364 31.86786 48 34.31806 32.29806 48 34.81866 32.82037 48 35.22378 33.41977 48 35.52178 34.07901 48 35.70407 34.77914 48 35.76543 35.5 48 54.11857 73.98367 40 53.63204 74.13266 40 53.12733 74.1973 40 52.61895 74.1757 40 52.12153 74.0685 40 51.64939 73.87878 40 51.2161 73.61199 40 50.83413 73.27581 40 50.51447 72.87992 40 50.26631 72.4357 40 50.0968 71.95594 40 50.01081 71.45442 40 50 71.2 40 50.01081 70.94558 40 50.0968 70.44406 40 50.26631 69.9643 40 50.51447 69.52008 40 50.83413 69.12419 40 51.2161 68.78801 40 51.64939 68.52122 40 52.12153 68.3315 40 52.61895 68.2243 40 53.12733 68.2027 40 53.63204 68.26734 40 54.11857 68.41633 40 54.57292 68.64541 40 54.98202 68.94799 40 55.33411 69.31534 40 55.61904 69.73692 40 55.82863 70.20058 40 55.95685 70.693 40 56 71.2 40 55.95685 71.707 40 55.82863 72.19942 40 55.61904 72.66309 40 55.33411 73.08466 40 54.98202 73.45201 40 54.57292 73.75459 40 54 71.2 50 53.98562 71.369 50 53 71.2 50 53.87302 70.71231 50 53.94288 70.86686 50 53.98562 71.031 50 53.52431 70.34847 50 53.66067 70.44933 50 53.77804 70.57178 50 53.04244 70.2009 50 53.21068 70.22245 50 53.37286 70.27211 50 52.5498 70.30708 50 52.70718 70.24383 50 52.87298 70.2081 50 52.17149 70.64002 50 52.27804 70.50806 50 52.40537 70.39601 50 52.0036 71.11519 50 52.03227 70.94802 50 52.08877 70.7881 50 52.08877 71.6119 50 52.03227 71.45198 50 52.0036 71.28481 50 52.40537 72.004 50 52.27804 71.89194 50 52.17149 71.75997 50 52.87298 72.1919 50 52.70718 72.15617 50 52.5498 72.09293 50 53.37286 72.12789 50 53.21068 72.17755 50 53.04244 72.1991 50 53.77804 71.82822 50 53.66067 71.95067 50 53.52431 72.05153 50 53.94288 71.53314 50 53.87302 71.68769 50 54.29399 71.42188 49.97537 54.23788 71.63737 49.97537 54.14616 71.84028 49.97537 54.02146 72.02477 49.97537 53.86738 72.18553 49.97537 53.68835 72.31795 49.97537 53.48951 72.4182 49.97537 53.27659 72.4834 49.97537 53.05572 72.51168 49.97537 52.83324 72.50224 49.97537 52.61556 72.45532 49.97537 52.40894 72.37229 49.97537 52.21932 72.25554 49.97537 52.05217 72.10842 49.97537 51.91228 71.93518 49.97537 51.80368 71.74077 49.97537 51.72949 71.53082 49.97537 51.69186 71.31134 49.97537 51.69186 71.08866 49.97537 51.72949 70.86919 49.97537 51.80368 70.65923 49.97537 51.91228 70.46482 49.97537 52.05217 70.29158 49.97537 52.21932 70.14446 49.97537 52.40894 70.0277 49.97537 52.61556 69.94468 49.97537 52.83324 69.89777 49.97537 53.05572 69.88832 49.97537 53.27659 69.9166 49.97537 53.48951 69.98181 49.97537 53.68835 70.08206 49.97537 53.86738 70.21446 49.97537 54.02146 70.37523 49.97537 54.14616 70.55972 49.97537 54.23788 70.76263 49.97537 54.29399 70.97812 49.97537 54.31287 71.2 49.97537 54.59476 71.47345 49.90211 54.52561 71.73903 49.90211 54.41257 71.98911 49.90211 54.25889 72.21648 49.90211 54.069 72.41461 49.90211 53.84835 72.5778 49.90211 53.60329 72.70136 49.90211 53.34089 72.78172 49.90211 53.06867 72.81658 49.90211 52.79448 72.80493 49.90211 52.5262 72.74711 49.90211 52.27156 72.64479 49.90211 52.03786 72.5009 49.90211 51.83185 72.31958 49.90211 51.65945 72.10606 49.90211 51.5256 71.86647 49.90211 51.43418 71.60771 49.90211 51.3878 71.33722 49.90211 51.3878 71.06278 49.90211 51.43418 70.79229 49.90211 51.5256 70.53353 49.90211 51.65945 70.29394 49.90211 51.83185 70.08042 49.90211 52.03786 69.8991 49.90211 52.27156 69.75521 49.90211 52.5262 69.65289 49.90211 52.79448 69.59507 49.90211 53.06867 69.58342 49.90211 53.34089 69.61828 49.90211 53.60329 69.69864 49.90211 53.84835 69.8222 49.90211 54.069 69.98538 49.90211 54.25889 70.18352 49.90211 54.41257 70.41089 49.90211 54.52561 70.66097 49.90211 54.59476 70.92655 49.90211 54.61803 71.2 49.90211 54.88054 71.52245 49.78201 54.79899 71.83563 49.78201 54.66569 72.13051 49.78201 54.48448 72.39863 49.78201 54.26055 72.63227 49.78201 54.00037 72.8247 49.78201 53.71141 72.97039 49.78201 53.40197 73.06516 49.78201 53.08098 73.10626 49.78201 52.75765 73.09252 49.78201 52.4413 73.02435 49.78201 52.14102 72.90369 49.78201 51.86545 72.73401 49.78201 51.62252 72.52021 49.78201 51.41922 72.26842 49.78201 51.26139 71.9859 49.78201 51.15359 71.68077 49.78201 51.09889 71.36181 49.78201 51.09889 71.0382 49.78201 51.15359 70.71923 49.78201 51.26139 70.4141 49.78201 51.41922 70.13158 49.78201 51.62252 69.87979 49.78201 51.86545 69.66599 49.78201 52.14102 69.49632 49.78201 52.4413 69.37565 49.78201 52.75765 69.30747 49.78201 53.08098 69.29374 49.78201 53.40197 69.33484 49.78201 53.71141 69.42961 49.78201 54.00037 69.5753 49.78201 54.26055 69.76773 49.78201 54.48448 70.00137 49.78201 54.66569 70.26949 49.78201 54.79899 70.56438 49.78201 54.88054 70.87755 49.78201 54.90798 71.2 49.78201 55.14428 71.56768 49.61803 55.0513 71.92477 49.61803 54.8993 72.26101 49.61803 54.69267 72.56674 49.61803 54.43735 72.83314 49.61803 54.14067 73.05256 49.61803 53.81118 73.21869 49.61803 53.45835 73.32674 49.61803 53.09233 73.37361 49.61803 52.72367 73.35795 49.61803 52.36294 73.28021 49.61803 52.02055 73.14263 49.61803 51.70634 72.94915 49.61803 51.42934 72.70536 49.61803 51.19752 72.41826 49.61803 51.01756 72.09612 49.61803 50.89463 71.74819 49.61803 50.83227 71.3845 49.61803 50.83227 71.0155 49.61803 50.89463 70.6518 49.61803 51.01756 70.30388 49.61803 51.19752 69.98174 49.61803 51.42934 69.69464 49.61803 51.70634 69.45085 49.61803 52.02055 69.25738 49.61803 52.36294 69.11979 49.61803 52.72367 69.04205 49.61803 53.09233 69.02639 49.61803 53.45835 69.07326 49.61803 53.81118 69.18132 49.61803 54.14067 69.34744 49.61803 54.43735 69.56686 49.61803 54.69267 69.83326 49.61803 54.8993 70.13899 49.61803 55.0513 70.47523 49.61803 55.14428 70.83232 49.61803 55.17557 71.2 49.61803 55.37949 71.608 49.41421 55.27631 72.00427 49.41421 55.10764 72.3774 49.41421 54.87834 72.71665 49.41421 54.59501 73.01229 49.41421 54.26579 73.25577 49.41421 53.90016 73.44012 49.41421 53.50862 73.56003 49.41421 53.10246 73.61204 49.41421 52.69335 73.59466 49.41421 52.29306 73.50839 49.41421 51.91311 73.35572 49.41421 51.56443 73.14102 49.41421 51.25704 72.87049 49.41421 50.9998 72.5519 49.41421 50.8001 72.19441 49.41421 50.66369 71.80833 49.41421 50.59449 71.40474 49.41421 50.59449 70.99526 49.41421 50.66369 70.59167 49.41421 50.8001 70.20558 49.41421 50.9998 69.8481 49.41421 51.25704 69.52951 49.41421 51.56443 69.25898 49.41421 51.91311 69.04428 49.41421 52.29306 68.89161 49.41421 52.69335 68.80534 49.41421 53.10246 68.78796 49.41421 53.50862 68.83998 49.41421 53.90016 68.95988 49.41421 54.26579 69.14423 49.41421 54.59501 69.38771 49.41421 54.87834 69.68334 49.41421 55.10764 70.0226 49.41421 55.27631 70.39573 49.41421 55.37949 70.79199 49.41421 55.41421 71.2 49.41421 55.58037 71.64245 49.17557 55.46849 72.07217 49.17557 55.28558 72.4768 49.17557 55.03693 72.8447 49.17557 54.72967 73.16529 49.17557 54.37266 73.42933 49.17557 53.97615 73.62924 49.17557 53.55157 73.75927 49.17557 53.11111 73.81568 49.17557 52.66746 73.79683 49.17557 52.23338 73.70328 49.17557 51.82135 73.53771 49.17557 51.44323 73.3049 49.17557 51.1099 73.01152 49.17557 50.83094 72.66603 49.17557 50.61437 72.27837 49.17557 50.46644 71.85969 49.17557 50.3914 71.42202 49.17557 50.3914 70.97798 49.17557 50.46644 70.54032 49.17557 50.61437 70.12163 49.17557 50.83094 69.73397 49.17557 51.1099 69.38848 49.17557 51.44323 69.09511 49.17557 51.82135 68.86229 49.17557 52.23338 68.69673 49.17557 52.66746 68.60317 49.17557 53.11111 68.58432 49.17557 53.55157 68.64073 49.17557 53.97615 68.77075 49.17557 54.37266 68.97067 49.17557 54.72967 69.23471 49.17557 55.03693 69.5553 49.17557 55.28558 69.9232 49.17557 55.46849 70.32783 49.17557 55.58037 70.75755 49.17557 55.61803 71.2 49.17557 55.742 71.67016 48.90798 55.6231 72.1268 48.90798 55.42874 72.55677 48.90798 55.16451 72.94772 48.90798 54.83801 73.28838 48.90798 54.45863 73.56896 48.90798 54.03729 73.7814 48.90798 53.58611 73.91957 48.90798 53.11807 73.97951 48.90798 52.64664 73.95948 48.90798 52.18536 73.86007 48.90798 51.74753 73.68413 48.90798 51.34572 73.43673 48.90798 50.99151 73.12498 48.90798 50.69507 72.75786 48.90798 50.46495 72.34591 48.90798 50.30775 71.901 48.90798 50.22801 71.43593 48.90798 50.22801 70.96407 48.90798 50.30775 70.499 48.90798 50.46495 70.05409 48.90798 50.69507 69.64215 48.90798 50.99151 69.27502 48.90798 51.34572 68.96327 48.90798 51.74753 68.71587 48.90798 52.18536 68.53993 48.90798 52.64664 68.44052 48.90798 53.11807 68.4205 48.90798 53.58611 68.48043 48.90798 54.03729 68.6186 48.90798 54.45863 68.83103 48.90798 54.83801 69.11162 48.90798 55.16451 69.45228 48.90798 55.42874 69.84323 48.90798 55.6231 70.2732 48.90798 55.742 70.72984 48.90798 55.78201 71.2 48.90798 55.86037 71.69046 48.61803 55.73634 72.16681 48.61803 55.53359 72.61534 48.61803 55.25795 73.02317 48.61803 54.91735 73.37854 48.61803 54.5216 73.67124 48.61803 54.08207 73.89284 48.61803 53.61141 74.03697 48.61803 53.12317 74.0995 48.61803 52.63138 74.07861 48.61803 52.15019 73.9749 48.61803 51.69346 73.79137 48.61803 51.27431 73.53329 48.61803 50.9048 73.20809 48.61803 50.59557 72.82511 48.61803 50.35551 72.39538 48.61803 50.19153 71.93127 48.61803 50.10834 71.44612 48.61803 50.10834 70.95388 48.61803 50.19153 70.46873 48.61803 50.35551 70.00462 48.61803 50.59557 69.57489 48.61803 50.9048 69.19191 48.61803 51.27431 68.86671 48.61803 51.69346 68.60863 48.61803 52.15019 68.4251 48.61803 52.63138 68.32139 48.61803 53.12317 68.3005 48.61803 53.61141 68.36302 48.61803 54.08207 68.50716 48.61803 54.5216 68.72877 48.61803 54.91735 69.02146 48.61803 55.25795 69.37683 48.61803 55.53359 69.78466 48.61803 55.73634 70.23319 48.61803 55.86037 70.70954 48.61803 55.90211 71.2 48.61803 55.93258 71.70284 48.31287 55.80541 72.19122 48.31287 55.59754 72.65108 48.31287 55.31495 73.06919 48.31287 54.96576 73.43354 48.31287 54.56001 73.73362 48.31287 54.10939 73.96082 48.31287 53.62685 74.10859 48.31287 53.12628 74.17269 48.31287 52.62208 74.15128 48.31287 52.12874 74.04496 48.31287 51.66048 73.85679 48.31287 51.23074 73.5922 48.31287 50.85191 73.25878 48.31287 50.53487 72.86614 48.31287 50.28875 72.42556 48.31287 50.12063 71.94973 48.31287 50.03534 71.45233 48.31287 50.03534 70.94767 48.31287 50.12063 70.45027 48.31287 50.28875 69.97444 48.31287 50.53487 69.53386 48.31287 50.85191 69.14122 48.31287 51.23074 68.8078 48.31287 51.66048 68.54321 48.31287 52.12874 68.35504 48.31287 52.62208 68.24872 48.31287 53.12628 68.22731 48.31287 53.62685 68.29141 48.31287 54.10939 68.43918 48.31287 54.56001 68.66638 48.31287 54.96576 68.96646 48.31287 55.31495 69.33081 48.31287 55.59754 69.74893 48.31287 55.80541 70.20878 48.31287 55.93258 70.69716 48.31287 55.97538 71.2 48.31287 55.95685 71.707 48 55.82863 72.19942 48 55.61904 72.66309 48 55.33411 73.08466 48 54.98202 73.45201 48 54.57292 73.75459 48 54.11857 73.98367 48 53.63204 74.13266 48 53.12733 74.1973 48 52.61895 74.1757 48 52.12153 74.0685 48 51.64939 73.87878 48 51.2161 73.61199 48 50.83413 73.27581 48 50.51447 72.87992 48 50.26631 72.4357 48 50.0968 71.95594 48 50.01081 71.45442 48 50.01081 70.94558 48 50.0968 70.44406 48 50.26631 69.9643 48 50.51447 69.52008 48 50.83413 69.12419 48 51.2161 68.78801 48 51.64939 68.52122 48 52.12153 68.3315 48 52.61895 68.2243 48 53.12733 68.2027 48 53.63204 68.26734 48 54.11857 68.41633 48 54.57292 68.64541 48 54.98202 68.94799 48 55.33411 69.31534 48 55.61904 69.73692 48 55.82863 70.20058 48 55.95685 70.693 48 56 71.2 48</float_array>
          <technique_common>
            <accessor source="#inlet2-mesh-positions-array" count="5469" stride="3">
              <param name="X" type="float"/>
              <param name="Y" type="float"/>
              <param name="Z" type="float"/>
            </accessor>
          </technique_common>
        </source>
        <source id="inlet2-mesh-normals">
          <float_array id="inlet2-mesh-normals-array" count="32850">-0.5946082 0.8040155 0 -0.5946082 0.8040155 0 -0.6953455 0.7186756 0 -0.6953455 0.7186756 0 -0.7839636 0.6208069 0 -0.7839636 0.6208069 0 -0.8589153 0.5121175 0 -0.8589153 0.5121175 0 -0.9188951 0.3945022 0 -0.9188951 0.3945022 0 -0.9628582 0.2700077 0 -0.9628582 0.2700077 0 -0.9900366 0.1408106 0 -0.9900366 0.1408106 0 -0.999958 0.009155392 0 -0.999958 0.009155392 0 -0.9924489 -0.122659 0 -0.9924489 -0.122659 0 -0.9676402 -0.252334 0 -0.9676402 -0.252334 0 -0.9259646 -0.3776103 0 -0.9259646 -0.3776103 0 -0.868148 -0.4963053 0 -0.868148 -0.4963053 0 0.868148 -0.4963053 0 0.868148 -0.4963053 0 0.9259647 -0.3776102 0 0.9259647 -0.3776102 0 0.9676403 -0.2523336 0 0.9676403 -0.2523336 0 0.992449 -0.1226586 0 0.992449 -0.1226586 0 0.999958 0.009155154 0 0.999958 0.009155154 0 0.9900367 0.1408097 0 0.9900367 0.1408097 0 0.962858 0.2700083 0 0.962858 0.2700083 0 0.9188953 0.3945016 0 0.9188953 0.3945016 0 0.8589152 0.5121178 0 0.8589152 0.5121178 0 0.7839634 0.6208071 0 0.7839634 0.6208071 0 0.6953461 0.718675 0 0.6953461 0.718675 0 0.5946078 0.8040159 0 0.5946078 0.8040159 0 0.08202379 -0.9966304 0 0.08202379 -0.9966304 0 0.2438654 -0.9698091 0 0.2438654 -0.9698091 0 0.3991432 -0.9168886 0 0.3991432 -0.9168886 0 0.5436788 -0.8392934 0 0.5436788 -0.8392934 0 0.6735842 -0.7391104 0 0.6735842 -0.7391104 0 0.7853614 -0.6190376 0 0.7853614 -0.6190376 0 0 -1 0 0 -1 0 0 -1 0 -0.7853614 -0.6190376 0 -0.7853614 -0.6190376 0 -0.6735846 -0.7391101 0 -0.6735846 -0.7391101 0 -0.5436794 -0.839293 0 -0.5436794 -0.839293 0 -0.3991424 -0.916889 0 -0.3991424 -0.916889 0 -0.2438656 -0.9698091 0 -0.2438656 -0.9698091 0 -0.08202379 -0.9966304 0 -0.08202379 -0.9966304 0 -0.08491051 0.9963886 0 -0.08491051 0.9963886 0 -0.2522803 0.9676542 0 -0.2522803 0.9676542 0 -0.4123762 0.9110136 0 -0.4123762 0.9110136 0 -0.5605784 0.8281014 0 -0.5605784 0.8281014 0 -0.6926164 0.7213061 0 -0.6926164 0.7213061 0 -0.8046789 0.5937102 0 -0.8046789 0.5937102 0 -0.8935353 0.448993 0 -0.8935353 0.448993 0 -0.9566236 0.2913269 0 -0.9566236 0.2913269 0 -0.992124 0.1252596 0 -0.992124 0.1252596 0 -0.999013 -0.04441809 0 -0.999013 -0.04441809 0 -0.9770912 -0.2128213 0 -0.9770912 -0.2128213 0 -0.9269927 -0.3750793 0 -0.9269927 -0.3750793 0 -0.8501602 -0.5265241 0 -0.8501602 -0.5265241 0 -0.7488092 -0.6627857 0 -0.7488092 -0.6627857 0 -0.6258652 -0.7799312 0 -0.6258652 -0.7799312 0 -0.4848711 -0.8745856 0 -0.4848711 -0.8745856 0 -0.3298937 -0.9440181 0 -0.3298937 -0.9440181 0 0 1 0 0 1 0 0 1 0 0.3298937 -0.9440181 0 0.3298937 -0.9440181 0 0.4848711 -0.8745856 0 0.4848711 -0.8745856 0 0.625865 -0.7799315 0 0.625865 -0.7799315 0 0.7488094 -0.6627853 0 0.7488094 -0.6627853 0 0.85016 -0.5265246 0 0.85016 -0.5265246 0 0.9269925 -0.3750798 0 0.9269925 -0.3750798 0 0.9770914 -0.2128199 0 0.9770914 -0.2128199 0 0.999013 -0.04441958 0 0.999013 -0.04441958 0 0.9921239 0.1252599 0 0.9921239 0.1252599 0 0.9566236 0.2913269 0 0.9566236 0.2913269 0 0.8935353 0.448993 0 0.8935353 0.448993 0 0.8046786 0.5937108 0 0.8046786 0.5937108 0 0.6926164 0.7213061 0 0.6926164 0.7213061 0 0.5605784 0.8281014 0 0.5605784 0.8281014 0 0.4123765 0.9110136 0 0.4123765 0.9110136 0 0.2522805 0.9676541 0 0.2522805 0.9676541 0 0.08491039 0.9963886 0 0.08491039 0.9963886 0 -0.6080202 0.7939216 0 -0.6080202 0.7939216 0 -0.7306382 0.6827648 0 -0.7306382 0.6827648 0 -0.8332416 0.5529091 0 -0.8332416 0.5529091 0 -0.9130257 0.4079021 0 -0.9130257 0.4079021 0 -0.967798 0.2517279 0 -0.967798 0.2517279 0 -0.9960631 0.08864748 0 -0.9960631 0.08864748 0 -0.997043 -0.0768454 0 -0.997043 -0.0768454 0 -0.9707134 -0.2402409 0 -0.9707134 -0.2402409 0 -0.9177942 -0.3970562 0 -0.9177942 -0.3970562 0 -0.839738 -0.5429918 0 -0.839738 -0.5429918 0 -0.7386716 -0.6740655 0 -0.7386716 -0.6740655 0 -0.6173864 -0.7866602 0 -0.6173864 -0.7866602 0 -0.4791775 -0.877718 0 -0.4791775 -0.877718 0 -0.3278483 -0.9447304 0 -0.3278483 -0.9447304 0 0.608023 0.7939195 0 0.608023 0.7939195 0 0.7306353 0.6827679 0 0.7306353 0.6827679 0 0.8332416 0.5529091 0 0.8332416 0.5529091 0 0.9130257 0.4079021 0 0.9130257 0.4079021 0 0.9677994 0.2517226 0 0.9677994 0.2517226 0 0.9960625 0.0886532 0 0.9960625 0.0886532 0 0.997043 -0.0768454 0 0.997043 -0.0768454 0 0.9707134 -0.2402409 0 0.9707134 -0.2402409 0 0.9177922 -0.3970611 0 0.9177922 -0.3970611 0 0.839738 -0.5429918 0 0.839738 -0.5429918 0 0.7386773 -0.6740592 0 0.7386773 -0.6740592 0 0.6173807 -0.7866646 0 0.6173807 -0.7866646 0 0.4791799 -0.8777167 0 0.4791799 -0.8777167 0 0.3278501 -0.9447298 0 0.3278501 -0.9447298 0 0 0 1 0 0 1 0 0 1 0 0 1 0 0 1 0 0 1 0 0 1 0 0 1 0 0 1 0 0 1 0 0 1 0 0 1 0 0 1 0 0 1 0 0 1 0 0 1 0 0 1 0 0 1 0 0 1 0 0 1 0 0 1 0 0 1 0 0 1 0 0 1 0 0 1 0 0 1 0 0 1 0 0 1 0 0 1 0 0 1 0 0 1 0 0 1 0 0 1 0 0 1 0 0 1 0 0 1 0 0 1 0 0 1 0 0 1 0 0 1 0 0 1 0 0 1 0 0 1 0 0 1 0 0 1 0 0 1 0 0 1 0 0 1 0 0 1 0 0 1 0 0 1 0 0 1 0 0 1 0 0 1 0 0 1 0 0 1 0 0 1 0 0 1 0 0 1 0 0 1 0 0 1 0 0 1 0 0 1 0 0 1 0 0 1 0 0 1 0 0 1 0 0 1 0 0 1 0 0 1 0 0 1 0 0 1 0 0 1 0 0 1 0 0 1 0 0 1 0 0 1 0 0 1 0 0 1 0 0 1 0 0 1 0 0 1 0 0 1 0 0 1 0 0 1 0 0 1 0 0 1 0 0 1 0 0 1 0 0 1 0 0 1 0 0 1 0 0 1 0 0 1 0 0 1 0 0 1 0 0 1 0 0 1 0 0 1 0 0 1 0 0 1 0 0 1 0 0 1 0 0 1 0 0 1 0 0 1 0 0 1 0 0 1 0 0 1 0 0 1 0 0 1 0 0 1 0 0 1 0 0 1 0 0 1 0 0 1 0 0 1 0 0 1 0 0 1 0 0 1 0 0 1 0 0 1 0 0 1 0 0 1 0 0 1 0 0 1 0 0 1 0 0 1 0 0 1 0 0 1 0 0 1 0 0 1 0 0 1 0 0 1 0 0 1 0 0 1 0 0 1 0 0 1 0 0 1 0 0 1 0 0 1 0 0 1 0 0 1 0 0 1 0 0 1 0 0 1 0 0 1 0 0 1 0 0 1 0 0 1 0 0 1 0 0 1 0 0 1 0 0 1 0 0 1 0 0 1 0 0 1 0 0 1 0 0 1 0 0 1 0 0 1 0 0 1 0 0 1 0 0 1 0 0 1 0 0 1 0 0 1 0 0 1 0 0 1 0 0 1 0 0 1 0 0 1 0 0 1 0 0 1 0 0 1 0 0 1 0 0 1 0 0 1 0 0 1 0 0 1 0 0 1 0 0 1 0 0 1 0 0 1 0 0 1 0 0 1 0 0 1 0 0 1 0 0 1 0 0 1 0 0 1 0 0 1 0 0 1 0 0 1 0 0 1 0 0 1 0 0 1 0 0 1 0 0 1 0 0 1 0 0 1 0 0 1 0 0 1 0 0 1 0 0 1 0 0 1 0 0 1 0 0 1 0 0 1 0 0 1 0 0 1 0 0 1 0 0 1 0 0 1 0 0 1 0 0 1 0 0 1 0 0 1 0 0 1 0 0 1 0 0 1 0 0 1 0 0 1 0 0 1 0 0 1 0 0 1 0 0 1 0 0 1 0 0 1 0 0 1 0 0 1 0 0 1 0 0 1 0 0 1 0 0 1 0 0 1 0 0 1 0 0 1 0 0 1 0 0 1 0 0 1 0 0 1 0 0 1 0 0 1 0 0 1 0 0 1 0 0 1 0 0 1 0 0 1 0 0 1 0 0 1 0 0 1 0 0 1 0 0 1 0 0 1 0 0 1 0 0 1 0 0 1 0 0 1 0 0 1 0 0 1 0 0 1 0 0 1 0 0 1 0 0 1 0 0 1 0 0 1 0 0 1 0 0 1 0 0 1 0 0 1 0 0 1 0 0 1 0 0 1 0 0 1 0 0 1 0 0 1 0 0 1 0 0 1 0 0 1 0 0 1 0 0 1 0 0 1 0 0 1 0 0 1 0 0 1 0 0 1 0 0 1 0 0 1 0 0 1 0 0 1 0 0 1 0 0 1 0 0 1 0 0 1 0 0 1 0 0 1 0 0 1 0 0 1 0 0 1 0 0 1 0 0 1 0 0 1 0 0 1 0 0 1 0 0 1 0 0 1 0 0 1 0 0 -1 0 0 -1 0 0 -1 0 0 -1 0 0 -1 0 0 -1 0 0 -1 0 0 -1 0 0 -1 0 0 -1 0 0 -1 0 0 -1 0 0 -1 0 0 -1 0 0 -1 0 0 -1 0 0 -1 0 0 -1 0 0 -1 0 0 -1 0 0 -1 0 0 -1 0 0 -1 0 0 -1 0 0 -1 0 0 -1 0 0 -1 0 0 -1 0 0 -1 0 0 -1 0 0 -1 0 0 -1 0 0 -1 0 0 -1 0 0 -1 0 0 -1 0 0 -1 0 0 -1 0 0 -1 0 0 -1 0 0 -1 0 0 -1 0 0 -1 0 0 -1 0 0 -1 0 0 -1 0 0 -1 0 0 -1 0 0 -1 0 0 -1 0 0 -1 0 0 -1 0 0 -1 0 0 -1 0 0 -1 0 0 -1 0 0 -1 0 0 -1 0 0 -1 0 0 -1 0 0 -1 0 0 -1 0 0 -1 0 0 -1 0 0 -1 0 0 -1 0 0 -1 0 0 -1 0 0 -1 0 0 -1 0 0 -1 0 0 -1 0 0 -1 0 0 -1 0 0 -1 0 0 -1 0 0 -1 0 0 -1 0 0 -1 0 0 -1 0 0 -1 0 0 -1 0 0 -1 0 0 -1 0 0 -1 0 0 -1 0 0 -1 0 0 -1 0 0 -1 0 0 -1 0 0 -1 0 0 -1 0 0 -1 0 0 -1 0 0 -1 0 0 -1 0 0 -1 0 0 -1 0 0 -1 0 0 -1 0 0 -1 0 0 -1 0 0 -1 0 0 -1 0 0 -1 0 0 -1 0 0 -1 0 0 -1 0 0 -1 0 0 -1 0 0 -1 0 0 -1 0 0 -1 0 0 -1 0 0 -1 0 0 -1 0 0 -1 0 0 -1 0 0 -1 0 0 -1 0 0 -1 0 0 -1 0 0 -1 0 0 -1 0 0 -1 0 0 -1 0 0 -1 0 0 -1 0 0 -1 0 0 -1 0 0 -1 0 0 -1 0 0 -1 0 0 -1 0 0 -1 0 0 -1 0 0 -1 0 0 -1 0 0 -1 0 0 -1 0 0 -1 0 0 -1 0 0 -1 0 0 -1 0 0 -1 0 0 -1 0 0 -1 0 0 -1 0 0 -1 0 0 -1 0 0 -1 0 0 -1 0 0 -1 0 0 -1 0 0 -1 0 0 -1 0 0 -1 0 0 -1 0 0 -1 0 0 -1 0 0 -1 0 0 -1 0 0 -1 0 0 -1 0 0 -1 0 0 -1 0 0 -1 0 0 -1 0 0 -1 0 0 -1 0 0 -1 0 0 -1 0 0 -1 0 0 -1 0 0 -1 0 0 -1 0 0 -1 0 0 -1 0 0 -1 0 0 -1 0 0 -1 0 0 -1 0 0 -1 0 0 -1 0 0 -1 0 0 -1 0 0 -1 0 0 -1 0 0 -1 0 0 -1 0 0 -1 0 0 -1 0 0 -1 0 0 -1 0 0 -1 0 0 -1 0 0 -1 0 0 -1 0 0 -1 0 0 -1 0 0 -1 0 0 -1 0 0 -1 0 0 -1 0 0 -1 0 0 -1 0 0 -1 0 0 -1 0 0 -1 0 0 -1 0 0 -1 0 0 -1 -0.9969173 0.07845932 0 -0.9969173 0.07845932 0 -0.9723696 0.2334468 0 -0.9723696 0.2334468 0 -0.9238794 0.3826839 0 -0.9238794 0.3826839 0 -0.8526408 0.5224975 0 -0.8526408 0.5224975 0 -0.7604039 0.6494506 0 -0.7604039 0.6494506 0 -0.6494492 0.760405 0 -0.6494492 0.760405 0 -0.5225005 0.852639 0 -0.5225005 0.852639 0 -0.3826806 0.9238808 0 -0.3826806 0.9238808 0 -0.2334454 0.97237 0 -0.2334454 0.97237 0 -0.07846313 0.996917 0 -0.07846313 0.996917 0 0 1 0 0 1 0 0 1 0 0 1 0 0.07846313 0.996917 0 0.07846313 0.996917 0 0.233445 0.97237 0 0.233445 0.97237 0 0.3826816 0.9238803 0 0.3826816 0.9238803 0 0.5224998 0.8526394 0 0.5224998 0.8526394 0 0.649449 0.7604051 0 0.649449 0.7604051 0 0.7604031 0.6494514 0 0.7604031 0.6494514 0 0.8526416 0.5224963 0 0.8526416 0.5224963 0 0.9238793 0.382684 0 0.9238793 0.382684 0 0.9723697 0.2334461 0 0.9723697 0.2334461 0 0.9969174 0.0784583 0 0.9969174 0.0784583 0 1 0 0 1 0 0 1 0 0 1 0 0 0.9969174 -0.0784583 0 0.9969174 -0.0784583 0 0.97237 -0.2334454 0 0.97237 -0.2334454 0 0.9238793 -0.382684 0 0.9238793 -0.382684 0 0.8526405 -0.522498 0 0.8526405 -0.522498 0 0.7604051 -0.649449 0 0.7604051 -0.649449 0 0.6494481 -0.7604059 0 0.6494481 -0.7604059 0 0.5224992 -0.8526399 0 0.5224992 -0.8526399 0 0.3826816 -0.9238803 0 0.3826816 -0.9238803 0 0.233448 -0.9723693 0 0.233448 -0.9723693 0 0.07845693 -0.9969175 0 0.07845693 -0.9969175 0 0 -1 0 0 -1 0 0 -1 0 0 -1 0 -0.07845693 -0.9969175 0 -0.07845693 -0.9969175 0 -0.2334483 -0.9723692 0 -0.2334483 -0.9723692 0 -0.3826806 -0.9238807 0 -0.3826806 -0.9238807 0 -0.5224998 -0.8526394 0 -0.5224998 -0.8526394 0 -0.6494483 -0.7604058 0 -0.6494483 -0.7604058 0 -0.7604059 -0.6494481 0 -0.7604059 -0.6494481 0 -0.8526397 -0.5224993 0 -0.8526397 -0.5224993 0 -0.9238794 -0.3826839 0 -0.9238794 -0.3826839 0 -0.9723698 -0.2334461 0 -0.9723698 -0.2334461 0 -0.9969173 -0.07845932 0 -0.9969173 -0.07845932 0 -0.9963968 -0.08481329 0 -0.9963968 -0.08481329 0 -0.9677336 -0.2519751 0 -0.9677336 -0.2519751 0 -0.9112309 -0.4118959 0 -0.9112309 -0.4118959 0 -0.82851 -0.5599743 0 -0.82851 -0.5599743 0 -0.7219552 -0.6919398 0 -0.7219552 -0.6919398 0 -0.594633 -0.8039972 0 -0.594633 -0.8039972 0 -0.4502029 -0.8929263 0 -0.4502029 -0.8929263 0 -0.2928267 -0.9561654 0 -0.2928267 -0.9561654 0 -0.1270138 -0.9919009 0 -0.1270138 -0.9919009 0 0.04244071 -0.999099 0 0.04244071 -0.999099 0 0.2106772 -0.9775558 0 0.2106772 -0.9775558 0 0.3728567 -0.9278889 0 0.3728567 -0.9278889 0 0.5243036 -0.8515315 0 0.5243036 -0.8515315 0 0.6606787 -0.7506688 0 0.6606787 -0.7506688 0 0.778038 -0.6282172 0 0.778038 -0.6282172 0 0.8730146 -0.487694 0 0.8730146 -0.487694 0 0.942875 -0.3331467 0 0.942875 -0.3331467 0 0.9856169 -0.168995 0 0.9856169 -0.168995 0 1 0 0 1 0 0 0.9856169 0.1689952 0 0.9856169 0.1689952 0 0.942875 0.3331467 0 0.942875 0.3331467 0 0.8730146 0.487694 0 0.8730146 0.487694 0 0.778038 0.6282172 0 0.778038 0.6282172 0 0.6606792 0.7506684 0 0.6606792 0.7506684 0 0.524303 0.8515318 0 0.524303 0.8515318 0 0.3728567 0.9278889 0 0.3728567 0.9278889 0 0.2106779 0.9775556 0 0.2106779 0.9775556 0 0.04244071 0.999099 0 0.04244071 0.999099 0 -0.127013 0.991901 0 -0.127013 0.991901 0 -0.2928225 0.9561668 0 -0.2928225 0.9561668 0 -0.4502072 0.8929241 0 -0.4502072 0.8929241 0 -0.5946335 0.8039969 0 -0.5946335 0.8039969 0 -0.7219549 0.6919401 0 -0.7219549 0.6919401 0 -0.8285102 0.559974 0 -0.8285102 0.559974 0 -0.9112306 0.4118965 0 -0.9112306 0.4118965 0 -0.9677339 0.2519747 0 -0.9677339 0.2519747 0 -0.9963968 0.08481329 0 -0.9963968 0.08481329 0 -0.9963973 -0.08480852 0 -0.9963973 -0.08480852 0 -0.9677327 -0.2519791 0 -0.9677327 -0.2519791 0 -0.911228 -0.4119024 0 -0.911228 -0.4119024 0 -0.8285105 -0.5599737 0 -0.8285105 -0.5599737 0 -0.721956 -0.691939 0 -0.721956 -0.691939 0 -0.5946345 -0.8039962 0 -0.5946345 -0.8039962 0 -0.4502059 -0.8929247 0 -0.4502059 -0.8929247 0 -0.2928173 -0.9561684 0 -0.2928173 -0.9561684 0 -0.1270151 -0.9919008 0 -0.1270151 -0.9919008 0 0.04243755 -0.9990991 0 0.04243755 -0.9990991 0 0.2106773 -0.9775556 0 0.2106773 -0.9775556 0 0.3728517 -0.927891 0 0.3728517 -0.927891 0 0.5243067 -0.8515294 0 0.5243067 -0.8515294 0 0.6606749 -0.7506722 0 0.6606749 -0.7506722 0 0.7780403 -0.6282144 0 0.7780403 -0.6282144 0 0.873013 -0.4876969 0 0.873013 -0.4876969 0 0.9428773 -0.3331403 0 0.9428773 -0.3331403 0 0.9856159 -0.169001 0 0.9856159 -0.169001 0 1 0 0 1 0 0 0.9856162 0.168999 0 0.9856162 0.168999 0 0.9428773 0.3331403 0 0.9428773 0.3331403 0 0.873013 0.4876969 0 0.873013 0.4876969 0 0.7780354 0.6282204 0 0.7780354 0.6282204 0 0.6606749 0.7506722 0 0.6606749 0.7506722 0 0.5243067 0.8515294 0 0.5243067 0.8515294 0 0.3728623 0.9278867 0 0.3728623 0.9278867 0 0.2106773 0.9775556 0 0.2106773 0.9775556 0 0.04243755 0.9990991 0 0.04243755 0.9990991 0 -0.1270151 0.9919008 0 -0.1270151 0.9919008 0 -0.2928286 0.956165 0 -0.2928286 0.956165 0 -0.4501961 0.8929297 0 -0.4501961 0.8929297 0 -0.5946345 0.8039962 0 -0.5946345 0.8039962 0 -0.721956 0.691939 0 -0.721956 0.691939 0 -0.8285105 0.5599737 0 -0.8285105 0.5599737 0 -0.911228 0.4119024 0 -0.911228 0.4119024 0 -0.9677335 0.2519761 0 -0.9677335 0.2519761 0 -0.9963973 0.08480852 0 -0.9963973 0.08480852 0 -0.9963969 -0.08481317 0 -0.9963969 -0.08481317 0 -0.9677335 -0.2519763 0 -0.9677335 -0.2519763 0 -0.9112309 -0.4118959 0 -0.9112309 -0.4118959 0 -0.828509 -0.5599758 0 -0.828509 -0.5599758 0 -0.721956 -0.691939 0 -0.721956 -0.691939 0 -0.594633 -0.8039972 0 -0.594633 -0.8039972 0 -0.4502078 -0.8929238 0 -0.4502078 -0.8929238 0 -0.2928168 -0.9561685 0 -0.2928168 -0.9561685 0 -0.1270153 -0.9919008 0 -0.1270153 -0.9919008 0 0.04243761 -0.9990992 0 0.04243761 -0.9990992 0 0.2106757 -0.9775561 0 0.2106757 -0.9775561 0 0.3728528 -0.9278905 0 0.3728528 -0.9278905 0 0.5243047 -0.8515307 0 0.5243047 -0.8515307 0 0.6606787 -0.7506688 0 0.6606787 -0.7506688 0 0.7780399 -0.6282148 0 0.7780399 -0.6282148 0 0.8730146 -0.487694 0 0.8730146 -0.487694 0 0.9428748 -0.3331472 0 0.9428748 -0.3331472 0 0.9856168 -0.1689957 0 0.9856168 -0.1689957 0 1 0 0 1 0 0 0.9856171 0.1689937 0 0.9856171 0.1689937 0 0.9428748 0.3331472 0 0.9428748 0.3331472 0 0.8730146 0.487694 0 0.8730146 0.487694 0 0.778035 0.6282209 0 0.778035 0.6282209 0 0.6606787 0.7506688 0 0.6606787 0.7506688 0 0.5243047 0.8515307 0 0.5243047 0.8515307 0 0.3728634 0.9278863 0 0.3728634 0.9278863 0 0.2106757 0.9775561 0 0.2106757 0.9775561 0 0.04243761 0.9990992 0 0.04243761 0.9990992 0 -0.1270153 0.9919008 0 -0.1270153 0.9919008 0 -0.2928282 0.9561651 0 -0.2928282 0.9561651 0 -0.4501979 0.8929288 0 -0.4501979 0.8929288 0 -0.594633 0.8039972 0 -0.594633 0.8039972 0 -0.721956 0.691939 0 -0.721956 0.691939 0 -0.828509 0.5599758 0 -0.828509 0.5599758 0 -0.9112309 0.4118959 0 -0.9112309 0.4118959 0 -0.9677342 0.2519732 0 -0.9677342 0.2519732 0 -0.9963969 0.08481317 0 -0.9963969 0.08481317 0 -1 0 0 -1 0 0 -1 0 0 -1 0 0 -0.9963973 -0.08480864 0 -0.9963973 -0.08480864 0 -0.967733 -0.251978 0 -0.967733 -0.251978 0 -0.911228 -0.4119024 0 -0.911228 -0.4119024 0 -0.8285114 -0.5599722 0 -0.8285114 -0.5599722 0 -0.7219552 -0.6919398 0 -0.7219552 -0.6919398 0 -0.5946345 -0.8039962 0 -0.5946345 -0.8039962 0 -0.450201 -0.8929272 0 -0.450201 -0.8929272 0 -0.2928272 -0.9561654 0 -0.2928272 -0.9561654 0 -0.1270136 -0.991901 0 -0.1270136 -0.991901 0 0.04244065 -0.999099 0 0.04244065 -0.999099 0 0.2106787 -0.9775553 0 0.2106787 -0.9775553 0 0.3728557 -0.9278894 0 0.3728557 -0.9278894 0 0.5243057 -0.8515301 0 0.5243057 -0.8515301 0 0.6606749 -0.7506722 0 0.6606749 -0.7506722 0 0.7780385 -0.6282167 0 0.7780385 -0.6282167 0 0.873013 -0.4876969 0 0.873013 -0.4876969 0 0.9428775 -0.3331398 0 0.9428775 -0.3331398 0 0.985616 -0.1690002 0 0.985616 -0.1690002 0 1 0 0 1 0 0 0.985616 0.1690005 0 0.985616 0.1690005 0 0.9428775 0.3331398 0 0.9428775 0.3331398 0 0.873013 0.4876969 0 0.873013 0.4876969 0 0.7780385 0.6282167 0 0.7780385 0.6282167 0 0.6606753 0.7506718 0 0.6606753 0.7506718 0 0.5243051 0.8515305 0 0.5243051 0.8515305 0 0.3728557 0.9278894 0 0.3728557 0.9278894 0 0.2106795 0.9775552 0 0.2106795 0.9775552 0 0.04244065 0.999099 0 0.04244065 0.999099 0 -0.1270128 0.991901 0 -0.1270128 0.991901 0 -0.292823 0.9561668 0 -0.292823 0.9561668 0 -0.4502053 0.892925 0 -0.4502053 0.892925 0 -0.594635 0.8039958 0 -0.594635 0.8039958 0 -0.7219549 0.6919401 0 -0.7219549 0.6919401 0 -0.8285117 0.5599718 0 -0.8285117 0.5599718 0 -0.9112278 0.4119029 0 -0.9112278 0.4119029 0 -0.9677331 0.2519776 0 -0.9677331 0.2519776 0 -0.9963973 0.08480864 0 -0.9963973 0.08480864 0 -1 0 0 -1 0 0 0 1 0 0 1 0 0 1 0 1 0 0 1 0 0 0 -1 0 0 -1 0 0 -1 0 0 0 -1 0 0 -1 0 0 1 0 0 1 0 0 1 0 0 1 0 0 1 0 0 1 0 0 1 0 0 1 0 0 1 0 0 1 0 0 1 0 0 1 0 0 1 0 0 1 0 0 1 0 0 1 0 0 1 0 0 1 0 0 1 0 0 1 0 0 1 0 0 1 0 0 1 0 0 1 0 0 1 0 0 1 0 0 1 0 0 1 0 0 1 0 0 1 0 0 1 0 0 1 0 0 1 0 0 1 0 0 1 0 0 1 0 0 1 0 0 1 0 0 1 0 0 1 0 0 1 0 0 1 0 0 1 0 0 1 0 0 1 0 0 1 0 0 1 0 0 1 0 0 1 0 0 1 0 0 1 0 0 1 0 0 1 0 0 1 0 0 1 0 0 1 0 0 1 0 0 1 0 0 1 0 0 1 0 0 1 0 0 1 0 0 1 0 0 1 0 0 1 0 0 1 0 0 1 0 0 1 0 0 1 0 0 1 0 0 1 0 0 1 0 0 1 0 0 1 0 0 1 0 0 1 0 0 1 0 0 1 0 0 1 0 0 1 0 0 1 0 0 1 0 0 1 0 0 1 0 0 1 0 0 1 0 0 1 0 0 1 0 0 1 0 0 1 0 0 1 0 0 1 0 0 1 0 0 1 0 0 1 0 0 1 0 0 1 0 0 1 0 0 1 0 0 1 0 0 1 0 0 1 0 0 1 0 0 1 0 0 1 0 0 1 0 0 1 0 0 1 0 0 1 0 0 1 0 0 1 0 0 1 0 0 1 0 0 1 0 0 1 0 0 1 0 0 1 0 0 1 0 0 1 0 0 1 0 0 1 0 0 1 0 0 1 0 0 1 0 0 1 0 0 1 0 0 1 0 0 1 0 0 1 0 0 1 0 0 1 0 0 1 0 0 1 0 0 1 0 0 1 0 0 1 0 0 1 0 0 1 0 0 1 0 0 1 0 0 1 0 0 1 0 0 1 0 0 1 0 0 1 0 0 1 0 0 1 0 0 1 0 0 1 0 0 1 0 0 1 0 0 1 0 0 1 0 0 1 0 0 1 0 0 1 0 0 1 0 0 1 0 0 1 0 0 1 0 0 1 0 0 1 0 0 1 0 0 1 0 0 1 0 0 1 0 0 1 0 0 1 0 0 1 0 0 1 0 0 1 0 0 1 0 0 1 0 0 1 0 0 1 0 0 1 0 0 1 0 0 1 0 0 1 0 0 1 0 0 1 0 0 1 0.9856159 0.1690011 0 0.999099 0.04244303 0 0.9999907 0 -0.004323124 0.999099 -0.04244285 0 0.9856159 -0.1690011 0 0.9856159 -0.1690011 0 0.9428773 -0.3331403 0 0.9428773 -0.3331403 0 0.8730149 -0.4876936 0 0.8730149 -0.4876936 0 0.7780352 -0.6282206 0 0.7780352 -0.6282206 0 0.6606752 -0.7506719 0 0.6606752 -0.7506719 0 0.5243062 -0.8515298 0 0.5243062 -0.8515298 0 0.3728569 -0.9278888 0 0.3728569 -0.9278888 0 0.2106785 -0.9775555 0 0.2106785 -0.9775555 0 0.0424419 -0.999099 0 0.0424419 -0.999099 0 -0.1270184 -0.9919003 0 -0.1270184 -0.9919003 0 -0.2928218 -0.956167 0 -0.2928218 -0.956167 0 -0.4502038 -0.8929258 0 -0.4502038 -0.8929258 0 -0.5946332 -0.8039971 0 -0.5946332 -0.8039971 0 -0.7219554 -0.6919396 0 -0.7219554 -0.6919396 0 -0.8285099 -0.5599743 0 -0.8285099 -0.5599743 0 -0.9112291 -0.4118999 0 -0.9112291 -0.4118999 0 -0.9677329 -0.2519786 0 -0.9677329 -0.2519786 0 -0.9963976 -0.08480501 0 -0.9963976 -0.08480501 0 -0.9963976 0.08480501 0 -0.9963976 0.08480501 0 -0.9677327 0.2519793 0 -0.9677327 0.2519793 0 -0.9112293 0.4118996 0 -0.9112293 0.4118996 0 -0.8285097 0.5599748 0 -0.8285097 0.5599748 0 -0.7219567 0.6919382 0 -0.7219567 0.6919382 0 -0.5946314 0.8039985 0 -0.5946314 0.8039985 0 -0.4502054 0.8929251 0 -0.4502054 0.8929251 0 -0.2928218 0.956167 0 -0.2928218 0.956167 0 -0.1270174 0.9919005 0 -0.1270174 0.9919005 0 0.04244095 0.999099 0 0.04244095 0.999099 0 0.2106785 0.9775555 0 0.2106785 0.9775555 0 0.3728578 0.9278885 0 0.3728578 0.9278885 0 0.5243062 0.8515298 0 0.5243062 0.8515298 0 0.6606752 0.7506719 0 0.6606752 0.7506719 0 0.7780352 0.6282206 0 0.7780352 0.6282206 0 0.8730149 0.4876936 0 0.8730149 0.4876936 0 0.9428773 0.3331403 0 0.9428773 0.3331403 0 0.9856159 0.1690011 0 0 -1 0 0 -1 0 -0.08257889 -0.9965846 0 -0.08257889 -0.9965846 0 -0.2454867 -0.9694001 0 -0.2454867 -0.9694001 0 -0.4016944 -0.9157738 0 -0.4016944 -0.9157738 0 -0.5469481 -0.8371664 0 -0.5469481 -0.8371664 0 -0.677282 -0.7357236 0 -0.677282 -0.7357236 0 -0.78914 -0.6142135 0 -0.78914 -0.6142135 0 -0.8794743 -0.4759464 0 -0.8794743 -0.4759464 0 -0.9458171 -0.3246998 0 -0.9458171 -0.3246998 0 -0.9863614 -0.1645945 0 -0.9863614 -0.1645945 0 -1 0 0 -1 0 0 -0.9863614 0.1645945 0 -0.9863614 0.1645945 0 -0.9458171 0.3246998 0 -0.9458171 0.3246998 0 -0.8794741 0.4759468 0 -0.8794741 0.4759468 0 -0.7891406 0.6142126 0 -0.7891406 0.6142126 0 -0.6772815 0.735724 0 -0.6772815 0.735724 0 -0.5469476 0.8371669 0 -0.5469476 0.8371669 0 -0.4016957 0.9157732 0 -0.4016957 0.9157732 0 -0.2454851 0.9694004 0 -0.2454851 0.9694004 0 -0.08257889 0.9965846 0 -0.08257889 0.9965846 0 0 1 0 0 1 0 0.08257907 0.9965845 0 0.08257907 0.9965845 0 0.2454847 0.9694005 0 0.2454847 0.9694005 0 0.4016954 0.9157733 0 0.4016954 0.9157733 0 0.5469492 0.8371659 0 0.5469492 0.8371659 0 0.6772815 0.735724 0 0.6772815 0.735724 0 0.7891406 0.6142126 0 0.7891406 0.6142126 0 0.8794727 0.4759493 0 0.8794727 0.4759493 0 0.9458171 0.3246998 0 0.9458171 0.3246998 0 0.9863615 0.1645937 0 0.9863615 0.1645937 0 1 0 0 1 0 0 0.9863615 -0.1645937 0 0.9863615 -0.1645937 0 0.9458171 -0.3246998 0 0.9458171 -0.3246998 0 0.8794729 -0.475949 0 0.8794729 -0.475949 0 0.78914 -0.6142135 0 0.78914 -0.6142135 0 0.677282 -0.7357236 0 0.677282 -0.7357236 0 0.5469497 -0.8371655 0 0.5469497 -0.8371655 0 0.4016941 -0.9157739 0 0.4016941 -0.9157739 0 0.2454863 -0.9694001 0 0.2454863 -0.9694001 0 0.08257907 -0.9965845 0 0.08257907 -0.9965845 0 0 0 1 0 0 1 0 0 1 0 0 1 0 0 1 0 0 1 0 0 1 0 0 1 0 0 1 0 0 1 0 0 1 0 0 1 0 0 1 0 0 1 0 0 1 0 0 1 0 0 1 0 0 1 0 0 1 0 0 1 0 0 1 0 0 1 0 0 1 0 0 1 0 0 1 0 0 1 0 0 1 0 0 1 0 0 1 0 0 1 0 0 1 0 0 1 0 0 1 0 0 1 0 0 1 0 0 1 0 0 1 0 0 1 0 0 1 0 0 1 0 0 1 0 0 1 0 0 1 0 0 1 0 0 1 0 0 1 0 0 1 0 0 1 0 0 1 0 0 1 0 0 1 0 0 1 0 0 1 0 0 1 0 0 1 0 0 1 0 0 1 0 0 1 0 0 1 0 0 1 0 0 1 0 0 1 0 0 1 0 0 1 0 0 1 0 0 1 0 0 1 0 0 1 0 0 1 0 0 1 0 0 1 0 0 1 0 0 1 0 0 1 0 0 1 0 0 1 0 0 1 0 0 1 0 0 1 0 0 1 0 0 1 0 0 1 0 0 1 0 0 1 0 0 1 0 0 1 0 0 1 0 0 1 0 0 1 0 0 1 0 0 1 0 0 1 0 0 1 0 0 1 0 0 1 0 0 1 0 0 1 0 0 1 0 0 1 0 0 1 0 0 1 0 0 1 0 0 1 0 0 1 0 0 1 0 0 1 0 0 1 0 0 1 0 0 1 0 0 1 0 0 1 0 0 1 0 0 1 0 0 1 0 0 1 0 0 1 0.9856159 0.1690011 0 0.999099 0.04244118 0 0.9999907 0 -0.004322946 0.999099 -0.04244101 0 0.9856159 -0.1690011 0 0.9856159 -0.1690011 0 0.9428775 -0.3331394 0 0.9428775 -0.3331394 0 0.873014 -0.487695 0 0.873014 -0.487695 0 0.7780357 -0.6282201 0 0.7780357 -0.6282201 0 0.6606747 -0.7506723 0 0.6606747 -0.7506723 0 0.5243067 -0.8515295 0 0.5243067 -0.8515295 0 0.3728573 -0.9278888 0 0.3728573 -0.9278888 0 0.2106782 -0.9775555 0 0.2106782 -0.9775555 0 0.0424419 -0.999099 0 0.0424419 -0.999099 0 -0.1270184 -0.9919003 0 -0.1270184 -0.9919003 0 -0.2928218 -0.956167 0 -0.2928218 -0.956167 0 -0.4502031 -0.8929262 0 -0.4502031 -0.8929262 0 -0.594635 -0.8039958 0 -0.594635 -0.8039958 0 -0.7219554 -0.6919396 0 -0.7219554 -0.6919396 0 -0.8285099 -0.5599743 0 -0.8285099 -0.5599743 0 -0.9112284 -0.4119015 0 -0.9112284 -0.4119015 0 -0.9677329 -0.2519786 0 -0.9677329 -0.2519786 0 -0.9963976 -0.08480501 0 -0.9963976 -0.08480501 0 -0.9963976 0.08480501 0 -0.9963976 0.08480501 0 -0.9677327 0.2519793 0 -0.9677327 0.2519793 0 -0.9112285 0.4119012 0 -0.9112285 0.4119012 0 -0.8285097 0.5599748 0 -0.8285097 0.5599748 0 -0.7219567 0.6919382 0 -0.7219567 0.6919382 0 -0.5946332 0.8039972 0 -0.5946332 0.8039972 0 -0.4502046 0.8929255 0 -0.4502046 0.8929255 0 -0.2928218 0.956167 0 -0.2928218 0.956167 0 -0.1270174 0.9919005 0 -0.1270174 0.9919005 0 0.04244095 0.999099 0 0.04244095 0.999099 0 0.2106782 0.9775555 0 0.2106782 0.9775555 0 0.3728581 0.9278884 0 0.3728581 0.9278884 0 0.5243067 0.8515295 0 0.5243067 0.8515295 0 0.6606747 0.7506723 0 0.6606747 0.7506723 0 0.7780357 0.6282201 0 0.7780357 0.6282201 0 0.873014 0.487695 0 0.873014 0.487695 0 0.9428775 0.3331394 0 0.9428775 0.3331394 0 0.9856159 0.1690011 0 0 0 1 0 0 1 0 0 1 0 0 1 0 0 1 0 0 1 0 0 1 0 0 1 0 0 1 0 0 1 0 0 1 0 0 1 0 0 1 0 0 1 0 0 1 0 0 1 0 0 1 0 0 1 0 0 1 0 0 1 0 0 1 0 0 1 0 0 1 0 0 1 0 0 1 0 0 1 0 0 1 0 0 1 0 0 1 0 0 1 0 0 1 0 0 1 0 0 1 0 0 1 0 0 1 0 0 1 0 0 1 0 0 1 0 0 1 0 0 1 0 0 1 0 0 1 0 0 1 0 0 1 0 0 1 0 0 1 0 0 1 0 0 1 0 0 1 0 0 1 0 0 1 0 0 1 0 0 1 0 0 1 0 0 1 0 0 1 0 0 1 0 0 1 0 0 1 0 0 1 0 0 1 0 0 1 0 0 1 0 0 1 0 0 1 0 0 1 0 0 1 0 0 1 0 0 1 0 0 1 0 0 1 0 0 1 0 0 1 0 0 1 0 0 1 0 0 1 0 0 1 0 0 1 0 0 1 0 0 1 0 0 1 0 0 1 0 0 1 0 0 1 0 0 1 0 0 1 0 0 1 0 0 1 0 0 1 0 0 1 0 0 1 0 0 1 0 0 1 0 0 1 0 0 1 0 0 1 0 0 1 0 0 1 0 0 1 0 0 1 0 0 1 0 0 1 0 0 1 0 0 1 0 0 1 0 0 1 0 0 1 0 0 1 0 0 1 0 0 1 0 0 1 0 0 1 0 0 1 0.07845914 0.006677567 0.996895 0.07620221 0.01984113 0.996895 0.07620167 0.01984131 0.996895 0.07175225 0.03243452 0.996895 0.0717523 0.03243452 0.996895 0.06523889 0.04409408 0.996895 0.06523865 0.04409408 0.996895 0.05684852 0.05448496 0.996895 0.056849 0.05448502 0.996895 0.0468232 0.06330901 0.996895 0.04682362 0.06330913 0.996895 0.03545081 0.07031166 0.9968949 0.03544938 0.070311 0.996895 0.02305769 0.07529044 0.9968951 0.02305811 0.07529073 0.996895 0.01000159 0.07810473 0.996895 0.01000159 0.07810479 0.996895 -0.00334233 0.07867163 0.996895 -0.003341972 0.07867217 0.996895 -0.01658892 0.07697576 0.996895 -0.01658922 0.07697516 0.996895 -0.02935981 0.07306432 0.996895 -0.02935975 0.07306444 0.996895 -0.04128581 0.06705152 0.996895 -0.04128581 0.06705152 0.996895 -0.05202305 0.05911028 0.996895 -0.05202305 0.05911028 0.996895 -0.06126481 0.04946768 0.996895 -0.06126475 0.04946744 0.996895 -0.06874358 0.03840202 0.996895 -0.06874424 0.03840363 0.9968948 -0.07424569 0.02623289 0.9968949 -0.07424521 0.02623212 0.996895 -0.07761037 0.0133078 0.9968949 -0.07761025 0.01330763 0.996895 -0.07874298 0 0.996895 -0.07874298 0 0.996895 -0.07761025 -0.01330763 0.996895 -0.07761025 -0.01330763 0.996895 -0.07424473 -0.0262326 0.996895 -0.07424563 -0.0262323 0.9968949 -0.06874418 -0.03840273 0.9968949 -0.06874299 -0.03840291 0.996895 -0.06126469 -0.04946756 0.996895 -0.06126576 -0.04946756 0.9968949 -0.05202382 -0.0591104 0.996895 -0.05202209 -0.0591101 0.996895 -0.04128491 -0.06705117 0.9968951 -0.04128581 -0.06705152 0.996895 -0.02935928 -0.07306468 0.9968951 -0.02936005 -0.07306516 0.9968949 -0.01659035 -0.07697582 0.9968949 -0.0165891 -0.0769748 0.996895 -0.003341615 -0.07867127 0.996895 -0.003341913 -0.07867163 0.996895 0.01000159 -0.07810479 0.996895 0.01000159 -0.07810473 0.996895 0.02305781 -0.07529079 0.996895 0.02305757 -0.07529145 0.996895 0.0354501 -0.0703116 0.996895 0.03545022 -0.07031106 0.996895 0.0468229 -0.06330865 0.996895 0.0468229 -0.06330823 0.996895 0.05684864 -0.05448442 0.9968951 0.05684882 -0.05448561 0.996895 0.06523895 -0.04409456 0.996895 0.06523859 -0.04409354 0.996895 0.07175207 -0.0324341 0.996895 0.07175225 -0.03243452 0.996895 0.07620173 -0.01984119 0.996895 0.07620191 -0.01984137 0.996895 0.07845902 -0.006677806 0.996895 0.07845878 -0.006677627 0.996895 0.07845878 0.006677806 0.996895 0.2333934 0.01986473 0.9721794 0.2266789 0.059022 0.9721795 0.2266798 0.05902171 0.9721794 0.2134435 0.09648394 0.9721794 0.2134436 0.09648394 0.9721794 0.1940689 0.1311661 0.9721794 0.1940655 0.1311662 0.9721801 0.169107 0.1620766 0.97218 0.1691076 0.1620767 0.9721799 0.139284 0.1883246 0.9721799 0.1392847 0.1883249 0.9721797 0.1054537 0.2091554 0.9721797 0.1054558 0.2091565 0.9721793 0.06859034 0.2239701 0.9721794 0.06859105 0.2239707 0.9721792 0.02975326 0.2323406 0.9721793 0.02975189 0.232339 0.9721797 -0.009940803 0.2340251 0.9721797 -0.009942412 0.2340227 0.9721804 -0.04934912 0.2289764 0.9721802 -0.04934734 0.2289808 0.9721794 -0.08733558 0.2173469 0.9721794 -0.0873363 0.2173437 0.97218 -0.1228121 0.1994573 0.97218 -0.1228122 0.1994569 0.9721801 -0.1547524 0.1758341 0.97218 -0.1547524 0.1758348 0.9721799 -0.1822429 0.1471514 0.97218 -0.1822425 0.1471499 0.9721803 -0.2044904 0.114233 0.9721803 -0.204491 0.1142343 0.97218 -0.2208548 0.0780335 0.97218 -0.2208549 0.0780338 0.9721799 -0.2308661 0.03958606 0.9721799 -0.2308667 0.0395866 0.9721798 -0.2342359 0 0.9721797 -0.2342359 0 0.9721797 -0.2308667 -0.03958618 0.9721797 -0.2308666 -0.03958624 0.9721798 -0.220856 -0.07803332 0.9721797 -0.2208547 -0.07803368 0.97218 -0.204491 -0.1142344 0.97218 -0.2044894 -0.1142345 0.9721803 -0.1822419 -0.1471506 0.9721804 -0.1822436 -0.1471508 0.97218 -0.1547527 -0.1758345 0.9721799 -0.1547546 -0.175835 0.9721795 -0.1228132 -0.199459 0.9721795 -0.1228108 -0.199458 0.9721801 -0.08733618 -0.2173438 0.97218 -0.08733367 -0.2173421 0.9721807 -0.04934537 -0.2289758 0.9721807 -0.04935163 -0.2289816 0.9721789 -0.00994277 -0.2340282 0.9721789 -0.009940445 -0.2340251 0.9721798 0.02975124 -0.2323392 0.9721798 0.02975177 -0.2323381 0.9721799 0.0685898 -0.2239683 0.9721799 0.06859004 -0.2239674 0.97218 0.1054534 -0.2091549 0.9721799 0.1054533 -0.2091556 0.9721798 0.1392844 -0.1883251 0.9721798 0.1392843 -0.1883244 0.9721799 0.1691083 -0.1620762 0.9721798 0.1691082 -0.1620753 0.97218 0.1940661 -0.1311654 0.97218 0.1940674 -0.1311689 0.9721793 0.213444 -0.09648334 0.9721794 0.2134439 -0.09648311 0.9721795 0.2266796 -0.05902218 0.9721794 0.2266796 -0.05902218 0.9721794 0.2333935 -0.01986539 0.9721794 0.2333926 -0.01986467 0.9721797 0.2333926 0.01986515 0.9721797 0.3824837 0.03255498 0.9233886 0.3714799 0.09672701 0.9233887 0.3714834 0.09672582 0.9233873 0.3497926 0.1581171 0.9233872 0.3497904 0.1581175 0.923388 0.3180392 0.2149543 0.9233882 0.3180391 0.2149543 0.9233881 0.2771336 0.2656147 0.9233882 0.2771369 0.2656154 0.9233871 0.228263 0.3086293 0.9233872 0.2282599 0.3086282 0.9233884 0.1728178 0.3427656 0.9233882 0.1728187 0.342766 0.9233878 0.1124062 0.3670417 0.9233879 0.1124055 0.3670412 0.9233882 0.04875785 0.3807588 0.9233881 0.04875981 0.380761 0.9233869 -0.0162909 0.3835245 0.923387 -0.01629114 0.383524 0.9233872 -0.08087444 0.375254 0.9233871 -0.0808748 0.3752532 0.9233874 -0.1431267 0.3561885 0.9233875 -0.1431264 0.3561902 0.9233869 -0.2012666 0.3268764 0.923387 -0.2012667 0.3268743 0.9233878 -0.2536115 0.28816 0.9233878 -0.2536116 0.2881609 0.9233874 -0.2986643 0.2411541 0.9233874 -0.2986649 0.2411559 0.9233868 -0.3351246 0.1872118 0.9233869 -0.3351221 0.1872069 0.9233887 -0.3619397 0.1278796 0.9233885 -0.3619427 0.1278834 0.9233869 -0.3783485 0.06487542 0.923387 -0.3783473 0.06487429 0.9233877 -0.3838689 0 0.9233876 -0.383869 0 0.9233875 -0.3783473 -0.06487476 0.9233877 -0.3783479 -0.06487447 0.9233873 -0.3619417 -0.1278812 0.9233876 -0.3619405 -0.1278816 0.923388 -0.3351233 -0.1872094 0.9233878 -0.3351236 -0.1872094 0.9233877 -0.2986624 -0.2411548 0.9233879 -0.2986636 -0.2411549 0.9233874 -0.2536119 -0.2881606 0.9233875 -0.2536111 -0.2881603 0.9233878 -0.2012658 -0.326875 0.9233878 -0.2012677 -0.3268759 0.923387 -0.1431272 -0.3561897 0.9233869 -0.14313 -0.3561917 0.9233857 -0.08087515 -0.3752574 0.9233857 -0.0808683 -0.3752507 0.923389 -0.01629066 -0.3835198 0.9233889 -0.01629418 -0.3835246 0.9233869 0.04875814 -0.3807612 0.9233871 0.04875713 -0.3807633 0.9233862 0.1124047 -0.3670456 0.9233866 0.1124057 -0.3670419 0.9233879 0.1728182 -0.3427662 0.923388 0.1728183 -0.3427652 0.9233882 0.2282633 -0.308626 0.9233883 0.2282637 -0.3086333 0.9233857 0.2771376 -0.2656186 0.9233859 0.2771361 -0.2656117 0.9233883 0.3180392 -0.2149543 0.9233882 0.3180404 -0.2149572 0.9233871 0.3497926 -0.1581171 0.9233874 0.3497926 -0.1581172 0.9233873 0.3714827 -0.09672778 0.9233874 0.3714802 -0.09672498 0.9233887 0.3824838 -0.0325542 0.9233886 0.3824853 -0.0325554 0.9233879 0.3824853 0.03255409 0.9233879 0.5219814 0.04442691 0.8517991 0.5069646 0.1320048 0.8517991 0.5069643 0.1320049 0.8517992 0.4773638 0.2157816 0.8517993 0.4773612 0.2157821 0.8518007 0.4340288 0.2933518 0.8518003 0.4340335 0.2933519 0.8517979 0.3782126 0.3624858 0.8517976 0.3782041 0.3624843 0.8518021 0.3115069 0.4211851 0.8518019 0.3115106 0.4211865 0.8517999 0.2358457 0.4677743 0.8518005 0.2358456 0.4677742 0.8518006 0.1534005 0.5009034 0.8518005 0.1534014 0.5009042 0.8517999 0.06653958 0.5196238 0.8518002 0.0665403 0.5196246 0.8517997 -0.02223241 0.5233955 0.8517998 -0.02223217 0.5233959 0.8517995 -0.1103704 0.5121093 0.8517996 -0.1103698 0.512111 0.8517985 -0.1953267 0.4860929 0.8517988 -0.1953265 0.486094 0.8517982 -0.2746685 0.4460911 0.8517981 -0.2746686 0.4460881 0.8517996 -0.3461067 0.3932525 0.8517997 -0.3461073 0.3932561 0.8517978 -0.4075911 0.3291046 0.8517979 -0.4075918 0.3291068 0.8517967 -0.4573464 0.2554924 0.8517969 -0.4573437 0.2554874 0.8517998 -0.4939434 0.1745204 0.8517996 -0.4939417 0.1745182 0.851801 -0.516331 0.08853185 0.8518007 -0.5163355 0.08853608 0.8517975 -0.5238704 0 0.8517981 -0.5238703 0 0.8517981 -0.516335 -0.0885331 0.8517982 -0.5163313 -0.08853471 0.8518002 -0.4939429 -0.1745203 0.8517999 -0.4939435 -0.1745201 0.8517996 -0.4573431 -0.2554887 0.8517997 -0.457349 -0.2554883 0.8517968 -0.4075914 -0.3291075 0.8517966 -0.4075886 -0.3291072 0.8517981 -0.3461086 -0.3932547 0.8517978 -0.3461052 -0.3932538 0.8517997 -0.2746673 -0.4460891 0.8517995 -0.2746699 -0.4460903 0.851798 -0.1953299 -0.4860924 0.8517984 -0.1953241 -0.4860883 0.851802 -0.1103664 -0.5121064 0.8518018 -0.1103694 -0.5121094 0.8517996 -0.02223241 -0.523396 0.8517996 -0.02223217 -0.5233955 0.8517999 0.0665397 -0.5196247 0.8517997 0.06654018 -0.5196237 0.8518003 0.1534008 -0.5009043 0.8517999 0.1533994 -0.5009094 0.8517972 0.2358478 -0.4677785 0.8517975 0.2358478 -0.4677786 0.8517975 0.3115114 -0.4211912 0.8517973 0.3115109 -0.4211818 0.8518021 0.3782076 -0.362481 0.8518019 0.3782095 -0.3624895 0.8517974 0.4340307 -0.2933554 0.851798 0.4340276 -0.2933478 0.8518022 0.4773604 -0.2157786 0.8518019 0.4773633 -0.2157831 0.8517992 0.5069646 -0.1320039 0.8517992 0.5069659 -0.1320053 0.8517982 0.5219818 -0.04442751 0.8517988 0.5219814 -0.04442721 0.851799 0.5219814 0.04442691 0.851799 0.6484563 0.05519145 0.7592486 0.6298014 0.1639899 0.759248 0.6298022 0.1639896 0.7592474 0.5930303 0.2680636 0.7592477 0.5930261 0.2680643 0.7592507 0.5391921 0.364431 0.7592508 0.5391942 0.364431 0.7592495 0.4698486 0.4503135 0.7592497 0.4698511 0.4503139 0.7592478 0.386987 0.5232436 0.7592477 0.3869897 0.5232446 0.7592458 0.292993 0.581121 0.7592454 0.2929939 0.5811215 0.7592446 0.1905753 0.6222767 0.759245 0.1905694 0.6222718 0.7592503 0.08265906 0.6455283 0.7592501 0.08266258 0.6455323 0.7592462 -0.02761822 0.6502169 0.7592464 -0.02761936 0.6502152 0.759248 -0.1371118 0.6361942 0.7592478 -0.1371128 0.6361917 0.7592498 -0.2426555 0.6038703 0.759249 -0.2426547 0.603874 0.7592464 -0.3412202 0.5541784 0.7592464 -0.3412202 0.5541781 0.7592466 -0.4299678 0.4885414 0.7592464 -0.4299671 0.4885362 0.7592501 -0.506345 0.4088446 0.7592502 -0.5063441 0.4088415 0.7592524 -0.568155 0.3173897 0.7592521 -0.5681585 0.3173966 0.7592467 -0.6136277 0.2168076 0.7592467 -0.6136277 0.2168074 0.7592468 -0.6414409 0.1099876 0.7592471 -0.641436 0.1099828 0.7592521 -0.6507974 0 0.7592515 -0.6507974 0 0.7592514 -0.6414366 -0.1099862 0.7592511 -0.6414407 -0.1099843 0.7592478 -0.6136254 -0.2168081 0.7592484 -0.6136278 -0.2168074 0.7592467 -0.5681604 -0.3173927 0.7592468 -0.5681563 -0.317393 0.7592496 -0.506346 -0.4088454 0.7592491 -0.5063445 -0.4088453 0.7592502 -0.429965 -0.4885382 0.7592499 -0.42997 -0.4885395 0.7592463 -0.34122 -0.5541782 0.7592466 -0.3412203 -0.5541784 0.7592464 -0.2426567 -0.6038731 0.7592464 -0.2426593 -0.6038749 0.7592441 -0.1371126 -0.6361979 0.7592446 -0.1371092 -0.6361947 0.759248 -0.02761816 -0.6502153 0.7592478 -0.02761948 -0.650217 0.7592464 0.0826596 -0.6455326 0.7592464 0.08266198 -0.6455278 0.7592502 0.1905698 -0.6222718 0.7592503 0.1905696 -0.6222726 0.7592498 0.2929909 -0.5811169 0.7592492 0.2929911 -0.5811159 0.7592501 0.3869882 -0.5232398 0.7592499 0.3869883 -0.5232426 0.7592478 0.4698501 -0.4503149 0.7592479 0.4698495 -0.4503124 0.7592497 0.5391935 -0.3644319 0.7592495 0.5391943 -0.364434 0.7592478 0.5930294 -0.2680631 0.7592484 0.59303 -0.2680641 0.7592477 0.6298021 -0.16399 0.7592474 0.6298002 -0.1639879 0.7592495 0.6484556 -0.05519253 0.759249 0.6484551 -0.05519205 0.7592496 0.6484551 0.05519211 0.7592496 0.7588175 0.06458544 0.6480931 0.7369874 0.191898 0.6480932 0.7369854 0.1918988 0.6480953 0.6939556 0.3136874 0.6480939 0.6939604 0.3136863 0.6480894 0.6309616 0.4264585 0.64809 0.6309644 0.4264584 0.6480873 0.5498169 0.5269569 0.6480878 0.5498169 0.5269569 0.6480878 0.4528547 0.612295 0.6480875 0.4528473 0.6122928 0.6480948 0.3428555 0.680017 0.6480949 0.3428547 0.6800166 0.6480956 0.2230045 0.7281764 0.6480959 0.2230085 0.7281792 0.6480912 0.0967316 0.7553946 0.648091 0.09672665 0.7553896 0.6480976 -0.03232449 0.7608716 0.6480969 -0.03231871 0.7608799 0.6480874 -0.1604422 0.7444729 0.6480882 -0.1604461 0.7444646 0.6480969 -0.2839561 0.7066396 0.6480968 -0.2839543 0.706646 0.6480906 -0.3992902 0.6484944 0.6480913 -0.3992906 0.648491 0.6480944 -0.5031453 0.57168 0.6480948 -0.5031459 0.5716884 0.6480869 -0.5925248 0.4784322 0.6480872 -0.5925241 0.4784292 0.6480901 -0.6648566 0.3714108 0.6480893 -0.6648563 0.3714102 0.6480899 -0.7180615 0.2537072 0.6480898 -0.7180606 0.2537059 0.6480913 -0.7506085 0.1287077 0.6480904 -0.7506073 0.1287064 0.6480922 -0.7615616 0 0.6480925 -0.7615617 0 0.6480925 -0.7506071 -0.1287075 0.6480921 -0.7506099 -0.128706 0.6480891 -0.7180622 -0.2537074 0.6480888 -0.7180612 -0.2537077 0.6480898 -0.6648561 -0.3714105 0.6480899 -0.6648569 -0.3714104 0.6480893 -0.5925247 -0.4784285 0.6480901 -0.592523 -0.4784284 0.6480916 -0.5031442 -0.5716838 0.6480923 -0.5031414 -0.5716832 0.648095 -0.399292 -0.6484901 0.6480945 -0.3992893 -0.6484891 0.6480973 -0.2839521 -0.7066409 0.6480971 -0.2839522 -0.7066409 0.6480969 -0.1604449 -0.7444649 0.6480968 -0.1604464 -0.7444662 0.648095 -0.03232014 -0.7608738 0.6480945 -0.03231835 -0.7608717 0.6480972 0.09673303 -0.755389 0.6480974 0.09672772 -0.7553983 0.6480873 0.2230045 -0.7281833 0.648088 0.2230048 -0.7281823 0.6480889 0.3428576 -0.6800212 0.6480893 0.3428574 -0.680022 0.6480886 0.452851 -0.6122961 0.6480891 0.4528511 -0.6122918 0.6480931 0.5498139 -0.526954 0.6480927 0.5498139 -0.5269541 0.6480927 0.6309621 -0.4264559 0.6480912 0.6309624 -0.4264571 0.6480901 0.6939583 -0.3136906 0.6480896 0.6939545 -0.3136836 0.648097 0.7369846 -0.1918961 0.648097 0.7369871 -0.1918992 0.6480932 0.7588178 -0.0645833 0.648093 0.7588209 -0.0645861 0.6480891 0.7588211 0.06458324 0.6480892 0.8504087 0.07237821 0.5211203 0.8259445 0.2150583 0.5211196 0.8259413 0.2150599 0.5211239 0.7777172 0.3515461 0.5211251 0.7777121 0.3515477 0.5211317 0.7071122 0.4779276 0.5211311 0.707112 0.4779276 0.5211313 0.6161729 0.5905533 0.5211313 0.6161722 0.5905534 0.5211321 0.507506 0.6861914 0.5211325 0.5075091 0.686192 0.5211287 0.3842364 0.762094 0.5211287 0.384238 0.7620947 0.5211267 0.2499206 0.8160682 0.521126 0.2499217 0.8160689 0.5211246 0.1084063 0.8465677 0.521125 0.1084067 0.8465682 0.5211241 -0.036224 0.8527115 0.5211246 -0.03622603 0.8527091 0.5211285 -0.1798107 0.8343221 0.5211284 -0.1798071 0.8343285 0.5211194 -0.3182258 0.7919387 0.5211196 -0.318229 0.7919297 0.5211313 -0.4474815 0.7267625 0.5211301 -0.4474815 0.7267625 0.5211301 -0.5638735 0.6406795 0.5211299 -0.5638735 0.6406803 0.5211291 -0.6640366 0.536172 0.5211286 -0.6640369 0.5361745 0.5211256 -0.7450996 0.4162364 0.5211275 -0.7450999 0.4162372 0.5211265 -0.8047268 0.2843275 0.5211263 -0.804727 0.2843281 0.5211256 -0.8412026 0.1442411 0.5211265 -0.8412033 0.1442421 0.5211248 -0.85348 0 0.5211257 -0.85348 0 0.5211256 -0.8412026 -0.1442411 0.5211264 -0.8412015 -0.1442418 0.5211281 -0.804725 -0.2843286 0.5211285 -0.8047267 -0.2843279 0.5211264 -0.7451012 -0.4162347 0.5211266 -0.745097 -0.4162357 0.5211319 -0.6640353 -0.536171 0.5211312 -0.6640375 -0.5361709 0.5211285 -0.5638686 -0.6406847 0.5211288 -0.563873 -0.6406853 0.5211234 -0.4474872 -0.7267643 0.5211227 -0.4474875 -0.7267644 0.5211224 -0.3182271 -0.7919359 0.5211229 -0.3182265 -0.7919356 0.5211237 -0.1798113 -0.8343247 0.521124 -0.1798112 -0.8343247 0.521124 -0.036224 -0.8527119 0.521124 -0.03622108 -0.8527089 0.5211292 0.1084083 -0.8465653 0.5211285 0.1084088 -0.8465647 0.5211294 0.249918 -0.8160672 0.5211289 0.2499184 -0.8160662 0.5211302 0.3842378 -0.7620921 0.5211306 0.3842374 -0.7620935 0.5211287 0.5075073 -0.6861932 0.5211287 0.5075071 -0.686196 0.5211253 0.6161752 -0.5905556 0.521126 0.6161752 -0.5905563 0.5211251 0.7071146 -0.4779292 0.5211263 0.7071136 -0.4779254 0.5211312 0.7777136 -0.3515444 0.5211315 0.777717 -0.3515521 0.5211213 0.8259429 -0.2150592 0.5211216 0.8259429 -0.2150591 0.5211217 0.8504079 -0.07238179 0.5211212 0.8504046 -0.07237827 0.5211269 0.8504045 0.07238149 0.5211269 0.9210348 0.07839316 0.3815093 0.8945378 0.2329217 0.3815096 0.894541 0.2329195 0.3815034 0.842311 0.3807463 0.3815029 0.8423135 0.3807451 0.3814986 0.7658477 0.5176255 0.3814986 0.765847 0.5176257 0.3814996 0.6673559 0.6396049 0.3814992 0.6673527 0.6396053 0.3815041 0.5496599 0.7431878 0.3815049 0.5496604 0.7431877 0.3815041 0.4161549 0.8253907 0.3815041 0.4161489 0.8253892 0.3815137 0.2706693 0.8838469 0.3815137 0.2706792 0.8838512 0.3814969 0.1174139 0.9168829 0.3814966 0.1174101 0.9168804 0.3815037 -0.03922945 0.9235344 0.3815041 -0.03923249 0.9235315 0.3815106 -0.194745 0.9036173 0.3815105 -0.194745 0.9036173 0.3815104 -0.3446581 0.8577069 0.38151 -0.3446555 0.8577118 0.3815011 -0.484651 0.7871276 0.3815016 -0.4846504 0.7871293 0.3814988 -0.6107062 0.6938993 0.3814994 -0.6107072 0.6938925 0.3815101 -0.7191892 0.580704 0.3815099 -0.7191892 0.5807046 0.381509 -0.8069848 0.4508081 0.381507 -0.8069847 0.4508075 0.381508 -0.8715634 0.3079425 0.3815083 -0.8715634 0.3079424 0.3815085 -0.9110687 0.1562197 0.381509 -0.9110697 0.1562212 0.3815062 -0.924367 0 0.3815045 -0.924367 0 0.3815044 -0.9110707 -0.1562191 0.3815045 -0.9110686 -0.156221 0.381509 -0.8715628 -0.3079441 0.3815085 -0.8715629 -0.307944 0.3815083 -0.8069846 -0.4508079 0.3815079 -0.8069881 -0.4508065 0.3815019 -0.7191916 -0.580706 0.3815025 -0.719191 -0.580706 0.3815034 -0.6107054 -0.6938984 0.3815022 -0.6107022 -0.6938984 0.3815073 -0.4846497 -0.7871255 0.3815076 -0.4846535 -0.7871261 0.3815015 -0.3446594 -0.8577101 0.3815013 -0.344657 -0.8577094 0.3815052 -0.1947454 -0.9036192 0.3815054 -0.1947454 -0.9036193 0.3815054 -0.03923195 -0.9235337 0.3815054 -0.03923267 -0.9235343 0.381504 0.1174086 -0.9168807 0.3815038 0.1174122 -0.9168767 0.3815121 0.2706786 -0.8838449 0.3815118 0.270676 -0.8838492 0.3815039 0.4161548 -0.8253906 0.3815043 0.4161536 -0.8253934 0.3814994 0.5496595 -0.7431906 0.3815 0.5496602 -0.7431875 0.3815049 0.6673521 -0.639606 0.3815042 0.6673521 -0.6396046 0.3815063 0.765847 -0.5176216 0.3815053 0.7658474 -0.5176259 0.3814985 0.8423117 -0.3807488 0.3814987 0.8423102 -0.3807436 0.3815072 0.8945395 -0.2329209 0.381506 0.8945393 -0.2329203 0.381507 0.9210356 -0.07838916 0.3815084 0.9210386 -0.07839345 0.3815001 0.921039 0.07838904 0.3815002 0.9690579 0.0824759 0.2326464 0.9411799 0.2450627 0.232647 0.9411771 0.2450658 0.2326551 0.8862249 0.4005962 0.2326545 0.8862247 0.4005964 0.2326551 0.8057721 0.5446122 0.2326558 0.8057741 0.5446112 0.2326514 0.7021459 0.6729524 0.2326504 0.7021491 0.6729514 0.2326438 0.5783208 0.7819345 0.2326447 0.5783174 0.781935 0.2326514 0.4378488 0.8684251 0.2326507 0.4378525 0.8684251 0.2326437 0.2847878 0.9299318 0.2326431 0.284782 0.9299307 0.2326546 0.1235361 0.9646815 0.2326552 0.1235348 0.964681 0.232658 -0.04127866 0.9716821 0.2326583 -0.04127478 0.9716845 0.2326495 -0.2049019 0.9507313 0.2326485 -0.2048994 0.9507334 0.2326421 -0.3626211 0.9024318 0.2326429 -0.3626273 0.9024246 0.2326614 -0.5099193 0.8281611 0.2326617 -0.5099178 0.8281638 0.2326558 -0.6425476 0.7300716 0.2326545 -0.6425458 0.7300763 0.2326447 -0.756688 0.6109828 0.2326441 -0.7566881 0.6109822 0.2326452 -0.8490597 0.4743137 0.2326463 -0.8490597 0.4743124 0.2326487 -0.917005 0.3239995 0.2326505 -0.9170047 0.3239979 0.2326537 -0.958571 0.1643609 0.2326526 -0.9585723 0.1643651 0.232644 -0.9725615 0 0.2326454 -0.9725617 0 0.2326455 -0.9585729 -0.1643612 0.2326441 -0.9585708 -0.1643639 0.2326506 -0.9170057 -0.323998 0.2326499 -0.917004 -0.3239995 0.2326543 -0.8490567 -0.4743149 0.2326543 -0.8490602 -0.4743127 0.2326462 -0.7566878 -0.6109827 0.2326452 -0.7566883 -0.6109824 0.232644 -0.6425462 -0.7300758 0.2326447 -0.6425456 -0.730076 0.2326459 -0.5099231 -0.8281632 0.2326461 -0.5099176 -0.8281635 0.2326568 -0.3626244 -0.9024271 0.232656 -0.3626285 -0.9024276 0.2326481 -0.2048994 -0.950732 0.2326477 -0.204899 -0.9507318 0.2326486 -0.04127877 -0.9716842 0.2326495 -0.04127734 -0.9716836 0.2326526 0.1235337 -0.9646825 0.2326523 0.12353 -0.964685 0.2326437 0.2847855 -0.9299324 0.2326436 0.2847912 -0.9299265 0.2326596 0.437852 -0.8684212 0.2326591 0.4378511 -0.8684225 0.2326559 0.5783191 -0.7819324 0.232656 0.5783166 -0.7819375 0.2326446 0.7021446 -0.6729561 0.2326439 0.7021455 -0.6729528 0.2326504 0.8057746 -0.5446105 0.2326514 0.8057749 -0.5446082 0.2326558 0.886224 -0.4005981 0.2326552 0.8862239 -0.4005984 0.2326544 0.9411784 -0.245061 0.2326549 0.9411793 -0.245065 0.232647 0.9690576 -0.08248007 0.2326465 0.9690559 -0.08247619 0.2326548 0.9690557 0.08247947 0.2326548 0.9933469 0.08454698 0.07818996 0.9647693 0.2512102 0.07818984 0.9647715 0.2512055 0.07817816 0.9084399 0.4106397 0.07817953 0.9084408 0.4106383 0.0781759 0.8259733 0.5582622 0.07817608 0.8259711 0.5582645 0.07818311 0.719744 0.689823 0.07818472 0.7197465 0.6898211 0.07817769 0.5928146 0.8015356 0.07817637 0.5928169 0.8015345 0.07817065 0.4488283 0.8901923 0.07817077 0.4488242 0.8901935 0.07818049 0.2919243 0.9532406 0.07818233 0.291926 0.9532404 0.07817846 0.1266273 0.9888648 0.07817828 0.1266331 0.9888651 0.07816547 -0.04231101 0.9960421 0.07816529 -0.04231351 0.9960416 0.07817101 -0.2100351 0.9745638 0.07817143 -0.210038 0.9745626 0.07817858 -0.3717136 0.9250498 0.07817822 -0.3717105 0.9250518 0.07816994 -0.5227013 0.8489245 0.07817059 -0.5227029 0.848923 0.07817548 -0.6586562 0.7483718 0.07817745 -0.6586551 0.7483732 0.07817363 -0.7756526 0.6263002 0.07817399 -0.7756543 0.6262971 0.0781821 -0.8703406 0.4862046 0.07818144 -0.8703414 0.4862024 0.07818675 -0.9399914 0.3321194 0.0781846 -0.9399912 0.3321211 0.07818078 -0.9825993 0.1684818 0.07818192 -0.9825994 0.1684809 0.07818382 -0.9969391 0 0.07818269 -0.996939 0 0.07818269 -0.9825993 -0.1684809 0.07818382 -0.9825993 -0.1684809 0.07818394 -0.9399908 -0.3321211 0.07818478 -0.9399917 -0.3321194 0.07818055 -0.8703407 -0.4862046 0.07818084 -0.8703405 -0.4862048 0.07818144 -0.7756541 -0.6262972 0.0781821 -0.7756544 -0.6262971 0.07818156 -0.6586529 -0.7483741 0.07818269 -0.6586514 -0.748375 0.07818657 -0.5227026 -0.8489223 0.07818573 -0.5227047 -0.8489215 0.0781809 -0.3717158 -0.9250487 0.07818114 -0.3717147 -0.9250489 0.07818382 -0.2100324 -0.9745633 0.07818442 -0.2100355 -0.9745632 0.07817733 -0.04231363 -0.9960412 0.07817709 -0.04231351 -0.9960411 0.07817739 0.1266325 -0.9888643 0.07817745 0.1266304 -0.9888649 0.07817232 0.2919245 -0.9532414 0.07817274 0.2919238 -0.9532418 0.07817077 0.4488284 -0.8901924 0.07816964 0.4488288 -0.8901921 0.07817077 0.5928115 -0.8015385 0.07817071 0.5928162 -0.8015335 0.07818609 0.7197464 -0.6898203 0.07818603 0.719744 -0.6898239 0.07817631 0.8259732 -0.5582622 0.07817631 0.8259732 -0.5582623 0.07817608 0.9084401 -0.4106397 0.0781759 0.90844 -0.4106403 0.07817453 0.9647704 -0.2512105 0.07817518 0.9647709 -0.251204 0.0781899 0.9933473 -0.08454298 0.0781899 0.9933477 -0.08454751 0.07817959 0.9933481 0.08454257 0.07817965 -0.999099 -0.04243952 0 -0.9856163 -0.1689982 0 -0.9856163 -0.1689982 0 -0.9428771 -0.3331409 0 -0.9428771 -0.3331409 0 -0.8730128 -0.4876974 0 -0.8730128 -0.4876974 0 -0.7780357 -0.6282202 0 -0.7780357 -0.6282202 0 -0.6606752 -0.7506719 0 -0.6606752 -0.7506719 0 -0.5243076 -0.851529 0 -0.5243076 -0.851529 0 -0.372857 -0.9278888 0 -0.372857 -0.9278888 0 -0.2106773 -0.9775557 0 -0.2106773 -0.9775557 0 -0.04244351 -0.9990988 0 -0.04244351 -0.9990988 0 0.1270213 -0.9918999 0 0.1270213 -0.9918999 0 0.2928206 -0.9561674 0 0.2928206 -0.9561674 0 0.450206 -0.8929247 0 0.450206 -0.8929247 0 0.5946311 -0.8039987 0 0.5946311 -0.8039987 0 0.7219565 -0.6919385 0 0.7219565 -0.6919385 0 0.8285088 -0.559976 0 0.8285088 -0.559976 0 0.9112288 -0.4119003 0 0.9112288 -0.4119003 0 0.967732 -0.2519816 0 0.967732 -0.2519816 0 0.9963978 -0.08480256 0 0.9963978 -0.08480256 0 0.9963978 0.08480215 0 0.9963978 0.08480215 0 0.967732 0.2519816 0 0.967732 0.2519816 0 0.9112288 0.4119003 0 0.9112288 0.4119003 0 0.8285088 0.559976 0 0.8285088 0.559976 0 0.7219539 0.6919411 0 0.7219539 0.6919411 0 0.5946345 0.8039962 0 0.5946345 0.8039962 0 0.450206 0.8929247 0 0.450206 0.8929247 0 0.2928206 0.9561674 0 0.2928206 0.9561674 0 0.1270161 0.9919007 0 0.1270161 0.9919007 0 -0.04244089 0.999099 0 -0.04244089 0.999099 0 -0.2106798 0.9775551 0 -0.2106798 0.9775551 0 -0.3728548 0.9278898 0 -0.3728548 0.9278898 0 -0.5243057 0.8515301 0 -0.5243057 0.8515301 0 -0.6606782 0.7506693 0 -0.6606782 0.7506693 0 -0.7780336 0.6282227 0 -0.7780336 0.6282227 0 -0.8730128 0.4876974 0 -0.8730128 0.4876974 0 -0.9428777 0.3331392 0 -0.9428777 0.3331392 0 -0.9856163 0.1689991 0 -0.9856163 0.1689991 0 -0.999099 0.04243904 0 -0.9999982 0 0.00192064 -0.9963977 -0.08480328 0 -0.9963977 -0.08480328 0 -0.9677338 -0.2519748 0 -0.9677338 -0.2519748 0 -0.911226 -0.4119065 0 -0.911226 -0.4119065 0 -0.8285108 -0.5599732 0 -0.8285108 -0.5599732 0 -0.7219529 -0.6919422 0 -0.7219529 -0.6919422 0 -0.5946397 -0.8039923 0 -0.5946397 -0.8039923 0 -0.4501979 -0.8929288 0 -0.4501979 -0.8929288 0 -0.2928249 -0.956166 0 -0.2928249 -0.956166 0 -0.1270171 -0.9919006 0 -0.1270171 -0.9919006 0 0.04244118 -0.999099 0 0.04244118 -0.999099 0 0.2106727 -0.9775566 0 0.2106727 -0.9775566 0 0.3728592 -0.927888 0 0.3728592 -0.927888 0 0.5243064 -0.8515297 0 0.5243064 -0.8515297 0 0.6606764 -0.7506709 0 0.6606764 -0.7506709 0 0.7780373 -0.6282181 0 0.7780373 -0.6282181 0 0.8730136 -0.4876959 0 0.8730136 -0.4876959 0 0.9428778 -0.333139 0 0.9428778 -0.333139 0 0.9856154 -0.1690037 0 0.9856154 -0.1690037 0 0.9990993 -0.04243451 0 0.9990993 -0.04243451 0 0.9990992 0.0424354 0 0.9990992 0.0424354 0 0.9856157 0.1690019 0 0.9856157 0.1690019 0 0.9428778 0.333139 0 0.9428778 0.333139 0 0.8730136 0.4876959 0 0.8730136 0.4876959 0 0.7780373 0.6282181 0 0.7780373 0.6282181 0 0.6606704 0.7506762 0 0.6606704 0.7506762 0 0.5243141 0.8515249 0 0.5243141 0.8515249 0 0.3728501 0.9278916 0 0.3728501 0.9278916 0 0.2106829 0.9775545 0 0.2106829 0.9775545 0 0.04244118 0.999099 0 0.04244118 0.999099 0 -0.1270171 0.9919006 0 -0.1270171 0.9919006 0 -0.2928249 0.956166 0 -0.2928249 0.956166 0 -0.4502063 0.8929246 0 -0.4502063 0.8929246 0 -0.594626 0.8040024 0 -0.594626 0.8040024 0 -0.7219581 0.6919369 0 -0.7219581 0.6919369 0 -0.8285108 0.5599732 0 -0.8285108 0.5599732 0 -0.9112279 0.4119026 0 -0.9112279 0.4119026 0 -0.9677331 0.2519775 0 -0.9677331 0.2519775 0 -0.9963977 0.08480328 0 -0.9963977 0.08480328 0 -0.7853624 0.6190362 0 -0.7853624 0.6190362 0 -0.6735846 0.7391101 0 -0.6735846 0.7391101 0 -0.5436781 0.8392938 0 -0.5436781 0.8392938 0 -0.3991464 0.9168872 0 -0.3991464 0.9168872 0 -0.2438653 0.9698091 0 -0.2438653 0.9698091 0 -0.08202087 0.9966306 0 -0.08202087 0.9966306 0 0 1 0 0 1 0 0 1 0 0 1 0 0 1 0 0 1 0 0 1 0 0.08202087 0.9966306 0 0.08202087 0.9966306 0 0.2438656 0.9698091 0 0.2438656 0.9698091 0 0.3991459 0.9168874 0 0.3991459 0.9168874 0 0.5436781 0.8392938 0 0.5436781 0.8392938 0 0.6735846 0.7391101 0 0.6735846 0.7391101 0 0.7853624 0.6190362 0 0.7853624 0.6190362 0 0.8749132 0.4842799 0 0.8749132 0.4842799 0 0.940797 0.3389704 0 0.940797 0.3389704 0 0.9827325 0.1850315 0 0.9827325 0.1850315 0 0.9996519 0.02638393 0 0.9996519 0.02638393 0 0.9911243 -0.1329385 0 0.9911243 -0.1329385 0 0.9573673 -0.2888736 0 0.9573673 -0.2888736 0 0.8992391 -0.4374576 0 0.8992391 -0.4374576 0 0.8182209 -0.574904 0 0.8182209 -0.574904 0 0.7163736 -0.697717 0 0.7163736 -0.697717 0 0.5962909 -0.8027684 0 0.5962909 -0.8027684 0 0.4610294 -0.8873849 0 0.4610294 -0.8873849 0 0.3140309 -0.9494128 0 0.3140309 -0.9494128 0 0.15904 -0.9872722 0 0.15904 -0.9872722 0 0.03991949 -0.9992029 0 0 -0.9999692 -0.00785607 -0.03991955 -0.9992029 0 -0.15904 -0.9872722 0 -0.15904 -0.9872722 0 -0.3140309 -0.9494128 0 -0.3140309 -0.9494128 0 -0.4610294 -0.8873849 0 -0.4610294 -0.8873849 0 -0.5962909 -0.8027684 0 -0.5962909 -0.8027684 0 -0.7163736 -0.697717 0 -0.7163736 -0.697717 0 -0.8182212 -0.5749037 0 -0.8182212 -0.5749037 0 -0.8992391 -0.4374576 0 -0.8992391 -0.4374576 0 -0.9573671 -0.288874 0 -0.9573671 -0.288874 0 -0.9911244 -0.132938 0 -0.9911244 -0.132938 0 -0.9996519 0.0263825 0 -0.9996519 0.0263825 0 -0.9827324 0.1850324 0 -0.9827324 0.1850324 0 -0.9407973 0.3389695 0 -0.9407973 0.3389695 0 -0.8749127 0.4842807 0 -0.8749127 0.4842807 0 0.9856157 0.1690019 0 0.999099 0.04244339 0 0.9999968 0 -0.002521872 0.9990988 -0.04244393 0 0.9856159 -0.1690009 0 0.9856159 -0.1690009 0 0.9428775 -0.3331397 0 0.9428775 -0.3331397 0 0.8730136 -0.4876958 0 0.8730136 -0.4876958 0 0.7780352 -0.6282206 0 0.7780352 -0.6282206 0 0.6606744 -0.7506726 0 0.6606744 -0.7506726 0 0.52431 -0.8515275 0 0.52431 -0.8515275 0 0.3728527 -0.9278906 0 0.3728527 -0.9278906 0 0.21068 -0.9775551 0 0.21068 -0.9775551 0 0.04244315 -0.9990989 0 0.04244315 -0.9990989 0 -0.127015 -0.9919009 0 -0.127015 -0.9919009 0 -0.2928235 -0.9561665 0 -0.2928235 -0.9561665 0 -0.4502068 -0.8929243 0 -0.4502068 -0.8929243 0 -0.5946299 -0.8039996 0 -0.5946299 -0.8039996 0 -0.7219584 -0.6919365 0 -0.7219584 -0.6919365 0 -0.8285092 -0.5599756 0 -0.8285092 -0.5599756 0 -0.9112282 -0.4119018 0 -0.9112282 -0.4119018 0 -0.9677324 -0.25198 0 -0.9677324 -0.25198 0 -0.9963977 -0.08480292 0 -0.9963977 -0.08480292 0 -0.9963977 0.08480292 0 -0.9963977 0.08480292 0 -0.9677324 0.25198 0 -0.9677324 0.25198 0 -0.9112282 0.4119018 0 -0.9112282 0.4119018 0 -0.8285111 0.5599726 0 -0.8285111 0.5599726 0 -0.7219553 0.6919397 0 -0.7219553 0.6919397 0 -0.5946341 0.8039965 0 -0.5946341 0.8039965 0 -0.4502017 0.8929269 0 -0.4502017 0.8929269 0 -0.2928235 0.9561665 0 -0.2928235 0.9561665 0 -0.1270213 0.9919 0 -0.1270213 0.9919 0 0.04244315 0.9990989 0 0.04244315 0.9990989 0 0.21068 0.9775551 0 0.21068 0.9775551 0 0.3728582 0.9278883 0 0.3728582 0.9278883 0 0.5243054 0.8515303 0 0.5243054 0.8515303 0 0.6606744 0.7506726 0 0.6606744 0.7506726 0 0.7780378 0.6282175 0 0.7780378 0.6282175 0 0.8730136 0.4876958 0 0.8730136 0.4876958 0 0.9428775 0.3331397 0 0.9428775 0.3331397 0 0.9856157 0.1690019 0 0.9856157 0.1690019 0 0.9990987 0.04244595 0 0.9999988 0 -0.001531183 0.9990988 -0.04244506 0 0.9856154 -0.1690037 0 0.9856154 -0.1690037 0 0.9428778 -0.333139 0 0.9428778 -0.333139 0 0.8730136 -0.4876959 0 0.8730136 -0.4876959 0 0.7780399 -0.628215 0 0.7780399 -0.628215 0 0.6606737 -0.7506732 0 0.6606737 -0.7506732 0 0.5243064 -0.8515297 0 0.5243064 -0.8515297 0 0.3728592 -0.927888 0 0.3728592 -0.927888 0 0.2106727 -0.9775566 0 0.2106727 -0.9775566 0 0.04244118 -0.999099 0 0.04244118 -0.999099 0 -0.1270171 -0.9919006 0 -0.1270171 -0.9919006 0 -0.2928249 -0.956166 0 -0.2928249 -0.956166 0 -0.4501957 -0.8929299 0 -0.4501957 -0.8929299 0 -0.5946422 -0.8039905 0 -0.5946422 -0.8039905 0 -0.7219529 -0.6919422 0 -0.7219529 -0.6919422 0 -0.8285108 -0.5599732 0 -0.8285108 -0.5599732 0 -0.911226 -0.4119065 0 -0.911226 -0.4119065 0 -0.9677338 -0.2519748 0 -0.9677338 -0.2519748 0 -0.9963977 -0.08480328 0 -0.9963977 -0.08480328 0 -0.9963977 0.08480328 0 -0.9963977 0.08480328 0 -0.9677331 0.2519775 0 -0.9677331 0.2519775 0 -0.9112279 0.4119026 0 -0.9112279 0.4119026 0 -0.8285108 0.5599732 0 -0.8285108 0.5599732 0 -0.7219581 0.6919369 0 -0.7219581 0.6919369 0 -0.5946285 0.8040006 0 -0.5946285 0.8040006 0 -0.4502042 0.8929256 0 -0.4502042 0.8929256 0 -0.2928249 0.956166 0 -0.2928249 0.956166 0 -0.1270171 0.9919006 0 -0.1270171 0.9919006 0 0.04244118 0.999099 0 0.04244118 0.999099 0 0.2106829 0.9775545 0 0.2106829 0.9775545 0 0.3728501 0.9278916 0 0.3728501 0.9278916 0 0.5243141 0.8515249 0 0.5243141 0.8515249 0 0.6606678 0.7506785 0 0.6606678 0.7506785 0 0.7780399 0.628215 0 0.7780399 0.628215 0 0.8730136 0.4876959 0 0.8730136 0.4876959 0 0.9428778 0.333139 0 0.9428778 0.333139 0 0.9856157 0.1690019 0 0.9856157 0.1690019 0 0.999099 0.04244339 0 0.9999968 0 -0.002521872 0.9990988 -0.04244393 0 0.9856159 -0.1690009 0 0.9856159 -0.1690009 0 0.9428775 -0.3331397 0 0.9428775 -0.3331397 0 0.8730136 -0.4876958 0 0.8730136 -0.4876958 0 0.7780352 -0.6282206 0 0.7780352 -0.6282206 0 0.6606744 -0.7506726 0 0.6606744 -0.7506726 0 0.52431 -0.8515275 0 0.52431 -0.8515275 0 0.3728527 -0.9278906 0 0.3728527 -0.9278906 0 0.21068 -0.9775551 0 0.21068 -0.9775551 0 0.04244333 -0.9990989 0 0.04244333 -0.9990989 0 -0.1270146 -0.9919009 0 -0.1270146 -0.9919009 0 -0.2928235 -0.9561665 0 -0.2928235 -0.9561665 0 -0.4502056 -0.8929249 0 -0.4502056 -0.8929249 0 -0.5946314 -0.8039984 0 -0.5946314 -0.8039984 0 -0.7219584 -0.6919365 0 -0.7219584 -0.6919365 0 -0.8285092 -0.5599756 0 -0.8285092 -0.5599756 0 -0.9112282 -0.4119018 0 -0.9112282 -0.4119018 0 -0.9677324 -0.25198 0 -0.9677324 -0.25198 0 -0.9963975 -0.08480614 0 -0.9963975 -0.08480614 0 -0.9963975 0.08480614 0 -0.9963975 0.08480614 0 -0.9677324 0.25198 0 -0.9677324 0.25198 0 -0.9112282 0.4119018 0 -0.9112282 0.4119018 0 -0.8285111 0.5599726 0 -0.8285111 0.5599726 0 -0.7219553 0.6919397 0 -0.7219553 0.6919397 0 -0.5946356 0.8039953 0 -0.5946356 0.8039953 0 -0.4502004 0.8929276 0 -0.4502004 0.8929276 0 -0.2928235 0.9561665 0 -0.2928235 0.9561665 0 -0.1270209 0.9919001 0 -0.1270209 0.9919001 0 0.04244333 0.9990989 0 0.04244333 0.9990989 0 0.21068 0.9775551 0 0.21068 0.9775551 0 0.3728582 0.9278883 0 0.3728582 0.9278883 0 0.5243054 0.8515303 0 0.5243054 0.8515303 0 0.6606744 0.7506726 0 0.6606744 0.7506726 0 0.7780378 0.6282175 0 0.7780378 0.6282175 0 0.8730136 0.4876958 0 0.8730136 0.4876958 0 0.9428775 0.3331397 0 0.9428775 0.3331397 0 0.9856157 0.1690019 0 0.985616 0.1690004 0 0.999099 0.04244339 0 0.9999968 0 -0.002521872 0.9990988 -0.04244393 0 0.9856162 -0.1689993 0 0.9856162 -0.1689993 0 0.9428775 -0.3331397 0 0.9428775 -0.3331397 0 0.8730143 -0.4876945 0 0.8730143 -0.4876945 0 0.7780337 -0.6282225 0 0.7780337 -0.6282225 0 0.6606752 -0.7506719 0 0.6606752 -0.7506719 0 0.52431 -0.8515275 0 0.52431 -0.8515275 0 0.3728527 -0.9278906 0 0.3728527 -0.9278906 0 0.2106803 -0.977555 0 0.2106803 -0.977555 0 0.04244315 -0.9990989 0 0.04244315 -0.9990989 0 -0.127015 -0.9919009 0 -0.127015 -0.9919009 0 -0.292823 -0.9561667 0 -0.292823 -0.9561667 0 -0.4502068 -0.8929243 0 -0.4502068 -0.8929243 0 -0.5946299 -0.8039996 0 -0.5946299 -0.8039996 0 -0.7219584 -0.6919365 0 -0.7219584 -0.6919365 0 -0.8285092 -0.5599756 0 -0.8285092 -0.5599756 0 -0.9112282 -0.4119018 0 -0.9112282 -0.4119018 0 -0.9677324 -0.25198 0 -0.9677324 -0.25198 0 -0.9963975 -0.08480614 0 -0.9963975 -0.08480614 0 -0.9963975 0.08480614 0 -0.9963975 0.08480614 0 -0.9677324 0.25198 0 -0.9677324 0.25198 0 -0.9112282 0.4119018 0 -0.9112282 0.4119018 0 -0.8285111 0.5599726 0 -0.8285111 0.5599726 0 -0.7219553 0.6919397 0 -0.7219553 0.6919397 0 -0.5946341 0.8039965 0 -0.5946341 0.8039965 0 -0.4502017 0.8929269 0 -0.4502017 0.8929269 0 -0.292823 0.9561667 0 -0.292823 0.9561667 0 -0.1270213 0.9919 0 -0.1270213 0.9919 0 0.04244315 0.9990989 0 0.04244315 0.9990989 0 0.2106803 0.977555 0 0.2106803 0.977555 0 0.3728582 0.9278883 0 0.3728582 0.9278883 0 0.5243054 0.8515303 0 0.5243054 0.8515303 0 0.6606752 0.7506719 0 0.6606752 0.7506719 0 0.7780362 0.6282194 0 0.7780362 0.6282194 0 0.8730143 0.4876945 0 0.8730143 0.4876945 0 0.9428775 0.3331397 0 0.9428775 0.3331397 0 0.985616 0.1690004 0 0.9856157 0.1690019 0 0.999099 0.04244017 0 0.9999968 0 -0.002521693 0.999099 -0.04244017 0 0.9856157 -0.1690019 0 0.9856157 -0.1690019 0 0.9428775 -0.3331397 0 0.9428775 -0.3331397 0 0.8730143 -0.4876945 0 0.8730143 -0.4876945 0 0.7780371 -0.6282184 0 0.7780371 -0.6282184 0 0.6606744 -0.7506726 0 0.6606744 -0.7506726 0 0.5243054 -0.8515303 0 0.5243054 -0.8515303 0 0.3728582 -0.9278883 0 0.3728582 -0.9278883 0 0.21068 -0.9775551 0 0.21068 -0.9775551 0 0.04243689 -0.9990991 0 0.04243689 -0.9990991 0 -0.1270146 -0.9919009 0 -0.1270146 -0.9919009 0 -0.2928235 -0.9561665 0 -0.2928235 -0.9561665 0 -0.4502056 -0.8929249 0 -0.4502056 -0.8929249 0 -0.5946314 -0.8039984 0 -0.5946314 -0.8039984 0 -0.7219584 -0.6919365 0 -0.7219584 -0.6919365 0 -0.8285092 -0.5599756 0 -0.8285092 -0.5599756 0 -0.9112282 -0.4119018 0 -0.9112282 -0.4119018 0 -0.9677324 -0.25198 0 -0.9677324 -0.25198 0 -0.9963977 -0.08480292 0 -0.9963977 -0.08480292 0 -0.9963977 0.08480292 0 -0.9963977 0.08480292 0 -0.9677324 0.25198 0 -0.9677324 0.25198 0 -0.9112282 0.4119018 0 -0.9112282 0.4119018 0 -0.8285092 0.5599756 0 -0.8285092 0.5599756 0 -0.7219584 0.6919365 0 -0.7219584 0.6919365 0 -0.5946314 0.8039984 0 -0.5946314 0.8039984 0 -0.4502056 0.8929249 0 -0.4502056 0.8929249 0 -0.2928235 0.9561665 0 -0.2928235 0.9561665 0 -0.1270146 0.9919009 0 -0.1270146 0.9919009 0 0.04243689 0.9990991 0 0.04243689 0.9990991 0 0.21068 0.9775551 0 0.21068 0.9775551 0 0.3728582 0.9278883 0 0.3728582 0.9278883 0 0.52431 0.8515275 0 0.52431 0.8515275 0 0.6606708 0.7506758 0 0.6606708 0.7506758 0 0.7780371 0.6282184 0 0.7780371 0.6282184 0 0.8730143 0.4876945 0 0.8730143 0.4876945 0 0.9428775 0.3331397 0 0.9428775 0.3331397 0 0.9856157 0.1690019 0 0 0 1 0 0 1 0 0 1 0 0 1 0 0 1 0 0 1 0 0 1 0 0 1 0 0 1 0 0 1 0 0 1 0 0 1 0 0 1 0 0 1 0 0 1 0 0 1 0 0 1 0 0 1 0 0 1 0 0 1 0 0 1 0 0 1 0 0 1 0 0 1 0 0 1 0 0 1 0 0 1 0 0 1 0 0 1 0 0 1 0 0 1 0 0 1 0 0 1 0 0 1 0 0 1 0 0 1 0 0 1 0 0 1 0 0 1 0 0 1 0 0 1 0 0 1 0 0 1 0 0 1 0 0 1 0 0 1 0 0 1 0 0 1 0 0 1 0 0 1 0 0 1 0 0 1 0 0 1 0 0 1 0 0 1 0 0 1 0 0 1 0 0 1 0 0 1 0 0 1 0 0 1 0 0 1 0 0 1 0 0 1 0 0 1 0 0 1 0 0 1 0 0 1 0 0 1 0 0 1 0 0 1 0 0 1 0 0 1 0 0 1 0 0 1 0 0 1 0 0 1 0 0 1 0 0 1 0 0 1 0 0 1 0 0 1 0 0 1 0 0 1 0 0 1 0 0 1 0 0 1 0 0 1 0 0 1 0 0 1 0 0 1 0 0 1 0 0 1 0 0 1 0 0 1 0 0 1 0 0 1 0 0 1 0 0 1 0 0 1 0 0 1 0 0 1 0 0 1 0 0 1 0 0 1 0 0 1 0 0 1 0 0 1 0 0 1 0 0 1 0 0 1 0 0 1 0 0 1 0 0 1 0 0 1 0 0 1 0 0 1 0 0 1 0 0 1 0 0 1 0 0 1 0 0 1 0 0 1 0 0 1 0 0 1 0 0 1 0 0 1 0 0 1 0 0 1 0 0 1 0 0 1 0 0 1 0 0 1 0 0 1 0 0 1 0 0 1 0 0 1 0 0 1 0 0 1 0 0 1 0 0 1 0 0 1 0 0 1 0 0 1 0 0 1 0 0 1 0 0 1 0 0 1 0 0 1 0 0 1 0 0 1 0 0 1 0 0 1 0 0 1 0 0 1 0 0 1 0 0 1 0 0 1 0 0 1 0 0 1 0 0 1 0 0 1 0 0 1 0 0 1 0 0 1 0 0 1 0 0 1 0 0 1 0 0 1 0 0 1 0 0 1 0 0 1 0 0 1 0 0 1 0 0 1 0 0 1 0 0 1 0 0 1 0 0 1 0 0 1 0 0 1 0 0 1 0 0 1 0 0 1 0 0 1 0 0 1 0 0 1 0 0 1 0 0 1 0 0 1 0 0 1 0 0 1 0 0 1 0 0 1 0 0 1 0 0 1 0 0 1 0 0 1 0 0 1 0 0 1 0 0 1 0 0 1 0 0 1 0 0 1 0 0 1 0 0 1 0 0 1 0 0 1 0 0 1 0 0 1 0 0 1 0 0 1 0 0 1 0 0 1 0 0 1 0 0 1 0 0 1 0 0 1 0 0 1 0 0 1 0 0 1 0 0 1 0 0 1 0 0 1 0 0 1 0 0 1 0 0 1 0 0 1 0 0 1 0 0 1 0 0 1 0 0 1 0 0 1 0 0 1 0 0 1 0 0 1 0 0 1 0 0 1 0 0 1 0 0 1 0 0 1 0 0 1 0 0 1 0 0 1 0 0 1 0 0 1 0 0 1 0 0 1 0 0 1 0 0 1 0 0 1 0 0 1 0 0 1 0 0 1 0 0 1 0 0 1 0 0 1 0 0 1 0 0 1 0 0 1 0 0 1 0 0 1 0 0 1 0 0 1 0 0 1 0 0 1 0 0 1 0 0 1 0 0 1 0 0 1 0 0 1 0 0 1 0 0 1 0 0 1 0 0 1 0 0 1 0 0 1 0 0 1 0 0 1 0 0 1 0 0 1 0 0 1 0 0 1 0 0 1 0 0 1 0 0 1 0 0 1 0 0 1 0 0 1 0 0 1 0 0 1 0 0 1 0 0 1 0 0 1 0 0 1 0 0 1 0 0 1 0 0 1 0 0 1 0 0 1 0 0 1 0 0 1 0 0 1 0 0 1 0 0 1 0 0 1 0 0 1 0 0 1 0 0 1 0 0 1 0 0 1 0 0 1 0 0 1 0 0 1 0 0 1 0 0 1 0 0 1 0 0 1 0 0 1 0 0 1 0 0 1 0 0 1 0 0 1 0 0 1 0 0 1 0 0 1 0 0 1 0 0 1 0 0 1 0 0 1 0 0 1 0 0 1 0.9856157 0.1690019 0 0.999099 0.04244339 0 0.9999968 0 -0.002521872 0.999099 -0.04244339 0 0.9856157 -0.1690019 0 0.9856157 -0.1690019 0 0.9428775 -0.3331397 0 0.9428775 -0.3331397 0 0.8730136 -0.4876958 0 0.8730136 -0.4876958 0 0.7780378 -0.6282175 0 0.7780378 -0.6282175 0 0.6606744 -0.7506726 0 0.6606744 -0.7506726 0 0.5243054 -0.8515303 0 0.5243054 -0.8515303 0 0.3728582 -0.9278883 0 0.3728582 -0.9278883 0 0.21068 -0.9775551 0 0.21068 -0.9775551 0 0.04243689 -0.9990991 0 0.04243689 -0.9990991 0 -0.1270146 -0.9919009 0 -0.1270146 -0.9919009 0 -0.2928235 -0.9561665 0 -0.2928235 -0.9561665 0 -0.4502068 -0.8929243 0 -0.4502068 -0.8929243 0 -0.5946299 -0.8039996 0 -0.5946299 -0.8039996 0 -0.7219584 -0.6919365 0 -0.7219584 -0.6919365 0 -0.8285092 -0.5599756 0 -0.8285092 -0.5599756 0 -0.9112282 -0.4119018 0 -0.9112282 -0.4119018 0 -0.9677324 -0.25198 0 -0.9677324 -0.25198 0 -0.9963977 -0.08480292 0 -0.9963977 -0.08480292 0 -0.9963977 0.08480292 0 -0.9963977 0.08480292 0 -0.9677324 0.25198 0 -0.9677324 0.25198 0 -0.9112282 0.4119018 0 -0.9112282 0.4119018 0 -0.8285092 0.5599756 0 -0.8285092 0.5599756 0 -0.7219584 0.6919365 0 -0.7219584 0.6919365 0 -0.5946299 0.8039996 0 -0.5946299 0.8039996 0 -0.4502068 0.8929243 0 -0.4502068 0.8929243 0 -0.2928235 0.9561665 0 -0.2928235 0.9561665 0 -0.1270146 0.9919009 0 -0.1270146 0.9919009 0 0.04243689 0.9990991 0 0.04243689 0.9990991 0 0.21068 0.9775551 0 0.21068 0.9775551 0 0.3728582 0.9278883 0 0.3728582 0.9278883 0 0.52431 0.8515275 0 0.52431 0.8515275 0 0.6606708 0.7506758 0 0.6606708 0.7506758 0 0.7780378 0.6282175 0 0.7780378 0.6282175 0 0.8730136 0.4876958 0 0.8730136 0.4876958 0 0.9428775 0.3331397 0 0.9428775 0.3331397 0 0.9856157 0.1690019 0 0 0 1 0 0 1 0 0 1 0 0 1 0 0 1 0 0 1 0 0 1 0 0 1 0 0 1 0 0 1 0 0 1 0 0 1 0 0 1 0 0 1 0 0 1 0 0 1 0 0 1 0 0 1 0 0 1 0 0 1 0 0 1 0 0 1 0 0 1 0 0 1 0 0 1 0 0 1 0 0 1 0 0 1 0 0 1 0 0 1 0 0 1 0 0 1 0 0 1 0 0 1 0 0 1 0 0 1 0 0 1 0 0 1 0 0 1 0 0 1 0 0 1 0 0 1 0 0 1 0 0 1 0 0 1 0 0 1 0 0 1 0 0 1 0 0 1 0 0 1 0 0 1 0 0 1 0 0 1 0 0 1 0 0 1 0 0 1 0 0 1 0 0 1 0 0 1 0 0 1 0 0 1 0 0 1 0 0 1 0 0 1 0 0 1 0 0 1 0 0 1 0 0 1 0 0 1 0 0 1 0 0 1 0 0 1 0 0 1 0 0 1 0 0 1 0 0 1 0 0 1 0 0 1 0 0 1 0 0 1 0 0 1 0 0 1 0 0 1 0 0 1 0 0 1 0 0 1 0 0 1 0 0 1 0 0 1 0 0 1 0 0 1 0 0 1 0 0 1 0 0 1 0 0 1 0 0 1 0 0 1 0 0 1 0 0 1 0 0 1 0 0 1 0 0 1 0 0 1 0 0 1 0 0 1 0 0 1 0 0 1 0 0 1 0 0 1 0 0 1 0 0 1 0 0 1 0 0 1 0.07845914 0.006676673 0.9968949 0.07620161 0.01984155 0.996895 0.07620126 0.0198419 0.996895 0.07175219 0.03243362 0.996895 0.07175242 0.03243345 0.9968951 0.06523799 0.04409456 0.996895 0.06523942 0.0440939 0.996895 0.05684947 0.05448478 0.996895 0.05684769 0.05448526 0.996895 0.04682308 0.06330806 0.996895 0.04682397 0.063308 0.996895 0.03545027 0.070311 0.996895 0.03544855 0.07031089 0.996895 0.02305585 0.0752905 0.9968951 0.02305799 0.07529103 0.996895 0.010001 0.07810503 0.996895 0.01000249 0.07810568 0.9968949 -0.003340005 0.07867252 0.996895 -0.003343462 0.07867008 0.9968951 -0.01658886 0.07697409 0.9968951 -0.01658731 0.07697558 0.996895 -0.02936089 0.07306361 0.996895 -0.0293594 0.07306563 0.9968949 -0.04128599 0.0670523 0.996895 -0.04128593 0.06705248 0.9968949 -0.05202418 0.05911028 0.9968949 -0.0520243 0.05910998 0.996895 -0.06126433 0.04946905 0.996895 -0.06126469 0.04946649 0.9968951 -0.06874305 0.03840202 0.9968951 -0.0687431 0.0384041 0.9968949 -0.07424503 0.02623218 0.996895 -0.07424479 0.02623111 0.996895 -0.07761031 0.01330685 0.996895 -0.07761055 0.01330757 0.9968949 -0.07874298 0 0.996895 -0.07874298 0 0.996895 -0.07761061 -0.01330739 0.996895 -0.07761043 -0.01330757 0.9968949 -0.07424539 -0.02623134 0.9968949 -0.07424545 -0.02623134 0.996895 -0.06874388 -0.03840249 0.9968949 -0.06874203 -0.03840351 0.996895 -0.06126344 -0.04946833 0.996895 -0.06126588 -0.0494675 0.9968949 -0.05202406 -0.05911022 0.996895 -0.05202132 -0.05911064 0.9968951 -0.04128515 -0.06705099 0.996895 -0.04128503 -0.06705099 0.996895 -0.02935838 -0.07306414 0.996895 -0.02936267 -0.07306492 0.9968948 -0.01658946 -0.07697683 0.9968948 -0.01658749 -0.07697612 0.996895 -0.003342688 -0.07867211 0.996895 -0.003343582 -0.07867264 0.996895 0.01000112 -0.07810574 0.996895 0.01000237 -0.07810473 0.996895 0.02305871 -0.07529091 0.996895 0.02305817 -0.07529151 0.996895 0.03545063 -0.07031184 0.996895 0.03544974 -0.07031333 0.9968948 0.04682242 -0.06331074 0.9968948 0.04682368 -0.06330758 0.996895 0.05684888 -0.05448418 0.996895 0.05684852 -0.05448603 0.996895 0.06523859 -0.04409492 0.996895 0.06523865 -0.04409337 0.9968951 0.0717523 -0.03243368 0.996895 0.07175225 -0.03243339 0.9968951 0.07620137 -0.01984149 0.996895 0.07620155 -0.01984202 0.996895 0.07845908 -0.00667715 0.996895 0.07845878 -0.006676614 0.996895 0.07845878 0.00667715 0.996895 0.2333937 0.01986277 0.9721795 0.2266787 0.05902367 0.9721795 0.2266792 0.05902326 0.9721794 0.2134441 0.09648221 0.9721794 0.2134448 0.09648191 0.9721793 0.1940686 0.1311666 0.9721793 0.1940638 0.1311682 0.9721801 0.169108 0.1620754 0.97218 0.1691094 0.1620752 0.9721798 0.1392822 0.1883262 0.9721799 0.1392876 0.1883264 0.9721791 0.105459 0.2091565 0.9721789 0.1054546 0.2091557 0.9721797 0.06858873 0.2239699 0.9721795 0.06858491 0.2239685 0.9721801 0.02975195 0.2323377 0.97218 0.02974975 0.2323365 0.9721804 -0.009943425 0.2340224 0.9721804 -0.009935617 0.234029 0.9721788 -0.04934668 0.2289823 0.9721791 -0.04934811 0.2289806 0.9721794 -0.08733707 0.2173464 0.9721794 -0.08733969 0.217342 0.9721801 -0.1228113 0.1994577 0.97218 -0.1228114 0.1994573 0.9721801 -0.1547523 0.1758342 0.9721801 -0.1547529 0.1758314 0.9721805 -0.1822434 0.1471485 0.9721804 -0.1822432 0.1471557 0.9721793 -0.2044919 0.1142376 0.9721794 -0.2044916 0.1142356 0.9721797 -0.220857 0.07803279 0.9721795 -0.220857 0.07803308 0.9721794 -0.2308664 0.03958904 0.9721797 -0.2308633 0.03958332 0.9721807 -0.2342332 0 0.9721805 -0.2342332 0 0.9721805 -0.2308639 -0.03958755 0.9721804 -0.2308664 -0.03958523 0.9721799 -0.2208548 -0.07803434 0.9721799 -0.2208597 -0.07803118 0.972179 -0.2044947 -0.1142355 0.9721791 -0.2044928 -0.1142362 0.9721794 -0.1822464 -0.1471509 0.9721794 -0.1822394 -0.1471526 0.9721805 -0.1547513 -0.175833 0.9721804 -0.1547541 -0.1758328 0.97218 -0.1228112 -0.1994575 0.97218 -0.1228116 -0.1994576 0.97218 -0.08733606 -0.2173439 0.97218 -0.08733195 -0.2173427 0.9721808 -0.04934525 -0.2289757 0.9721806 -0.04934728 -0.2289767 0.9721803 -0.009943425 -0.2340225 0.9721803 -0.009943366 -0.2340224 0.9721804 0.02975177 -0.2323364 0.9721804 0.02974998 -0.2323381 0.97218 0.06858807 -0.2239678 0.9721801 0.06859135 -0.2239632 0.9721809 0.1054556 -0.2091499 0.9721807 0.1054537 -0.2091539 0.9721801 0.1392813 -0.1883251 0.9721803 0.1392806 -0.1883277 0.9721798 0.1691086 -0.1620759 0.9721798 0.1691087 -0.1620746 0.9721801 0.1940664 -0.131165 0.97218 0.1940667 -0.1311702 0.9721792 0.2134445 -0.09648239 0.9721793 0.2134443 -0.09648174 0.9721794 0.2266796 -0.05902224 0.9721794 0.2266801 -0.05902349 0.9721792 0.2333939 -0.01986461 0.9721794 0.2333926 -0.01986265 0.9721797 0.2333926 0.01986396 0.9721797 0.3824847 0.03255307 0.9233882 0.3714819 0.0967279 0.9233878 0.3714815 0.09672814 0.9233878 0.3497909 0.1581168 0.923388 0.3497934 0.1581156 0.9233872 0.3180402 0.2149574 0.9233871 0.3180416 0.2149571 0.9233868 0.2771366 0.265616 0.9233869 0.277141 0.2656157 0.9233857 0.228267 0.3086305 0.9233858 0.228256 0.3086296 0.9233888 0.1728147 0.3427652 0.9233889 0.1728276 0.3427686 0.9233852 0.1124102 0.3670459 0.9233857 0.1124035 0.3670429 0.9233878 0.04876053 0.3807588 0.9233879 0.04875779 0.3807569 0.9233888 -0.01629883 0.3835204 0.9233886 -0.01629561 0.3835235 0.9233874 -0.08087003 0.3752547 0.9233872 -0.08086925 0.3752557 0.9233868 -0.1431244 0.356191 0.9233869 -0.1431272 0.3561853 0.9233886 -0.2012664 0.3268724 0.9233885 -0.2012655 0.3268751 0.9233877 -0.2536144 0.2881578 0.9233877 -0.2536137 0.2881634 0.9233862 -0.298665 0.2411574 0.9233863 -0.2986647 0.2411504 0.9233883 -0.33512 0.1872119 0.9233885 -0.3351199 0.1872117 0.9233886 -0.3619412 0.1278762 0.9233885 -0.3619432 0.1278812 0.9233869 -0.3783485 0.0648756 0.9233871 -0.378351 0.06487983 0.9233857 -0.3838733 0 0.9233857 -0.3838733 0 0.9233857 -0.3783515 -0.06487458 0.9233858 -0.3783479 -0.06487751 0.9233871 -0.3619435 -0.1278802 0.923387 -0.3619382 -0.1278831 0.9233887 -0.3351217 -0.1872079 0.9233887 -0.335123 -0.1872074 0.9233883 -0.2986617 -0.2411547 0.9233881 -0.2986686 -0.2411535 0.9233862 -0.2536166 -0.2881604 0.9233862 -0.253611 -0.2881604 0.9233877 -0.201261 -0.3268784 0.9233875 -0.2012683 -0.3268796 0.9233855 -0.1431335 -0.3561912 0.9233855 -0.1431289 -0.3561896 0.9233868 -0.08087021 -0.3752555 0.9233869 -0.08086907 -0.3752548 0.9233872 -0.01628994 -0.3835242 0.9233871 -0.01629585 -0.383529 0.923385 0.04875242 -0.3807657 0.9233855 0.04875808 -0.3807593 0.9233878 0.1124089 -0.3670417 0.9233876 0.1124051 -0.3670479 0.9233856 0.1728184 -0.3427725 0.9233856 0.1728233 -0.3427601 0.9233892 0.228263 -0.3086252 0.9233886 0.2282607 -0.308636 0.9233856 0.2771385 -0.2656179 0.9233858 0.2771387 -0.2656134 0.923387 0.3180409 -0.2149579 0.9233868 0.3180407 -0.2149565 0.9233871 0.3497942 -0.1581141 0.9233872 0.3497949 -0.1581162 0.9233866 0.371483 -0.09673053 0.923387 0.3714802 -0.09672504 0.9233887 0.382484 -0.03255236 0.9233884 0.3824853 -0.03255409 0.923388 0.3824853 0.03255248 0.923388 0.5219814 0.04442465 0.8517993 0.5069627 0.1320074 0.8517998 0.5069655 0.1320056 0.8517984 0.4773668 0.2157801 0.8517981 0.4773609 0.2157825 0.8518007 0.4340283 0.2933526 0.8518003 0.4340293 0.2933524 0.8517999 0.3782101 0.362483 0.8518 0.3782052 0.3624832 0.8518021 0.3115074 0.4211848 0.8518019 0.3115141 0.4211856 0.851799 0.2358503 0.4677743 0.8517991 0.23584 0.4677713 0.8518037 0.1533933 0.5009006 0.8518034 0.153406 0.5009068 0.8517975 0.06654757 0.519627 0.8517976 0.06654393 0.5196244 0.8517996 -0.02223688 0.5233956 0.8517997 -0.02224296 0.5233893 0.8518033 -0.1103698 0.512104 0.8518028 -0.1103639 0.5121127 0.8517984 -0.1953235 0.4860939 0.851799 -0.1953226 0.4860959 0.8517981 -0.2746722 0.4460891 0.8517979 -0.2746722 0.4460891 0.8517979 -0.3461074 0.3932566 0.8517975 -0.346108 0.3932496 0.8518005 -0.4075896 0.3291012 0.8517999 -0.4075902 0.3291091 0.8517966 -0.4573466 0.255492 0.8517969 -0.4573469 0.2554931 0.8517964 -0.4939467 0.1745218 0.8517974 -0.493943 0.1745133 0.8518012 -0.5163302 0.08853536 0.8518008 -0.5163303 0.08853542 0.8518008 -0.5238649 0 0.8518014 -0.5238649 0 0.8518014 -0.5163284 -0.08853507 0.8518019 -0.5163307 -0.0885334 0.8518007 -0.4939412 -0.1745198 0.851801 -0.4939443 -0.1745182 0.8517995 -0.4573426 -0.2554897 0.8517997 -0.4573495 -0.2554876 0.8517966 -0.4075936 -0.3291044 0.8517968 -0.4075856 -0.3291054 0.8518002 -0.3461044 -0.3932532 0.8518003 -0.3461114 -0.3932534 0.8517973 -0.2746647 -0.4460944 0.8517976 -0.2746629 -0.446094 0.8517984 -0.1953331 -0.4860908 0.8517984 -0.1953329 -0.4860907 0.8517986 -0.1103712 -0.5121106 0.8517987 -0.1103623 -0.5121052 0.8518031 -0.02222585 -0.5233911 0.8518027 -0.02223086 -0.5233955 0.8517999 0.06653648 -0.5196249 0.8517999 0.06653225 -0.51963 0.8517971 0.1534061 -0.5009068 0.8517975 0.153406 -0.5009069 0.8517974 0.2358427 -0.4677807 0.8517978 0.2358436 -0.4677783 0.8517988 0.3115099 -0.4211883 0.8517993 0.3115112 -0.4211816 0.8518021 0.3782078 -0.3624808 0.8518019 0.3782078 -0.3624857 0.8517998 0.4340289 -0.2933529 0.8517999 0.4340287 -0.2933519 0.8518003 0.4773631 -0.2157784 0.8518006 0.4773629 -0.2157778 0.8518008 0.5069621 -0.1320073 0.8518002 0.5069625 -0.1320081 0.8517997 0.5219814 -0.04442447 0.8517993 0.5219815 -0.04442471 0.8517991 0.5219815 0.04442453 0.8517991 0.6484567 0.05518847 0.7592484 0.6298015 0.1639892 0.759248 0.6297969 0.1639921 0.7592513 0.593026 0.2680664 0.7592501 0.5930327 0.2680636 0.7592458 0.5391963 0.3644338 0.7592465 0.5391963 0.3644338 0.7592467 0.4698568 0.4503102 0.7592464 0.4698485 0.4503107 0.7592514 0.3869802 0.523243 0.7592517 0.3869902 0.5232442 0.7592458 0.2929943 0.5811201 0.7592455 0.2929998 0.5811218 0.7592421 0.1905797 0.6222792 0.7592417 0.1905609 0.6222699 0.759254 0.08265995 0.6455228 0.7592545 0.08267194 0.6455316 0.7592459 -0.02762234 0.650217 0.7592462 -0.02762484 0.6502144 0.7592483 -0.1371172 0.636192 0.7592487 -0.1371144 0.6361961 0.7592459 -0.242649 0.603876 0.7592464 -0.2426502 0.6038736 0.759248 -0.341218 0.5541761 0.7592491 -0.3412201 0.5541681 0.7592539 -0.4299693 0.4885293 0.7592533 -0.4299682 0.4885415 0.7592461 -0.5063461 0.4088492 0.759247 -0.5063453 0.4088398 0.7592525 -0.5681565 0.3173872 0.7592519 -0.5681588 0.3173959 0.7592466 -0.6136269 0.2168095 0.7592467 -0.6136257 0.2168068 0.7592484 -0.6414402 0.1099866 0.759248 -0.6414412 0.1099882 0.7592468 -0.6508035 0 0.7592464 -0.6508034 0 0.7592463 -0.6414414 -0.1099868 0.7592468 -0.6414399 -0.109988 0.7592481 -0.6136251 -0.2168089 0.7592484 -0.6136278 -0.2168076 0.7592467 -0.5681617 -0.3173901 0.7592469 -0.568153 -0.3173928 0.7592522 -0.5063413 -0.4088453 0.7592523 -0.5063506 -0.4088441 0.7592467 -0.429968 -0.4885416 0.7592461 -0.4299683 -0.4885416 0.759246 -0.3412291 -0.5541744 0.7592453 -0.3412078 -0.55417 0.7592582 -0.2426441 -0.603864 0.7592575 -0.2426627 -0.6038713 0.7592459 -0.1371179 -0.6361951 0.759246 -0.1371136 -0.6361926 0.7592488 -0.02762222 -0.6502147 0.7592483 -0.02761101 -0.650205 0.759257 0.0826717 -0.6455197 0.7592561 0.08265894 -0.6455352 0.7592443 0.1905679 -0.6222801 0.759244 0.1905741 -0.622269 0.7592515 0.2929912 -0.5811139 0.7592515 0.2929875 -0.5811241 0.7592452 0.3869841 -0.5232483 0.759246 0.3869859 -0.5232383 0.759252 0.4698529 -0.4503065 0.7592511 0.4698528 -0.4503149 0.7592462 0.5391963 -0.3644337 0.7592466 0.5391963 -0.3644338 0.7592465 0.5930302 -0.2680683 0.7592461 0.5930278 -0.2680615 0.7592503 0.6297981 -0.1639883 0.7592511 0.6298007 -0.163993 0.759248 0.6484565 -0.05518996 0.7592484 0.6484552 -0.05518835 0.7592496 0.6484552 0.05518984 0.7592496 0.7588179 0.06458282 0.6480929 0.7369866 0.1919012 0.6480931 0.7369897 0.1918991 0.6480902 0.6939595 0.3136858 0.6480907 0.6939532 0.3136886 0.648096 0.6309571 0.4264563 0.6480958 0.6309603 0.4264555 0.6480932 0.5498164 0.526951 0.6480931 0.5498237 0.5269504 0.6480875 0.4528491 0.6122995 0.6480872 0.4528444 0.6122992 0.6480908 0.342861 0.6800171 0.6480919 0.3428565 0.6800159 0.6480956 0.2230008 0.7281777 0.6480957 0.2230141 0.7281837 0.6480843 0.09673607 0.7553999 0.6480841 0.09672927 0.7553953 0.6480905 -0.0323193 0.7608776 0.6480901 -0.03232324 0.7608737 0.6480943 -0.1604447 0.7444677 0.6480935 -0.1604516 0.7444585 0.6481026 -0.2839597 0.7066348 0.6481005 -0.2839485 0.7066572 0.648081 -0.3992854 0.6485067 0.6480821 -0.3992899 0.6484915 0.6480944 -0.5031472 0.5716785 0.6480947 -0.5031477 0.5716742 0.648098 -0.5925217 0.4784243 0.6480959 -0.592522 0.478432 0.64809 -0.6648581 0.3714082 0.6480892 -0.6648579 0.3714072 0.6480901 -0.7180582 0.2537155 0.6480901 -0.7180545 0.2537064 0.6480978 -0.7506043 0.1286989 0.648097 -0.7506083 0.1287055 0.648091 -0.7615616 0 0.6480925 -0.7615616 0 0.6480925 -0.7506089 -0.1287019 0.6480912 -0.7506051 -0.1287049 0.6480948 -0.7180575 -0.2537106 0.6480929 -0.718061 -0.2537087 0.6480898 -0.6648575 -0.3714079 0.6480901 -0.6648586 -0.3714076 0.6480892 -0.5925205 -0.4784339 0.6480898 -0.5925238 -0.4784334 0.6480873 -0.5031514 -0.5716832 0.6480872 -0.5031413 -0.5716832 0.648095 -0.3992893 -0.6484919 0.6480944 -0.3993062 -0.6484948 0.6480811 -0.2839546 -0.7066545 0.6480813 -0.2839462 -0.7066515 0.6480882 -0.160458 -0.744469 0.6480889 -0.1604533 -0.7444663 0.6480932 -0.03231912 -0.7608741 0.6480942 -0.03232336 -0.7608776 0.64809 0.09673541 -0.7553948 0.6480903 0.09674239 -0.7553868 0.6480985 0.2230002 -0.7281756 0.6480982 0.2229983 -0.7281785 0.6480955 0.3428596 -0.6800144 0.6480954 0.3428579 -0.6800188 0.6480918 0.4528473 -0.6122971 0.6480907 0.4528464 -0.6123018 0.648087 0.5498197 -0.5269542 0.6480876 0.5498201 -0.526947 0.6480933 0.6309589 -0.4264575 0.6480932 0.6309584 -0.4264542 0.6480959 0.6939556 -0.313684 0.6480959 0.6939575 -0.3136906 0.6480904 0.736989 -0.1919018 0.6480903 0.7369872 -0.1918984 0.6480932 0.7588183 -0.0645793 0.6480928 0.7588211 -0.06458306 0.6480892 0.7588213 0.06457954 0.6480893 0.8504092 0.0723741 0.5211201 0.8259459 0.2150525 0.5211198 0.8259339 0.2150619 0.5211348 0.7777065 0.3515528 0.5211365 0.7777181 0.3515466 0.5211235 0.7071207 0.4779226 0.5211241 0.707109 0.4779266 0.5211362 0.6161667 0.5905546 0.5211372 0.616178 0.5905528 0.5211259 0.5075063 0.6861967 0.5211253 0.5075026 0.6861967 0.521129 0.3842378 0.7620933 0.5211287 0.384244 0.7620944 0.5211225 0.249925 0.8160685 0.5211236 0.249916 0.8160651 0.5211332 0.1084094 0.8465619 0.5211339 0.1084103 0.8465624 0.5211328 -0.03622394 0.8527061 0.5211335 -0.03621995 0.8527094 0.5211282 -0.1798085 0.8343226 0.5211284 -0.1798096 0.8343213 0.5211302 -0.3182315 0.7919289 0.5211308 -0.3182336 0.7919255 0.5211348 -0.4474816 0.7267591 0.5211347 -0.4474754 0.7267754 0.5211175 -0.5638777 0.640686 0.5211174 -0.5638786 0.6406818 0.5211217 -0.6640343 0.5361788 0.5211246 -0.6640346 0.5361664 0.5211369 -0.7451001 0.4162252 0.5211358 -0.7451013 0.4162343 0.5211266 -0.8047266 0.284328 0.5211264 -0.8047304 0.2843399 0.5211139 -0.8412086 0.1442425 0.5211163 -0.8412038 0.1442331 0.5211267 -0.8534799 0 0.5211256 -0.85348 0 0.5211256 -0.8412026 -0.1442414 0.5211263 -0.8412079 -0.1442363 0.5211191 -0.8047301 -0.2843292 0.5211202 -0.8047248 -0.2843328 0.5211266 -0.7451017 -0.4162338 0.5211266 -0.7451009 -0.4162341 0.5211274 -0.6640391 -0.5361716 0.5211257 -0.6640293 -0.536174 0.5211358 -0.5638706 -0.640678 0.5211349 -0.563875 -0.6406777 0.5211306 -0.4474821 -0.7267599 0.5211331 -0.4474804 -0.7267599 0.5211347 -0.3182189 -0.7919318 0.5211341 -0.3182218 -0.7919325 0.5211312 -0.1798083 -0.8343216 0.52113 -0.1798262 -0.83433 0.5211105 -0.03622454 -0.85272 0.5211107 -0.03622031 -0.852717 0.5211159 0.1083972 -0.8465745 0.5211158 0.1084102 -0.8465617 0.5211339 0.2499233 -0.8160631 0.5211329 0.2499177 -0.8160709 0.5211233 0.3842394 -0.7620965 0.5211226 0.3842422 -0.7620909 0.5211289 0.5075049 -0.6861949 0.5211288 0.5075039 -0.6861985 0.5211251 0.6161715 -0.5905593 0.5211262 0.6161729 -0.5905479 0.5211375 0.7071147 -0.4779186 0.5211359 0.7071154 -0.4779309 0.5211237 0.7777159 -0.3515508 0.5211236 0.7777146 -0.351545 0.5211296 0.8259389 -0.2150543 0.52113 0.8259431 -0.2150642 0.5211193 0.8504086 -0.07237958 0.5211204 0.8504049 -0.07237374 0.5211271 0.8504046 0.07237923 0.5211269 0.9210347 0.07839065 0.3815101 0.8945375 0.2329185 0.3815123 0.8945428 0.2329131 0.3815032 0.8423089 0.3807511 0.3815027 0.8423051 0.3807538 0.3815084 0.7658467 0.5176206 0.3815073 0.7658525 0.5176178 0.3814994 0.667353 0.6396081 0.3814991 0.6673489 0.6396093 0.3815043 0.5496653 0.7431837 0.3815051 0.5496543 0.7431848 0.3815187 0.4161469 0.8253883 0.3815179 0.4161505 0.8253885 0.3815137 0.27067 0.8838467 0.3815137 0.2706834 0.8838499 0.3814968 0.1174123 0.9168831 0.3814966 0.1174147 0.9168842 0.3814933 -0.03922843 0.9235386 0.3814937 -0.0392329 0.9235358 0.3815002 -0.1947504 0.9036204 0.3815001 -0.1947444 0.903626 0.3814901 -0.3446591 0.857715 0.3814907 -0.3446645 0.857708 0.3815014 -0.48465 0.7871282 0.3815017 -0.484651 0.7871264 0.3815043 -0.6107048 0.6938967 0.3815063 -0.610706 0.693893 0.381511 -0.7191875 0.580707 0.3815085 -0.7191868 0.5807121 0.3815022 -0.80699 0.4508032 0.3815018 -0.8069899 0.4507979 0.3815083 -0.8715624 0.3079453 0.3815084 -0.8715619 0.3079424 0.381512 -0.9110685 0.1562169 0.3815106 -0.9110704 0.1562217 0.3815044 -0.924367 0 0.3815045 -0.924367 0 0.3815045 -0.911071 -0.1562173 0.3815045 -0.9110678 -0.1562213 0.3815108 -0.8715611 -0.3079448 0.3815119 -0.8715633 -0.3079429 0.3815083 -0.8069844 -0.450808 0.3815079 -0.8069887 -0.4508056 0.3815019 -0.719195 -0.5807015 0.3815026 -0.7191907 -0.5807032 0.3815083 -0.6107035 -0.6938953 0.3815109 -0.6107073 -0.6938945 0.3815061 -0.4846494 -0.7871273 0.3815042 -0.4846516 -0.7871273 0.3815016 -0.3446575 -0.857711 0.3815012 -0.3446503 -0.8577099 0.3815102 -0.1947495 -0.9036161 0.3815106 -0.1947417 -0.9036136 0.3815207 -0.03922796 -0.9235275 0.3815208 -0.03923267 -0.9235299 0.3815144 0.1174113 -0.916876 0.381514 0.1173999 -0.916885 0.3814962 0.270672 -0.8838533 0.3814972 0.2706813 -0.8838431 0.3815141 0.4161592 -0.8253842 0.3815133 0.4161531 -0.8253937 0.3814995 0.5496568 -0.7431915 0.3815021 0.5496577 -0.7431895 0.3815048 0.6673514 -0.6396066 0.3815042 0.6673505 -0.6396108 0.3814989 0.7658493 -0.5176224 0.3814995 0.7658497 -0.5176159 0.3815075 0.8423069 -0.3807502 0.3815083 0.8423066 -0.3807477 0.3815113 0.89454 -0.2329154 0.3815085 0.8945403 -0.2329164 0.3815072 0.9210353 -0.0783922 0.3815084 0.9210345 -0.07839065 0.3815105 0.9210345 0.07839089 0.3815104 0.9690582 0.08247828 0.2326444 0.9411816 0.2450618 0.2326413 0.9411805 0.2450633 0.2326439 0.886229 0.4005931 0.232644 0.8862213 0.4006009 0.2326599 0.8057724 0.5446091 0.2326622 0.8057749 0.5446074 0.2326578 0.7021443 0.6729513 0.2326583 0.7021432 0.6729519 0.2326601 0.5783133 0.7819352 0.2326607 0.5783241 0.7819321 0.2326445 0.4378457 0.868428 0.2326455 0.4378468 0.8684279 0.2326438 0.2847839 0.929933 0.232643 0.2847835 0.929933 0.2326436 0.1235362 0.9646842 0.2326438 0.1235334 0.9646836 0.2326481 -0.04127162 0.9716853 0.2326464 -0.04127353 0.9716846 0.2326494 -0.2049007 0.9507315 0.2326486 -0.2049036 0.9507297 0.2326534 -0.3626239 0.902428 0.2326535 -0.3626257 0.9024263 0.2326571 -0.5099167 0.8281643 0.2326557 -0.5099168 0.8281645 0.2326558 -0.64255 0.7300695 0.2326544 -0.6425464 0.730076 0.2326437 -0.756686 0.6109846 0.2326458 -0.7566859 0.610985 0.2326452 -0.8490592 0.4743143 0.2326463 -0.8490607 0.4743049 0.2326601 -0.9170037 0.3239977 0.2326581 -0.9170037 0.3240008 0.2326536 -0.9585705 0.1643638 0.2326526 -0.9585701 0.1643618 0.2326554 -0.9725589 0 0.232657 -0.9725589 0 0.232657 -0.9585698 -0.1643636 0.2326554 -0.9585708 -0.1643619 0.2326526 -0.9170047 -0.3239981 0.2326536 -0.9170026 -0.3240005 0.2326582 -0.8490565 -0.4743127 0.2326599 -0.8490576 -0.4743116 0.2326574 -0.7566835 -0.6109825 0.2326596 -0.7566917 -0.6109776 0.2326457 -0.6425516 -0.7300714 0.2326439 -0.6425448 -0.7300741 0.2326545 -0.5099167 -0.8281643 0.2326558 -0.5099168 -0.8281645 0.2326557 -0.3626235 -0.9024271 0.2326571 -0.362626 -0.9024271 0.2326534 -0.2049005 -0.9507304 0.2326533 -0.2049038 -0.9507308 0.2326484 -0.04127162 -0.9716846 0.2326493 -0.04127353 -0.9716852 0.2326464 0.1235361 -0.9646832 0.232648 0.1235335 -0.9646846 0.2326438 0.2847839 -0.9299328 0.2326436 0.2847836 -0.9299331 0.232643 0.4378458 -0.8684284 0.2326438 0.4378564 -0.868417 0.2326663 0.578313 -0.7819347 0.2326632 0.578312 -0.7819362 0.2326607 0.702144 -0.6729511 0.2326601 0.7021435 -0.6729522 0.2326583 0.805778 -0.5446029 0.2326577 0.8057766 -0.5446084 0.2326494 0.8862252 -0.4005981 0.2326504 0.8862248 -0.4006025 0.2326439 0.941181 -0.2450616 0.2326439 0.9411807 -0.2450594 0.2326471 0.9690572 -0.08248484 0.2326465 0.9690557 -0.08247935 0.2326547 0.9690552 0.08248466 0.2326546 0.9933473 0.08455234 0.078179 0.9647725 0.2512008 0.07818126 0.9647712 0.251204 0.07818681 0.9084395 0.4106394 0.07818555 0.9084426 0.4106342 0.07817584 0.8259708 0.5582658 0.07817602 0.8259735 0.5582627 0.07816958 0.7197436 0.6898253 0.07816797 0.7197471 0.6898224 0.07816064 0.5928213 0.8015323 0.07815951 0.5928113 0.8015379 0.07817792 0.448826 0.8901931 0.0781762 0.4488202 0.8901951 0.07818597 0.2919175 0.9532425 0.07818579 0.291922 0.9532417 0.07817852 0.1266395 0.9888633 0.07817834 0.1266326 0.9888633 0.07818943 -0.04231756 0.9960401 0.07818943 -0.04230618 0.9960419 0.07817101 -0.2100326 0.9745643 0.07817143 -0.2100368 0.9745628 0.07817852 -0.3717123 0.9250504 0.07817822 -0.3717138 0.9250495 0.07818114 -0.5227001 0.8489243 0.0781809 -0.5226993 0.8489248 0.07817935 -0.6586595 0.7483687 0.07817852 -0.6586576 0.748371 0.07817363 -0.775653 0.6262998 0.07817399 -0.7756531 0.6262995 0.07817447 -0.870342 0.4862031 0.07817554 -0.8703418 0.4862034 0.078175 -0.939991 0.3321225 0.07817655 -0.9399916 0.3321199 0.07818078 -0.9825988 0.168485 0.07818198 -0.9825989 0.1684838 0.07818382 -0.996939 0 0.07818269 -0.9969391 0 0.07818269 -0.9825987 -0.1684849 0.07818382 -0.982599 -0.1684839 0.07818192 -0.9399907 -0.3321223 0.07818078 -0.9399919 -0.33212 0.07817655 -0.870342 -0.4862031 0.078175 -0.8703418 -0.4862034 0.07817554 -0.7756529 -0.6262997 0.07817447 -0.7756531 -0.6262995 0.07817399 -0.6586514 -0.7483764 0.07817357 -0.6586582 -0.7483718 0.0781604 -0.5227119 -0.848919 0.07815891 -0.5226992 -0.8489247 0.0781809 -0.3717122 -0.9250501 0.07818114 -0.3717139 -0.9250497 0.07817822 -0.2100325 -0.9745637 0.07817852 -0.2100369 -0.9745634 0.07817137 -0.04231762 -0.9960414 0.07817107 -0.04230612 -0.9960405 0.07818949 0.1266394 -0.9888625 0.07818943 0.1266327 -0.9888641 0.07817834 0.2919176 -0.953243 0.07817852 0.2919219 -0.9532411 0.07818585 0.4488257 -0.8901924 0.07818591 0.4488206 -0.8901958 0.07817614 0.5928205 -0.8015311 0.0781778 0.5928122 -0.801539 0.07815945 0.719744 -0.6898257 0.07816064 0.7197468 -0.689822 0.07816803 0.825976 -0.5582591 0.07816952 0.8259779 -0.5582554 0.07817614 0.9084377 -0.4106453 0.07817596 0.9084394 -0.4106395 0.07818555 0.9647721 -0.2512007 0.07818681 0.9647716 -0.2512041 0.07818126 0.993348 -0.08454531 0.07817894 0.9933483 -0.08455246 0.07816755 0.9933488 0.08454537 0.07816761 -0.9990991 -0.04243928 0 -0.9856157 -0.1690023 0 -0.9856157 -0.1690023 0 -0.9428766 -0.3331421 0 -0.9428766 -0.3331421 0 -0.8730137 -0.4876956 0 -0.8730137 -0.4876956 0 -0.7780339 -0.6282223 0 -0.7780339 -0.6282223 0 -0.6606732 -0.7506737 0 -0.6606732 -0.7506737 0 -0.5243157 -0.8515239 0 -0.5243157 -0.8515239 0 -0.3728534 -0.9278903 0 -0.3728534 -0.9278903 0 -0.2106773 -0.9775556 0 -0.2106773 -0.9775556 0 -0.0424475 -0.9990987 0 -0.0424475 -0.9990987 0 0.1270283 -0.9918991 0 0.1270283 -0.9918991 0 0.2928139 -0.9561695 0 0.2928139 -0.9561695 0 0.4502039 -0.8929259 0 0.4502039 -0.8929259 0 0.5946404 -0.8039919 0 0.5946404 -0.8039919 0 0.7219526 -0.6919425 0 0.7219526 -0.6919425 0 0.8285111 -0.5599726 0 0.8285111 -0.5599726 0 0.9112264 -0.4119059 0 0.9112264 -0.4119059 0 0.9677345 -0.251972 0 0.9677345 -0.251972 0 0.9963976 -0.08480489 0 0.9963976 -0.08480489 0 0.9963976 0.08480489 0 0.9963976 0.08480489 0 0.9677345 0.251972 0 0.9677345 0.251972 0 0.9112289 0.4119002 0 0.9112289 0.4119002 0 0.8285064 0.5599796 0 0.8285064 0.5599796 0 0.7219526 0.6919425 0 0.7219526 0.6919425 0 0.5946404 0.8039919 0 0.5946404 0.8039919 0 0.4502039 0.8929259 0 0.4502039 0.8929259 0 0.2928139 0.9561695 0 0.2928139 0.9561695 0 0.1270283 0.9918991 0 0.1270283 0.9918991 0 -0.0424475 0.9990987 0 -0.0424475 0.9990987 0 -0.2106773 0.9775556 0 -0.2106773 0.9775556 0 -0.3728534 0.9278903 0 -0.3728534 0.9278903 0 -0.5243049 0.8515307 0 -0.5243049 0.8515307 0 -0.6606816 0.7506662 0 -0.6606816 0.7506662 0 -0.7780339 0.6282223 0 -0.7780339 0.6282223 0 -0.8730137 0.4876956 0 -0.8730137 0.4876956 0 -0.9428766 0.3331421 0 -0.9428766 0.3331421 0 -0.9856157 0.1690023 0 -0.9856157 0.1690023 0 -0.9990991 0.04243928 0 -0.9999991 0 0.00135082 0 0 1 0 0 1 0 0 1 0 0 1 0 0 1 0 0 1 0 0 1 0 0 1 0 0 1 0 0 1 0 0 1 0 0 1 0 0 1 0 0 1 0 0 1 0 0 1 0 0 1 0 0 1 0 0 1 0 0 1 0 0 1 0 0 1 0 0 1 0 0 1 0 0 1 0 0 1 0 0 1 0 0 1 0 0 1 0 0 1 0 0 1 0 0 1 0 0 1 0 0 1 0 0 1 0 0 1 0 0 1 0 0 1 0 0 1 0 0 1 0 0 1 0 0 1 0 0 1 0 0 1 0 0 1 0 0 1 0 0 1 0 0 1 0 0 1 0 0 1 0 0 1 0 0 1 0 0 1 0 0 1 0 0 1 0 0 1 0 0 1 0 0 1 0 0 1 0 0 1 0 0 1 0 0 1 0 0 1 0 0 1 0 0 1 0 0 1 0 0 1 0 0 1 0 0 1 0 0 1 0 0 1 0 0 1 0 0 1 0 0 1 0 0 1 0 0 1 0 0 1 0 0 1 0 0 1 0 0 1 0 0 1 0 0 1 0 0 1 0 0 1 0 0 1 0 0 1 0 0 1 0 0 1 0 0 1 0 0 1 0 0 1 0 0 1 0 0 1 0 0 1 0 0 1 0 0 1 0 0 1 0 0 1 0 0 1 0 0 1 0 0 1 0 0 1 0 0 1 0 0 1 0 0 1 0 0 1 0 0 1 0 0 1 0 0 1 0 0 1 0 0 1 0 0 1 0 0 1 0.07845968 0.006677627 0.996895 0.07620269 0.01984113 0.996895 0.07620167 0.01984202 0.996895 0.07175219 0.03243482 0.996895 0.07175356 0.03243392 0.996895 0.06524026 0.04409354 0.996895 0.06523942 0.0440939 0.996895 0.05684918 0.0544852 0.9968949 0.0568487 0.05448532 0.996895 0.04682242 0.06330943 0.996895 0.04682153 0.06330949 0.996895 0.03544998 0.07031118 0.996895 0.03545141 0.0703113 0.996895 0.02305877 0.07529115 0.996895 0.02305829 0.07529097 0.996895 0.010001 0.07810503 0.996895 0.009998738 0.07810395 0.9968951 -0.003342628 0.07867068 0.996895 -0.003340065 0.0786724 0.9968949 -0.01658934 0.07697582 0.996895 -0.01659035 0.07697486 0.996895 -0.02935832 0.07306474 0.996895 -0.02935904 0.07306385 0.996895 -0.04128515 0.06705093 0.996895 -0.04128509 0.06705111 0.996895 -0.05202287 0.0591095 0.996895 -0.05202311 0.05910867 0.9968951 -0.06126469 0.04946643 0.9968951 -0.06126433 0.04946911 0.9968949 -0.0687434 0.03840309 0.9968949 -0.0687434 0.03840225 0.996895 -0.07424473 0.02623248 0.996895 -0.07424467 0.0262323 0.996895 -0.07761001 0.01330727 0.996895 -0.07760983 0.01330685 0.996895 -0.0787425 0 0.996895 -0.0787425 0 0.996895 -0.07760983 -0.01330727 0.996895 -0.07760965 -0.01330745 0.996895 -0.07424384 -0.02623313 0.996895 -0.07424587 -0.02623146 0.9968949 -0.06874448 -0.03840214 0.9968949 -0.06874203 -0.03840351 0.996895 -0.06126374 -0.04946786 0.996895 -0.06126558 -0.04946726 0.996895 -0.05202358 -0.05911028 0.996895 -0.05202442 -0.05911016 0.996895 -0.04128605 -0.06705236 0.996895 -0.04128587 -0.06705236 0.9968949 -0.02936106 -0.0730648 0.9968949 -0.02935928 -0.07306444 0.996895 -0.01658922 -0.07697516 0.996895 -0.01659053 -0.07697564 0.996895 -0.003342688 -0.07867211 0.996895 -0.003340005 -0.07867056 0.9968951 0.01000356 -0.07810372 0.996895 0.01000237 -0.07810473 0.996895 0.02305614 -0.07529145 0.996895 0.02305781 -0.07528954 0.9968951 0.0354495 -0.07031023 0.9968951 0.03544831 -0.07031226 0.996895 0.04682403 -0.06330794 0.996895 0.04682397 -0.06330806 0.996895 0.05684757 -0.05448627 0.996895 0.05684792 -0.0544846 0.9968951 0.06523901 -0.04409271 0.996895 0.06523901 -0.0440936 0.996895 0.07175272 -0.03243386 0.996895 0.0717529 -0.03243523 0.9968949 0.07620233 -0.01984173 0.996895 0.07620215 -0.01984125 0.996895 0.07845944 -0.006677865 0.9968949 0.07845926 -0.006677567 0.996895 0.07845926 0.006678104 0.9968949 0.2333918 0.01986527 0.9721798 0.2266779 0.05902016 0.9721799 0.2266773 0.05902063 0.97218 0.2134419 0.0964812 0.97218 0.2134388 0.09648281 0.9721805 0.1940628 0.1311659 0.9721806 0.1940686 0.131164 0.9721797 0.1691095 0.1620752 0.9721798 0.1691076 0.1620755 0.9721801 0.139281 0.1883262 0.9721801 0.1392825 0.1883262 0.9721798 0.1054573 0.2091532 0.9721798 0.1054518 0.2091521 0.9721807 0.06858146 0.2239676 0.9721806 0.06859415 0.2239723 0.9721787 0.02975922 0.232342 0.9721788 0.02974975 0.2323365 0.9721804 -0.009943425 0.2340224 0.9721804 -0.009943366 0.2340225 0.9721803 -0.04934555 0.228977 0.9721803 -0.04934734 0.2289748 0.9721807 -0.08734077 0.2173394 0.9721806 -0.08733427 0.2173506 0.9721788 -0.1228089 0.1994643 0.972179 -0.1228114 0.1994573 0.9721801 -0.1547562 0.1758312 0.97218 -0.1547552 0.1758362 0.9721793 -0.1822432 0.1471552 0.9721794 -0.1822434 0.1471473 0.9721806 -0.2044911 0.1142318 0.9721803 -0.204492 0.1142383 0.9721793 -0.2208566 0.07803499 0.9721794 -0.2208563 0.07803398 0.9721797 -0.2308675 0.03958654 0.9721795 -0.2308668 0.03958529 0.9721797 -0.2342359 0 0.9721798 -0.2342359 0 0.9721798 -0.2308667 -0.03958636 0.9721798 -0.2308678 -0.03958541 0.9721795 -0.220856 -0.07803481 0.9721796 -0.2208541 -0.07803606 0.9721799 -0.2044905 -0.1142351 0.97218 -0.2044928 -0.1142342 0.9721797 -0.1822448 -0.1471513 0.9721797 -0.1822413 -0.1471521 0.9721802 -0.1547519 -0.1758337 0.9721803 -0.154753 -0.1758336 0.97218 -0.1228112 -0.1994575 0.97218 -0.1228116 -0.1994576 0.97218 -0.08733606 -0.2173439 0.97218 -0.08734005 -0.217345 0.9721794 -0.04934638 -0.2289808 0.9721794 -0.04934883 -0.228982 0.9721789 -0.009943664 -0.2340281 0.9721789 -0.009943604 -0.234028 0.9721791 0.02975273 -0.2323418 0.972179 0.02975785 -0.2323366 0.9721801 0.06858819 -0.2239682 0.97218 0.06858587 -0.2239716 0.9721794 0.1054528 -0.2091571 0.9721795 0.1054535 -0.2091555 0.9721798 0.1392859 -0.1883241 0.9721798 0.1392868 -0.1883212 0.9721802 0.1691054 -0.1620775 0.9721802 0.169105 -0.1620807 0.9721797 0.1940679 -0.131165 0.9721798 0.1940678 -0.1311635 0.9721799 0.2134422 -0.09648138 0.97218 0.213442 -0.09648066 0.97218 0.226677 -0.05902159 0.97218 0.2266775 -0.05902278 0.9721798 0.2333918 -0.01986551 0.9721798 0.2333912 -0.01986455 0.97218 0.2333912 0.01986598 0.97218 0.3824855 0.03255677 0.9233877 0.3714822 0.09672582 0.9233878 0.3714853 0.09672367 0.9233868 0.3497948 0.1581166 0.9233866 0.3497952 0.1581164 0.9233864 0.3180417 0.2149584 0.9233863 0.3180373 0.2149596 0.9233876 0.2771365 0.2656137 0.9233877 0.2771413 0.2656133 0.9233863 0.2282652 0.3086304 0.9233863 0.2282539 0.3086294 0.9233894 0.1728152 0.3427638 0.9233893 0.1728268 0.3427668 0.923386 0.1124092 0.367045 0.9233862 0.1123909 0.3670367 0.9233918 0.04875087 0.3807517 0.9233914 0.04876977 0.3807646 0.923385 -0.01628994 0.3835289 0.9233852 -0.01629561 0.3835235 0.9233874 -0.08086991 0.3752543 0.9233874 -0.08086919 0.3752552 0.923387 -0.1431329 0.3561875 0.9233869 -0.1431362 0.3561809 0.923389 -0.2012595 0.3268759 0.9233888 -0.2012581 0.3268805 0.9233875 -0.2536132 0.2881588 0.9233877 -0.2536141 0.2881518 0.9233897 -0.2986607 0.2411516 0.9233893 -0.298661 0.2411587 0.9233873 -0.3351241 0.1872092 0.9233875 -0.3351231 0.1872048 0.9233888 -0.3619391 0.1278809 0.9233886 -0.3619404 0.127884 0.9233877 -0.3783468 0.06487375 0.923388 -0.3783472 0.06487464 0.9233876 -0.3838689 0 0.9233875 -0.383869 0 0.9233876 -0.3783473 -0.06487387 0.9233876 -0.3783465 -0.06487452 0.9233879 -0.361941 -0.1278816 0.9233878 -0.3619382 -0.1278831 0.9233887 -0.3351199 -0.1872119 0.9233885 -0.335123 -0.1872107 0.9233876 -0.298664 -0.2411543 0.9233875 -0.298666 -0.241154 0.9233869 -0.2536146 -0.2881604 0.9233868 -0.253611 -0.2881604 0.9233877 -0.2012673 -0.3268738 0.9233878 -0.2012645 -0.3268734 0.9233886 -0.1431236 -0.3561871 0.9233885 -0.1431286 -0.3561888 0.9233871 -0.08087861 -0.3752525 0.9233873 -0.08086723 -0.3752461 0.923391 -0.01628935 -0.3835155 0.9233908 -0.01629549 -0.3835204 0.9233886 0.04876053 -0.3807565 0.9233888 0.04875838 -0.380759 0.9233879 0.1124081 -0.3670412 0.923388 0.1124047 -0.3670467 0.9233861 0.1728184 -0.3427703 0.9233863 0.1728182 -0.342771 0.9233862 0.228259 -0.3086344 0.9233865 0.2282611 -0.3086248 0.9233892 0.277139 -0.2656073 0.9233887 0.2771384 -0.2656208 0.9233851 0.3180434 -0.2149596 0.9233855 0.318043 -0.2149562 0.9233865 0.3497932 -0.15812 0.9233865 0.3497916 -0.1581148 0.9233881 0.3714823 -0.09672582 0.9233878 0.3714822 -0.0967257 0.9233879 0.3824856 -0.03255629 0.9233877 0.3824853 -0.03255587 0.9233879 0.3824853 0.03255701 0.9233878 0.5219786 0.04443061 0.8518006 0.5069638 0.1320022 0.8517999 0.5069637 0.1320022 0.8518 0.4773609 0.2157829 0.8518006 0.4773643 0.2157815 0.8517991 0.4340314 0.2933519 0.851799 0.4340293 0.2933524 0.8517999 0.3782101 0.362483 0.8518 0.3782083 0.362483 0.8518007 0.3115071 0.4211871 0.8518009 0.3115136 0.4211879 0.8517982 0.2358446 0.467779 0.8517981 0.2358457 0.4677794 0.8517976 0.1534046 0.5009074 0.8517974 0.1534053 0.5009077 0.8517971 0.06653773 0.5196292 0.8517971 0.06653207 0.5196251 0.8518 -0.02223676 0.5233956 0.8517996 -0.02223086 0.5234016 0.8517961 -0.1103616 0.5121166 0.8517963 -0.110364 0.5121132 0.8517981 -0.1953325 0.4860919 0.8517979 -0.1953336 0.4860895 0.8517991 -0.2746645 0.4460915 0.8517991 -0.2746635 0.4460952 0.8517975 -0.3461124 0.3932527 0.8517973 -0.346112 0.3932571 0.8517953 -0.4075917 0.3291089 0.8517959 -0.4075916 0.3291072 0.8517966 -0.4573466 0.255492 0.8517969 -0.4573449 0.255485 0.8517999 -0.4939433 0.1745206 0.8517996 -0.4939435 0.174521 0.8517994 -0.5163335 0.08853322 0.8517991 -0.5163339 0.08853393 0.8517987 -0.5238703 0 0.8517981 -0.5238703 0 0.8517981 -0.5163358 -0.08853363 0.8517976 -0.5163351 -0.08853417 0.8517979 -0.4939481 -0.1745184 0.8517974 -0.4939432 -0.1745209 0.8517996 -0.4573426 -0.2554897 0.8517997 -0.4573416 -0.2554901 0.8518002 -0.4075855 -0.329104 0.8518008 -0.4075872 -0.3291037 0.8518001 -0.3461031 -0.3932545 0.8518002 -0.3461098 -0.3932546 0.8517974 -0.2746734 -0.4460883 0.8517979 -0.2746714 -0.4460878 0.8517988 -0.1953228 -0.4860947 0.8517987 -0.1953235 -0.486095 0.8517984 -0.1103713 -0.5121111 0.8517983 -0.1103766 -0.5121144 0.8517957 -0.022237 -0.523401 0.8517963 -0.02223062 -0.5233954 0.8517999 0.06654793 -0.5196241 0.8517994 0.06654477 -0.519628 0.8517973 0.1533947 -0.5009103 0.8517975 0.1534021 -0.5008974 0.8518038 0.2358494 -0.4677672 0.8518033 0.2358453 -0.4677787 0.8517981 0.3115096 -0.4211905 0.8517984 0.3115083 -0.4211975 0.8517953 0.3782147 -0.3624873 0.8517961 0.3782148 -0.3624775 0.8518003 0.4340265 -0.293356 0.8518 0.4340255 -0.2933498 0.8518027 0.477361 -0.2157781 0.8518018 0.4773641 -0.2157871 0.8517978 0.5069655 -0.1320055 0.8517984 0.5069638 -0.1320022 0.8518 0.5219792 -0.04442703 0.8518004 0.5219814 -0.04442983 0.851799 0.5219814 0.04442811 0.851799 0.648455 0.05519282 0.7592495 0.6297979 0.1639913 0.7592505 0.6298046 0.1639872 0.759246 0.593033 0.2680634 0.7592456 0.5930249 0.2680668 0.7592508 0.5391909 0.3644331 0.7592508 0.5391979 0.3644315 0.7592465 0.4698514 0.4503167 0.7592461 0.4698545 0.4503164 0.7592442 0.3869921 0.5232457 0.7592437 0.3869885 0.5232453 0.7592458 0.2929943 0.5811201 0.7592455 0.2929879 0.5811182 0.7592494 0.1905676 0.6222732 0.7592496 0.1905743 0.6222766 0.7592452 0.08266103 0.645534 0.759245 0.08265954 0.645533 0.7592461 -0.02762246 0.6502169 0.7592464 -0.02762472 0.6502146 0.7592483 -0.1371056 0.6361945 0.7592487 -0.1371018 0.6362001 0.7592447 -0.2426601 0.6038734 0.759245 -0.2426612 0.6038711 0.7592466 -0.3412182 0.5541795 0.7592465 -0.3412175 0.5541824 0.7592447 -0.4299681 0.4885417 0.7592459 -0.4299691 0.4885307 0.7592524 -0.5063436 0.4088442 0.7592514 -0.5063438 0.408846 0.7592503 -0.5681574 0.3173908 0.7592498 -0.5681588 0.3173959 0.7592466 -0.6136274 0.2168084 0.7592467 -0.6136268 0.2168072 0.7592475 -0.6414399 0.1099835 0.7592486 -0.6414408 0.1099848 0.7592477 -0.6508004 0 0.7592489 -0.6508004 0 0.7592489 -0.6414389 -0.1099833 0.7592495 -0.6414377 -0.1099843 0.7592504 -0.6136229 -0.2168068 0.7592509 -0.6136294 -0.2168034 0.7592465 -0.5681579 -0.3173978 0.7592465 -0.5681605 -0.3173969 0.759245 -0.5063504 -0.4088497 0.7592439 -0.5063486 -0.4088499 0.7592449 -0.4299759 -0.4885367 0.7592447 -0.4299606 -0.4885362 0.7592537 -0.3412139 -0.5541724 0.7592536 -0.3412264 -0.554175 0.7592461 -0.2426594 -0.6038718 0.7592465 -0.2426459 -0.6038665 0.759255 -0.137104 -0.6361873 0.7592551 -0.1371138 -0.6361932 0.7592483 -0.0276224 -0.6502148 0.7592481 -0.02762484 -0.6502169 0.7592463 0.08266085 -0.6455329 0.759246 0.08267134 -0.6455201 0.7592557 0.1905657 -0.622267 0.7592554 0.1905606 -0.6222758 0.7592493 0.2929924 -0.5811163 0.7592492 0.2929957 -0.5811071 0.759255 0.386985 -0.5232361 0.759254 0.3869844 -0.5232396 0.7592518 0.4698469 -0.4503123 0.7592515 0.4698469 -0.4503092 0.7592533 0.5391933 -0.3644265 0.7592522 0.5391953 -0.3644389 0.7592449 0.59303 -0.2680676 0.7592465 0.5930281 -0.2680622 0.7592498 0.6298008 -0.1639889 0.7592487 0.6298013 -0.1639899 0.759248 0.6484565 -0.05518996 0.7592484 0.6484581 -0.05519199 0.759247 0.6484582 0.05519008 0.7592471 0.7588208 0.06458306 0.6480894 0.73699 0.1918988 0.6480898 0.7369859 0.1919016 0.6480937 0.6939559 0.3136874 0.6480937 0.6939611 0.3136851 0.6480894 0.6309626 0.4264568 0.64809 0.6309586 0.4264579 0.6480934 0.5498164 0.526951 0.6480931 0.5498105 0.5269515 0.6480976 0.4528449 0.6122906 0.6480986 0.4528499 0.612291 0.6480947 0.3428573 0.6800161 0.648095 0.3428565 0.6800159 0.6480956 0.2230017 0.7281773 0.6480956 0.2229999 0.7281764 0.6480972 0.09672141 0.7553907 0.6480972 0.09672886 0.7553957 0.6480901 -0.03231942 0.7608774 0.6480902 -0.03232336 0.7608737 0.6480945 -0.1604439 0.7444673 0.6480943 -0.1604403 0.7444722 0.6480897 -0.2839516 0.7066472 0.6480906 -0.2839555 0.7066394 0.6480972 -0.399291 0.6484881 0.6480972 -0.3992893 0.6484938 0.6480925 -0.5031468 0.5716813 0.6480924 -0.5031459 0.5716884 0.648087 -0.5925222 0.4784352 0.6480874 -0.5925219 0.4784283 0.6480928 -0.6648558 0.371407 0.6480922 -0.6648564 0.3714099 0.6480899 -0.718061 0.2537086 0.6480899 -0.7180603 0.253707 0.6480912 -0.750609 0.1287052 0.6480903 -0.750607 0.1287017 0.6480936 -0.7615616 0 0.6480925 -0.7615616 0 0.6480925 -0.7506088 -0.1287029 0.6480911 -0.7506097 -0.1287022 0.6480901 -0.7180599 -0.2537083 0.6480911 -0.7180614 -0.2537074 0.6480898 -0.6648546 -0.3714136 0.6480897 -0.6648511 -0.3714148 0.6480926 -0.5925237 -0.4784259 0.6480929 -0.5925197 -0.4784265 0.6480961 -0.5031439 -0.5716779 0.6480978 -0.503151 -0.5716779 0.6480922 -0.399293 -0.6484913 0.6480926 -0.3992871 -0.6484903 0.6480974 -0.2839496 -0.706642 0.6480969 -0.2839577 -0.7066449 0.6480903 -0.1604447 -0.744471 0.6480899 -0.1604395 -0.7444681 0.6480945 -0.03231924 -0.760874 0.6480944 -0.03232353 -0.7608775 0.6480901 0.09673506 -0.7553952 0.6480898 0.09672957 -0.7554014 0.6480835 0.2230047 -0.7281871 0.6480836 0.2230036 -0.7281888 0.6480821 0.3428618 -0.6800252 0.648083 0.3428615 -0.6800259 0.6480824 0.4528526 -0.6123009 0.6480835 0.4528536 -0.612296 0.6480875 0.5498132 -0.5269605 0.648088 0.5498135 -0.5269543 0.6480929 0.6309648 -0.4264494 0.6480928 0.6309652 -0.4264527 0.6480902 0.6939567 -0.3136937 0.6480897 0.6939553 -0.3136889 0.6480936 0.736988 -0.1918949 0.6480934 0.73699 -0.1918991 0.6480898 0.7588205 -0.06458604 0.6480896 0.7588181 -0.06458282 0.6480927 0.758818 0.0645858 0.6480926 0.850403 0.0723809 0.5211293 0.8259384 0.2150611 0.5211279 0.82594 0.2150598 0.5211259 0.7777162 0.3515475 0.5211255 0.7777143 0.3515486 0.5211277 0.7071132 0.4779303 0.5211274 0.7071177 0.4779287 0.5211225 0.6161799 0.5905541 0.521122 0.6161794 0.5905541 0.5211226 0.5075105 0.6861955 0.5211228 0.5075043 0.6861954 0.5211289 0.3842365 0.762094 0.5211286 0.3842405 0.7620947 0.5211246 0.2499132 0.8160716 0.5211244 0.2499197 0.8160739 0.5211174 0.1084107 0.8465721 0.5211168 0.1083953 0.8465632 0.5211344 -0.03622382 0.8527064 0.5211331 -0.03622013 0.8527094 0.5211283 -0.1798092 0.8343223 0.5211284 -0.179809 0.8343225 0.5211282 -0.3182191 0.7919358 0.521128 -0.3182215 0.7919318 0.5211327 -0.4474909 0.7267553 0.521132 -0.4474875 0.726764 0.5211227 -0.5638709 0.6406871 0.5211235 -0.5638726 0.6406787 0.5211321 -0.6640344 0.5361713 0.5211321 -0.6640342 0.5361779 0.5211254 -0.7450997 0.4162362 0.5211275 -0.7450993 0.4162333 0.5211305 -0.8047242 0.2843272 0.5211305 -0.8047249 0.2843291 0.5211285 -0.8412016 0.1442412 0.521128 -0.8412003 0.1442387 0.5211308 -0.8534772 0 0.5211301 -0.8534772 0 0.5211301 -0.8412003 -0.1442387 0.5211308 -0.8412024 -0.1442366 0.5211278 -0.8047254 -0.2843275 0.5211286 -0.8047236 -0.2843287 0.5211306 -0.7450982 -0.4162353 0.5211304 -0.7450927 -0.4162377 0.5211364 -0.6640322 -0.5361695 0.5211368 -0.6640369 -0.5361683 0.521132 -0.5638676 -0.6406833 0.5211318 -0.5638761 -0.6406827 0.5211232 -0.4474839 -0.7267664 0.5211226 -0.4474893 -0.7267669 0.5211172 -0.3182336 -0.7919375 0.5211165 -0.3182226 -0.7919345 0.5211279 -0.1798092 -0.8343225 0.5211282 -0.179809 -0.8343223 0.5211284 -0.03622394 -0.8527092 0.5211285 -0.03622001 -0.8527064 0.5211332 0.1084094 -0.8465618 0.521134 0.1084097 -0.8465614 0.5211345 0.2499241 -0.816062 0.5211341 0.2499185 -0.8160697 0.5211246 0.3842375 -0.7620962 0.5211247 0.3842393 -0.7620925 0.5211288 0.5075083 -0.6861926 0.5211287 0.5075066 -0.6861985 0.5211225 0.6161729 -0.5905606 0.5211229 0.6161727 -0.5905618 0.5211217 0.7071199 -0.4779255 0.5211225 0.7071197 -0.4779202 0.5211278 0.7777127 -0.3515521 0.5211278 0.7777133 -0.3515546 0.5211252 0.8259406 -0.215058 0.5211259 0.8259397 -0.215056 0.5211282 0.8504033 -0.07237911 0.5211292 0.8504045 -0.07238107 0.5211269 0.8504046 0.07237923 0.5211269 0.9210375 0.07839089 0.3815032 0.8945408 0.2329229 0.3815019 0.8945399 0.2329238 0.3815035 0.8423125 0.3807427 0.3815029 0.8423092 0.3807452 0.3815081 0.7658467 0.5176206 0.3815073 0.7658405 0.5176235 0.3815156 0.6673475 0.6396028 0.3815172 0.667355 0.6396008 0.3815078 0.5496537 0.7431909 0.3815078 0.5496636 0.7431898 0.3814957 0.4161527 0.8253961 0.3814948 0.4161524 0.825396 0.3814951 0.2706865 0.8838501 0.3814943 0.2706683 0.8838459 0.3815171 0.1174111 0.9168747 0.3815172 0.1174136 0.9168758 0.3815139 -0.03922796 0.9235301 0.3815145 -0.03923237 0.9235273 0.3815209 -0.1947494 0.9036121 0.3815205 -0.1947434 0.9036177 0.3815104 -0.3446561 0.8577076 0.38151 -0.3446507 0.8577147 0.3814991 -0.4846506 0.7871291 0.3814989 -0.4846575 0.7871163 0.3815169 -0.610707 0.6938902 0.3815148 -0.6107037 0.6938999 0.3815021 -0.7191909 0.5807061 0.3815034 -0.7191907 0.580707 0.3815024 -0.8069865 0.4508092 0.381502 -0.8069865 0.450808 0.3815034 -0.8715631 0.3079491 0.3815036 -0.8715619 0.3079424 0.381512 -0.9110685 0.1562169 0.3815106 -0.9110704 0.1562217 0.3815044 -0.924367 0 0.3815045 -0.924367 0 0.3815045 -0.911071 -0.1562173 0.3815045 -0.9110696 -0.156219 0.3815072 -0.8715642 -0.3079444 0.381505 -0.8715652 -0.3079436 0.3815034 -0.8069861 -0.450809 0.3815034 -0.8069871 -0.4508084 0.381502 -0.7191912 -0.5807064 0.3815024 -0.7191904 -0.5807067 0.3815034 -0.6107023 -0.6939012 0.381502 -0.6107044 -0.6939008 0.3814995 -0.4846609 -0.7871227 0.3814991 -0.4846467 -0.7871231 0.3815166 -0.3446549 -0.8577044 0.3815186 -0.3446619 -0.8577053 0.3815098 -0.1947366 -0.9036191 0.3815102 -0.1947443 -0.9036217 0.3815003 -0.0392282 -0.9235361 0.3815001 -0.03923285 -0.9235385 0.3814936 0.1173983 -0.9168861 0.3814938 0.1174135 -0.9168744 0.3815172 0.2706838 -0.8838413 0.3815166 0.2706824 -0.8838428 0.3815141 0.4161492 -0.8253892 0.3815137 0.416149 -0.8253894 0.3815132 0.5496618 -0.7431825 0.3815124 0.5496605 -0.7431857 0.3815081 0.6673503 -0.6396055 0.3815079 0.6673494 -0.6396098 0.3815027 0.7658433 -0.517628 0.3815041 0.7658441 -0.5176158 0.381519 0.8423074 -0.3807404 0.3815165 0.8423086 -0.3807517 0.3815026 0.8945401 -0.2329227 0.3815035 0.8945393 -0.2329198 0.3815072 0.9210368 -0.07839113 0.381505 0.9210367 -0.07839083 0.3815053 0.9210366 0.07839232 0.3815053 0.9690563 0.08247941 0.2326522 0.941178 0.2450647 0.2326526 0.9411771 0.2450661 0.2326551 0.886224 0.4005982 0.2326544 0.8862286 0.4005936 0.232645 0.805776 0.5446115 0.2326446 0.8057785 0.5446097 0.2326402 0.7021477 0.6729547 0.2326383 0.7021467 0.6729552 0.2326401 0.57832 0.7819368 0.2326388 0.5783115 0.7819393 0.2326516 0.4378554 0.8684217 0.2326509 0.4378461 0.8684228 0.2326643 0.2847834 0.9299277 0.232665 0.2847983 0.9299285 0.2326433 0.1235358 0.9646843 0.2326439 0.1235334 0.9646838 0.2326474 -0.04128617 0.9716846 0.2326464 -0.04127359 0.9716899 0.2326266 -0.2048885 0.9507393 0.2326275 -0.2049043 0.9507293 0.2326546 -0.3626236 0.9024275 0.2326557 -0.3626255 0.9024258 0.2326593 -0.5099271 0.8281573 0.2326585 -0.5099188 0.8281678 0.2326392 -0.6425456 0.7300776 0.2326411 -0.6425497 0.7300701 0.2326534 -0.7566891 0.6109788 0.2326512 -0.7566877 0.6109827 0.2326452 -0.8490592 0.4743143 0.2326463 -0.8490595 0.4743126 0.2326487 -0.9170042 0.3240016 0.2326505 -0.9170042 0.3240048 0.2326459 -0.9585722 0.1643592 0.2326486 -0.9585728 0.1643623 0.2326441 -0.9725617 0 0.2326455 -0.9725616 0 0.2326455 -0.9585723 -0.1643592 0.232648 -0.9585708 -0.1643619 0.2326526 -0.9170035 -0.3240014 0.2326536 -0.9170048 -0.3239997 0.2326505 -0.8490588 -0.474314 0.2326487 -0.84906 -0.4743129 0.2326462 -0.7566902 -0.6109797 0.2326453 -0.7566866 -0.6109818 0.2326513 -0.6425437 -0.7300754 0.2326533 -0.6425405 -0.7300767 0.2326584 -0.5099164 -0.8281638 0.2326588 -0.5099298 -0.8281611 0.2326388 -0.3626253 -0.9024315 0.2326379 -0.3626277 -0.9024314 0.2326343 -0.2049022 -0.9507351 0.2326321 -0.2048901 -0.9507334 0.23265 -0.04128611 -0.9716839 0.2326499 -0.04127317 -0.9716797 0.2326696 0.123535 -0.9646781 0.2326701 0.1235187 -0.9646866 0.2326434 0.2847984 -0.9299284 0.2326434 0.2847983 -0.9299285 0.2326433 0.4378444 -0.8684291 0.2326438 0.4378476 -0.8684257 0.2326507 0.5783181 -0.7819344 0.2326514 0.5783204 -0.7819309 0.2326574 0.7021447 -0.6729518 0.232656 0.7021442 -0.6729529 0.2326542 0.8057743 -0.5446103 0.2326531 0.8057729 -0.5446161 0.2326445 0.886226 -0.4005991 0.2326452 0.8862264 -0.4005927 0.2326545 0.9411774 -0.2450646 0.232655 0.9411776 -0.2450663 0.2326526 0.9690565 -0.08247613 0.2326521 0.9690572 -0.08247822 0.232649 0.9690572 0.08247745 0.232649 0.9933481 0.08454489 0.07817685 0.9647712 0.2512079 0.07817512 0.964771 0.251208 0.07817518 0.9084403 0.4106397 0.07817453 0.9084398 0.4106404 0.0781759 0.8259755 0.5582588 0.07817608 0.8259727 0.5582621 0.07818311 0.7197445 0.6898224 0.07818472 0.719746 0.6898213 0.07818168 0.5928184 0.8015322 0.07818251 0.5928143 0.8015345 0.07819014 0.4488151 0.8901972 0.07819223 0.4488315 0.8901913 0.07816427 0.2919328 0.9532397 0.07816278 0.2919231 0.9532413 0.07817852 0.1266239 0.9888653 0.07817828 0.1266323 0.9888653 0.07816469 -0.04230272 0.9960424 0.07816565 -0.04232096 0.9960393 0.07819521 -0.2100329 0.9745622 0.07819503 -0.2100232 0.9745658 0.07817846 -0.3717252 0.9250452 0.07817816 -0.3717145 0.9250512 0.07815873 -0.522701 0.8489256 0.07816034 -0.5227102 0.8489181 0.07817947 -0.6586511 0.7483761 0.07817858 -0.6586507 0.7483766 0.07817757 -0.7756527 0.6262996 0.0781787 -0.7756562 0.6262937 0.07818973 -0.8703412 0.4862027 0.07818734 -0.870341 0.486203 0.07818675 -0.939992 0.3321176 0.0781846 -0.9399908 0.3321234 0.07817506 -0.9825994 0.1684839 0.07817596 -0.9825996 0.168479 0.07818388 -0.996939 0 0.07818269 -0.996939 0 0.07818269 -0.9825996 -0.1684814 0.07817977 -0.9826003 -0.1684791 0.07817596 -0.9399911 -0.3321225 0.07817506 -0.9399906 -0.3321233 0.07817655 -0.870342 -0.4862031 0.078175 -0.8703418 -0.4862034 0.07817554 -0.7756588 -0.6262925 0.07817453 -0.775657 -0.6262942 0.07817864 -0.6586512 -0.7483762 0.07817757 -0.6586506 -0.7483766 0.07817858 -0.5227002 -0.8489243 0.07817935 -0.5226992 -0.8489247 0.0781809 -0.3717122 -0.9250501 0.07818114 -0.3717139 -0.9250497 0.07817822 -0.2100332 -0.9745635 0.07817852 -0.2100377 -0.9745632 0.07817137 -0.04231762 -0.9960414 0.07817107 -0.04232108 -0.9960417 0.07816553 0.126624 -0.9888664 0.07816475 0.1266322 -0.9888642 0.07817834 0.2919324 -0.9532386 0.07817846 0.2919367 -0.9532366 0.07818597 0.4488272 -0.8901916 0.07818591 0.4488193 -0.890197 0.07817071 0.5928094 -0.8015401 0.07817071 0.5928147 -0.801535 0.07818251 0.7197518 -0.6898151 0.07818162 0.7197468 -0.689822 0.07816803 0.8259713 -0.5582661 0.07816958 0.825973 -0.5582624 0.07817608 0.9084402 -0.4106397 0.0781759 0.9084399 -0.4106404 0.07817453 0.9647711 -0.2512079 0.07817518 0.964771 -0.2512079 0.07817512 0.9933484 -0.08454161 0.07817685 0.9933485 -0.08454364 0.07817363 0.9933486 0.08454293 0.07817363 -0.9990991 -0.04243928 0 -0.9856163 -0.1689987 0 -0.9856163 -0.1689987 0 -0.9428766 -0.3331421 0 -0.9428766 -0.3331421 0 -0.8730137 -0.4876956 0 -0.8730137 -0.4876956 0 -0.7780398 -0.628215 0 -0.7780398 -0.628215 0 -0.6606732 -0.7506737 0 -0.6606732 -0.7506737 0 -0.5243049 -0.8515307 0 -0.5243049 -0.8515307 0 -0.3728534 -0.9278903 0 -0.3728534 -0.9278903 0 -0.2106781 -0.9775555 0 -0.2106781 -0.9775555 0 -0.0424475 -0.9990987 0 -0.0424475 -0.9990987 0 0.1270126 -0.9919011 0 0.1270126 -0.9919011 0 0.2928286 -0.956165 0 0.2928286 -0.956165 0 0.4502053 -0.892925 0 0.4502053 -0.892925 0 0.5946289 -0.8040003 0 0.5946289 -0.8040003 0 0.7219617 -0.6919331 0 0.7219617 -0.6919331 0 0.8285064 -0.5599796 0 0.8285064 -0.5599796 0 0.9112289 -0.4119002 0 0.9112289 -0.4119002 0 0.9677327 -0.2519791 0 0.9677327 -0.2519791 0 0.9963979 -0.08480113 0 0.9963979 -0.08480113 0 0.9963978 0.08480244 0 0.9963978 0.08480244 0 0.9677327 0.2519791 0 0.9677327 0.2519791 0 0.9112289 0.4119002 0 0.9112289 0.4119002 0 0.8285111 0.5599726 0 0.8285111 0.5599726 0 0.7219545 0.6919406 0 0.7219545 0.6919406 0 0.5946387 0.8039931 0 0.5946387 0.8039931 0 0.4501934 0.8929311 0 0.4501934 0.8929311 0 0.2928286 0.956165 0 0.2928286 0.956165 0 0.1270126 0.9919011 0 0.1270126 0.9919011 0 -0.04243254 0.9990993 0 -0.04243254 0.9990993 0 -0.2106781 0.9775555 0 -0.2106781 0.9775555 0 -0.3728663 0.9278851 0 -0.3728663 0.9278851 0 -0.5243049 0.8515307 0 -0.5243049 0.8515307 0 -0.6606732 0.7506737 0 -0.6606732 0.7506737 0 -0.7780339 0.6282223 0 -0.7780339 0.6282223 0 -0.8730137 0.4876956 0 -0.8730137 0.4876956 0 -0.9428784 0.3331373 0 -0.9428784 0.3331373 0 -0.9856159 0.1690011 0 -0.9856159 0.1690011 0 -0.9990991 0.04243928 0 -0.9999991 0 0.00135082 0 0 1 0 0 1 0 0 1 0 0 1 0 0 1 0 0 1 0 0 1 0 0 1 0 0 1 0 0 1 0 0 1 0 0 1 0 0 1 0 0 1 0 0 1 0 0 1 0 0 1 0 0 1 0 0 1 0 0 1 0 0 1 0 0 1 0 0 1 0 0 1 0 0 1 0 0 1 0 0 1 0 0 1 0 0 1 0 0 1 0 0 1 0 0 1 0 0 1 0 0 1 0 0 1 0 0 1 0 0 1 0 0 1 0 0 1 0 0 1 0 0 1 0 0 1 0 0 1 0 0 1 0 0 1 0 0 1 0 0 1 0 0 1 0 0 1 0 0 1 0 0 1 0 0 1 0 0 1 0 0 1 0 0 1 0 0 1 0 0 1 0 0 1 0 0 1 0 0 1 0 0 1 0 0 1 0 0 1 0 0 1 0 0 1 0 0 1 0 0 1 0 0 1 0 0 1 0 0 1 0 0 1 0 0 1 0 0 1 0 0 1 0 0 1 0 0 1 0 0 1 0 0 1 0 0 1 0 0 1 0 0 1 0 0 1 0 0 1 0 0 1 0 0 1 0 0 1 0 0 1 0 0 1 0 0 1 0 0 1 0 0 1 0 0 1 0 0 1 0 0 1 0 0 1 0 0 1 0 0 1 0 0 1 0 0 1 0 0 1 0 0 1 0 0 1 0 0 1 0 0 1 0 0 1 0 0 1 0 0 1 0 0 1 0 0 1 0 0 1 0 0 1 0 0 1 0 0 1 0.07845932 0.006676673 0.996895 0.07620221 0.01984101 0.996895 0.07620126 0.0198419 0.996895 0.07175183 0.03243464 0.996895 0.07175314 0.03243374 0.996895 0.06523966 0.04409378 0.9968949 0.06523942 0.0440939 0.996895 0.05684947 0.05448478 0.996895 0.05684769 0.05448526 0.996895 0.04682147 0.06330949 0.996895 0.04682153 0.06330949 0.996895 0.03545027 0.070311 0.996895 0.03545224 0.07031124 0.996895 0.02305883 0.07529127 0.996895 0.02305799 0.07529103 0.996895 0.010001 0.07810503 0.996895 0.009998738 0.07810395 0.9968951 -0.003342628 0.07867068 0.996895 -0.003340125 0.0786724 0.996895 -0.01658922 0.0769757 0.9968949 -0.01659029 0.07697463 0.996895 -0.02935844 0.07306432 0.996895 -0.02935874 0.07306396 0.9968951 -0.04128515 0.06705093 0.996895 -0.04128509 0.06705111 0.996895 -0.05202323 0.05910921 0.996895 -0.05202335 0.05910891 0.996895 -0.06126463 0.04946708 0.9968951 -0.06126433 0.04946911 0.9968949 -0.0687431 0.03840357 0.996895 -0.06874305 0.03840208 0.996895 -0.07424479 0.02623116 0.996895 -0.07424509 0.02623248 0.996895 -0.07761049 0.01330739 0.996895 -0.07761031 0.01330691 0.996895 -0.07874298 0 0.9968949 -0.07874298 0 0.996895 -0.07761031 -0.01330733 0.996895 -0.07761013 -0.01330751 0.996895 -0.07424455 -0.02623206 0.996895 -0.07424545 -0.02623134 0.996895 -0.06874388 -0.03840249 0.9968949 -0.06874203 -0.03840351 0.996895 -0.06126344 -0.04946833 0.996895 -0.06126588 -0.0494675 0.9968949 -0.05202406 -0.05911022 0.996895 -0.05202442 -0.05911016 0.996895 -0.04128605 -0.06705236 0.996895 -0.04128587 -0.06705236 0.9968949 -0.0293613 -0.07306468 0.996895 -0.02935886 -0.0730642 0.996895 -0.01658904 -0.07697504 0.996895 -0.01659047 -0.07697552 0.9968949 -0.003342688 -0.07867211 0.996895 -0.003340065 -0.07867056 0.9968951 0.01000356 -0.07810372 0.996895 0.01000237 -0.07810473 0.996895 0.02305614 -0.07529145 0.996895 0.02305763 -0.07528978 0.9968951 0.03544992 -0.07031035 0.9968951 0.03544902 -0.07031178 0.996895 0.04682332 -0.06330835 0.996895 0.04682368 -0.06330758 0.996895 0.05684745 -0.05448544 0.9968951 0.05684751 -0.05448508 0.996895 0.06523871 -0.04409313 0.9968951 0.06523865 -0.04409337 0.9968951 0.0717523 -0.03243368 0.996895 0.07175248 -0.03243505 0.996895 0.07620185 -0.01984161 0.996895 0.07620173 -0.01984113 0.996895 0.07845908 -0.00667715 0.996895 0.07845878 -0.006676614 0.996895 0.07845878 0.006677389 0.996895 0.2333936 0.01986342 0.9721795 0.2266789 0.05902206 0.9721795 0.2266799 0.05902129 0.9721794 0.2134441 0.09648221 0.9721794 0.2134411 0.09648382 0.9721799 0.1940647 0.1311672 0.9721801 0.1940686 0.131166 0.9721795 0.169111 0.162075 0.9721796 0.1691094 0.1620752 0.9721798 0.1392822 0.1883262 0.9721799 0.1392794 0.1883262 0.9721803 0.1054555 0.2091528 0.9721801 0.1054529 0.2091524 0.9721805 0.06858247 0.2239676 0.9721805 0.06859403 0.2239719 0.9721788 0.02975898 0.2323419 0.9721788 0.02974975 0.2323365 0.9721804 -0.009943425 0.2340224 0.9721804 -0.009943366 0.2340225 0.9721803 -0.04934555 0.228977 0.9721803 -0.04934698 0.2289752 0.9721807 -0.08734095 0.2173399 0.9721805 -0.08733493 0.2173502 0.9721788 -0.1228089 0.1994643 0.972179 -0.1228114 0.1994573 0.9721801 -0.1547562 0.1758312 0.97218 -0.1547556 0.1758345 0.9721794 -0.1822432 0.1471536 0.9721797 -0.1822433 0.1471493 0.9721803 -0.2044913 0.1142336 0.97218 -0.2044924 0.1142405 0.9721791 -0.2208578 0.07803541 0.9721792 -0.220856 0.07802993 0.97218 -0.2308665 0.03958475 0.9721799 -0.2308668 0.03958529 0.9721797 -0.2342359 0 0.9721798 -0.2342359 0 0.9721798 -0.2308669 -0.03958475 0.9721798 -0.2308664 -0.03958523 0.9721799 -0.2208548 -0.07803434 0.9721799 -0.2208569 -0.07803303 0.9721795 -0.204491 -0.114237 0.9721797 -0.2044928 -0.1142362 0.9721794 -0.1822464 -0.1471509 0.9721794 -0.1822394 -0.1471526 0.9721805 -0.1547513 -0.175833 0.9721804 -0.1547541 -0.1758328 0.97218 -0.1228112 -0.1994575 0.97218 -0.1228116 -0.1994576 0.97218 -0.08733606 -0.2173439 0.97218 -0.08734095 -0.2173452 0.9721792 -0.04934644 -0.228981 0.9721793 -0.04934841 -0.228982 0.9721789 -0.009943664 -0.2340281 0.9721789 -0.009943604 -0.234028 0.9721791 0.02975249 -0.2323418 0.972179 0.02975779 -0.2323365 0.9721801 0.06858903 -0.2239676 0.9721801 0.06858599 -0.2239719 0.9721793 0.1054517 -0.2091582 0.9721794 0.1054537 -0.2091539 0.9721801 0.1392858 -0.1883223 0.9721801 0.1392854 -0.1883234 0.9721799 0.169107 -0.1620774 0.9721799 0.1691067 -0.1620803 0.9721795 0.1940689 -0.1311656 0.9721794 0.1940689 -0.1311662 0.9721793 0.2134445 -0.09648239 0.9721793 0.2134443 -0.09648174 0.9721794 0.226679 -0.05902379 0.9721794 0.2266787 -0.05902314 0.9721795 0.2333935 -0.01986402 0.9721795 0.2333926 -0.01986265 0.9721797 0.2333926 0.01986449 0.9721797 0.3824838 0.03255391 0.9233886 0.3714802 0.09672528 0.9233887 0.3714804 0.0967251 0.9233886 0.3497904 0.1581169 0.9233881 0.3497934 0.1581156 0.9233872 0.3180402 0.2149574 0.9233871 0.3180359 0.2149586 0.9233883 0.2771343 0.2656139 0.9233883 0.2771438 0.2656131 0.9233857 0.228267 0.3086305 0.9233858 0.228256 0.3086296 0.9233888 0.1728165 0.3427642 0.923389 0.1728236 0.342766 0.9233869 0.1124082 0.367044 0.9233867 0.1123926 0.3670369 0.9233915 0.04875063 0.3807521 0.9233912 0.04876947 0.3807649 0.9233849 -0.01629012 0.3835288 0.9233853 -0.01629561 0.3835235 0.9233874 -0.08087003 0.3752547 0.9233872 -0.08086925 0.3752557 0.9233868 -0.1431323 0.3561884 0.9233866 -0.1431362 0.3561809 0.923389 -0.2012595 0.3268759 0.9233888 -0.2012581 0.3268805 0.9233875 -0.2536144 0.2881578 0.9233877 -0.253615 0.2881528 0.9233891 -0.2986608 0.241154 0.9233886 -0.2986609 0.2411559 0.923388 -0.3351224 0.1872082 0.9233883 -0.3351221 0.1872069 0.9233888 -0.36194 0.127879 0.9233886 -0.3619423 0.1278846 0.9233869 -0.3783488 0.06487411 0.923387 -0.3783475 0.06487208 0.9233877 -0.3838689 0 0.9233875 -0.383869 0 0.9233876 -0.3783473 -0.06487387 0.9233876 -0.3783493 -0.06487238 0.9233869 -0.3619435 -0.1278802 0.923387 -0.3619382 -0.1278831 0.9233887 -0.3351199 -0.1872119 0.9233885 -0.3351202 -0.1872118 0.9233884 -0.2986617 -0.2411547 0.9233881 -0.2986686 -0.2411535 0.9233862 -0.2536166 -0.2881604 0.9233862 -0.253611 -0.2881604 0.9233877 -0.2012673 -0.3268738 0.9233878 -0.2012645 -0.3268734 0.9233886 -0.1431229 -0.3561874 0.9233886 -0.1431289 -0.3561896 0.9233868 -0.08087867 -0.375253 0.9233872 -0.08086729 -0.3752465 0.9233908 -0.01628953 -0.3835156 0.9233908 -0.01629549 -0.3835204 0.9233887 0.04876029 -0.3807568 0.9233887 0.04875808 -0.3807593 0.9233878 0.1124076 -0.367042 0.9233877 0.1124058 -0.3670449 0.9233866 0.1728185 -0.3427682 0.9233872 0.1728165 -0.3427731 0.9233856 0.2282609 -0.3086347 0.9233859 0.2282631 -0.3086248 0.9233887 0.2771388 -0.2656095 0.9233881 0.2771385 -0.2656182 0.9233857 0.3180419 -0.2149586 0.9233862 0.3180415 -0.2149552 0.9233872 0.3497905 -0.1581211 0.9233874 0.349788 -0.1581132 0.9233897 0.3714782 -0.09672474 0.9233896 0.3714797 -0.09672772 0.9233887 0.3824842 -0.03255164 0.9233884 0.3824853 -0.03255319 0.923388 0.3824853 0.03255248 0.923388 0.5219823 0.04442477 0.8517987 0.5069669 0.1320003 0.8517984 0.5069637 0.1320022 0.8518 0.4773609 0.2157829 0.8518006 0.4773606 0.215783 0.8518007 0.4340283 0.2933526 0.8518003 0.4340293 0.2933524 0.8517999 0.3782101 0.362483 0.8518 0.3782052 0.3624832 0.8518021 0.3115074 0.4211848 0.8518019 0.3115141 0.4211856 0.851799 0.2358419 0.4677792 0.8517987 0.2358481 0.4677811 0.8517961 0.1534066 0.5009084 0.8517965 0.1534042 0.5009072 0.8517976 0.06653702 0.519629 0.8517972 0.06653165 0.5196251 0.8518 -0.02223688 0.5233956 0.8517997 -0.02223116 0.5234014 0.8517961 -0.1103615 0.512116 0.8517966 -0.1103639 0.5121127 0.8517984 -0.1953331 0.4860907 0.8517985 -0.195333 0.486091 0.8517985 -0.2746641 0.4460934 0.8517983 -0.2746635 0.4460952 0.8517975 -0.3461138 0.3932515 0.8517972 -0.3461134 0.3932557 0.8517954 -0.4075903 0.3291105 0.851796 -0.4075902 0.3291091 0.8517966 -0.4573466 0.255492 0.8517969 -0.4573449 0.255485 0.8517999 -0.4939433 0.1745206 0.8517996 -0.4939419 0.1745173 0.851801 -0.5163302 0.08853536 0.8518008 -0.5163286 0.08853304 0.851802 -0.5238649 0 0.8518014 -0.5238649 0 0.8518014 -0.5163303 -0.08853536 0.8518008 -0.5163325 -0.08853369 0.8517996 -0.4939456 -0.1745175 0.8517989 -0.4939443 -0.1745182 0.8517995 -0.4573426 -0.2554897 0.8517997 -0.4573416 -0.2554901 0.8518002 -0.4075843 -0.3291057 0.8518007 -0.4075856 -0.3291054 0.8518002 -0.3461044 -0.3932532 0.8518003 -0.3461114 -0.3932534 0.8517973 -0.2746722 -0.4460891 0.8517979 -0.2746722 -0.4460891 0.8517979 -0.1953241 -0.4860952 0.8517981 -0.195322 -0.4860944 0.851799 -0.1103712 -0.5121106 0.8517987 -0.1103765 -0.5121138 0.8517961 -0.02223712 -0.5234009 0.8517963 -0.02223086 -0.5233955 0.8517999 0.06654721 -0.5196241 0.8517994 0.06654435 -0.5196277 0.8517975 0.153396 -0.5009092 0.8517979 0.1534017 -0.5008991 0.8518028 0.2358483 -0.4677704 0.8518019 0.235846 -0.4677769 0.851799 0.3115099 -0.4211883 0.8517993 0.3115087 -0.4211951 0.8517964 0.3782132 -0.362486 0.8517973 0.3782134 -0.3624792 0.8518002 0.4340252 -0.2933577 0.8518001 0.4340236 -0.2933485 0.851804 0.4773588 -0.215777 0.8518033 0.4773631 -0.2157897 0.8517976 0.5069664 -0.132003 0.8517984 0.5069664 -0.1320029 0.8517983 0.5219823 -0.04442459 0.8517987 0.5219815 -0.04442369 0.8517992 0.5219815 0.04442542 0.8517991 0.6484555 0.05518954 0.7592493 0.6297985 0.1639884 0.7592507 0.6298055 0.1639841 0.7592459 0.5930309 0.2680686 0.7592453 0.5930299 0.2680691 0.7592461 0.5391963 0.3644338 0.7592465 0.5391963 0.3644338 0.7592467 0.4698514 0.4503167 0.7592461 0.4698545 0.4503164 0.7592442 0.3869935 0.5232446 0.7592438 0.3869902 0.5232442 0.7592458 0.2929943 0.5811201 0.7592455 0.2929839 0.5811171 0.7592519 0.1905654 0.6222721 0.7592511 0.1905767 0.6222778 0.7592436 0.0826615 0.6455347 0.7592443 0.08265864 0.6455326 0.7592465 -0.02762234 0.650217 0.7592462 -0.02762484 0.6502144 0.7592483 -0.1371055 0.6361939 0.7592492 -0.1371017 0.6361995 0.7592453 -0.2426596 0.6038723 0.7592459 -0.2426615 0.6038684 0.7592486 -0.341218 0.5541761 0.7592491 -0.341216 0.5541834 0.7592446 -0.4299681 0.4885417 0.7592459 -0.4299694 0.4885277 0.7592542 -0.5063402 0.4088444 0.7592535 -0.5063404 0.4088466 0.7592522 -0.5681565 0.3173872 0.7592519 -0.5681588 0.3173959 0.7592466 -0.6136285 0.2168058 0.7592466 -0.6136295 0.2168082 0.759245 -0.6414422 0.109987 0.7592462 -0.6414433 0.1099886 0.759245 -0.6508035 0 0.7592463 -0.6508034 0 0.7592463 -0.6414414 -0.1099868 0.7592468 -0.6414399 -0.109988 0.7592481 -0.6136263 -0.2168051 0.7592486 -0.6136294 -0.2168034 0.7592465 -0.5681591 -0.3173955 0.7592467 -0.5681582 -0.3173957 0.7592471 -0.5063472 -0.4088501 0.7592458 -0.506345 -0.4088504 0.7592471 -0.4299746 -0.4885352 0.7592465 -0.4299623 -0.4885348 0.7592537 -0.3412152 -0.5541715 0.7592537 -0.3412232 -0.5541732 0.7592488 -0.2426586 -0.6038697 0.7592484 -0.2426467 -0.603865 0.759256 -0.1371039 -0.6361867 0.7592556 -0.1371136 -0.6361926 0.7592488 -0.02762222 -0.6502147 0.7592483 -0.02762496 -0.650217 0.7592461 0.08266121 -0.6455324 0.7592464 0.08267056 -0.645521 0.759255 0.1905645 -0.622269 0.7592539 0.190562 -0.6222734 0.7592509 0.2929912 -0.5811139 0.7592515 0.2929931 -0.5811086 0.7592548 0.3869865 -0.5232351 0.7592539 0.3869859 -0.5232383 0.759252 0.4698469 -0.4503123 0.7592515 0.4698469 -0.4503092 0.7592533 0.5391948 -0.3644245 0.7592521 0.5391979 -0.3644441 0.7592405 0.5930325 -0.2680748 0.759242 0.5930281 -0.2680622 0.7592498 0.6298017 -0.1639861 0.7592486 0.629802 -0.1639866 0.7592481 0.6484565 -0.05518996 0.7592484 0.6484552 -0.05518835 0.7592496 0.6484552 0.05518984 0.7592496 0.7588179 0.06458282 0.6480929 0.7369866 0.1919012 0.6480931 0.7369897 0.1918991 0.6480902 0.6939595 0.3136858 0.6480907 0.6939532 0.3136886 0.648096 0.6309571 0.4264563 0.6480958 0.6309603 0.4264555 0.6480932 0.5498164 0.526951 0.6480931 0.5498105 0.5269515 0.6480976 0.4528464 0.6122894 0.6480987 0.4528517 0.6122899 0.6480946 0.3428573 0.6800161 0.648095 0.3428565 0.6800159 0.6480956 0.2230008 0.7281777 0.6480957 0.2229977 0.7281762 0.6480983 0.09672176 0.7553902 0.6480976 0.09672927 0.7553953 0.6480905 -0.0323193 0.7608776 0.6480901 -0.03232324 0.7608737 0.6480943 -0.1604447 0.7444677 0.6480935 -0.1604406 0.7444733 0.6480882 -0.2839524 0.7066492 0.6480879 -0.2839564 0.7066415 0.6480945 -0.3992927 0.6484908 0.6480935 -0.3992916 0.6484941 0.6480907 -0.5031465 0.5716842 0.6480902 -0.5031459 0.5716884 0.648087 -0.5925222 0.4784352 0.6480874 -0.592522 0.478432 0.64809 -0.6648581 0.3714082 0.6480892 -0.6648579 0.3714072 0.6480901 -0.7180598 0.2537115 0.64809 -0.7180559 0.2537019 0.648098 -0.7506039 0.1287011 0.6480972 -0.7506064 0.1287052 0.6480934 -0.7615616 0 0.6480925 -0.7615616 0 0.6480925 -0.7506092 -0.1286997 0.6480913 -0.7506032 -0.1287046 0.6480972 -0.7180536 -0.2537093 0.6480977 -0.7180626 -0.2537043 0.6480896 -0.6648546 -0.3714136 0.6480897 -0.664855 -0.3714135 0.6480894 -0.5925255 -0.4784273 0.6480901 -0.5925179 -0.4784286 0.6480962 -0.5031423 -0.5716794 0.6480976 -0.5031523 -0.5716794 0.6480898 -0.3992938 -0.6484927 0.6480908 -0.3992903 -0.648492 0.6480935 -0.2839504 -0.7066441 0.6480943 -0.2839586 -0.706647 0.6480876 -0.1604456 -0.7444721 0.6480884 -0.1604397 -0.7444687 0.6480937 -0.03231912 -0.7608741 0.6480942 -0.03232336 -0.7608776 0.64809 0.09673541 -0.7553948 0.6480903 0.09672999 -0.7554009 0.6480839 0.2230035 -0.7281865 0.6480847 0.2230017 -0.7281895 0.648082 0.3428618 -0.6800252 0.648083 0.3428615 -0.6800259 0.6480824 0.4528542 -0.6122998 0.6480834 0.4528553 -0.6122947 0.6480875 0.5498132 -0.5269605 0.648088 0.5498135 -0.5269543 0.6480929 0.6309632 -0.4264516 0.648093 0.6309626 -0.4264475 0.6480962 0.6939531 -0.3136888 0.648096 0.6939554 -0.313696 0.6480901 0.7369899 -0.1918987 0.6480901 0.736988 -0.191895 0.6480934 0.7588183 -0.0645793 0.6480928 0.7588211 -0.06458306 0.6480892 0.7588213 0.06457954 0.6480893 0.8504092 0.0723741 0.5211201 0.825945 0.2150559 0.5211197 0.8259366 0.2150626 0.5211304 0.7777127 0.3515494 0.5211294 0.7777181 0.3515466 0.5211235 0.7071165 0.4779291 0.5211238 0.7071141 0.4779299 0.5211263 0.6161785 0.5905527 0.5211253 0.616178 0.5905528 0.5211259 0.5075095 0.6861942 0.5211254 0.5075061 0.6861941 0.5211288 0.3842351 0.7620947 0.5211286 0.3842411 0.7620959 0.5211226 0.2499125 0.8160726 0.5211231 0.2499189 0.816075 0.5211162 0.1084107 0.8465724 0.5211163 0.1083958 0.8465639 0.5211333 -0.03622394 0.8527061 0.5211335 -0.03621995 0.8527094 0.5211282 -0.1798085 0.8343226 0.5211284 -0.1798096 0.8343213 0.5211302 -0.3182196 0.7919334 0.5211313 -0.3182211 0.7919307 0.5211343 -0.4474917 0.7267532 0.5211342 -0.4474875 0.726764 0.5211227 -0.5638709 0.6406871 0.5211235 -0.563872 0.6406816 0.521129 -0.6640343 0.5361746 0.5211287 -0.6640342 0.5361779 0.5211254 -0.7450981 0.4162387 0.5211277 -0.7450973 0.4162321 0.5211343 -0.8047218 0.2843263 0.5211347 -0.8047237 0.2843324 0.5211284 -0.8412029 0.1442346 0.5211278 -0.8412033 0.1442356 0.5211266 -0.8534799 0 0.5211256 -0.85348 0 0.5211256 -0.8412039 -0.1442324 0.5211268 -0.8412032 -0.1442331 0.5211277 -0.8047254 -0.2843275 0.5211286 -0.8047201 -0.2843311 0.521135 -0.7450948 -0.4162368 0.5211341 -0.7450927 -0.4162377 0.5211364 -0.6640306 -0.5361716 0.5211367 -0.6640386 -0.5361696 0.5211285 -0.5638688 -0.6406847 0.5211289 -0.5638743 -0.6406843 0.5211233 -0.4474855 -0.7267654 0.5211226 -0.4474886 -0.7267657 0.5211195 -0.3182344 -0.791936 0.5211182 -0.3182218 -0.7919325 0.5211312 -0.1798083 -0.8343216 0.52113 -0.1798098 -0.8343223 0.5211284 -0.03622412 -0.8527091 0.5211284 -0.03621983 -0.8527062 0.5211337 0.1084094 -0.8465625 0.5211328 0.1084102 -0.8465617 0.5211339 0.2499233 -0.8160631 0.5211329 0.2499177 -0.8160709 0.5211233 0.3842366 -0.7620979 0.5211228 0.3842393 -0.7620925 0.5211288 0.5075083 -0.6861926 0.5211287 0.5075074 -0.6861959 0.5211253 0.6161715 -0.5905593 0.5211262 0.6161714 -0.5905605 0.5211249 0.7071197 -0.477922 0.521126 0.7071199 -0.477924 0.521124 0.7777135 -0.351556 0.5211239 0.7777123 -0.3515505 0.5211293 0.8259399 -0.2150509 0.5211299 0.8259439 -0.2150607 0.5211195 0.8504086 -0.07237958 0.5211204 0.8504049 -0.07237374 0.5211271 0.8504046 0.07237923 0.5211269 0.9210355 0.07839071 0.3815084 0.8945397 0.232919 0.3815071 0.8945418 0.2329168 0.3815033 0.8423113 0.3807457 0.3815029 0.8423076 0.3807482 0.3815082 0.7658467 0.5176206 0.3815073 0.7658438 0.517622 0.3815112 0.6673487 0.639604 0.3815134 0.6673561 0.6396019 0.381504 0.5496562 0.7431906 0.3815048 0.5496636 0.7431898 0.3814957 0.4161513 0.8253968 0.3814947 0.4161509 0.8253968 0.3814952 0.2706854 0.8838503 0.3814942 0.2706673 0.8838461 0.3815171 0.117412 0.9168745 0.3815172 0.1174136 0.9168753 0.3815152 -0.03922778 0.9235303 0.3815141 -0.03923255 0.9235273 0.3815209 -0.1947486 0.9036123 0.3815205 -0.1947426 0.9036179 0.3815104 -0.3446561 0.8577076 0.38151 -0.3446516 0.8577134 0.381501 -0.48465 0.7871282 0.3815017 -0.484658 0.7871133 0.3815224 -0.6107087 0.6938849 0.3815215 -0.6107037 0.6938999 0.3815021 -0.7191891 0.5807083 0.3815035 -0.7191889 0.5807092 0.3815023 -0.8069865 0.4508092 0.381502 -0.8069866 0.4508119 0.3814988 -0.8715662 0.3079466 0.3814986 -0.8715657 0.3079438 0.3815022 -0.9110727 0.1562176 0.3815004 -0.9110715 0.1562144 0.3815046 -0.924367 0 0.3815045 -0.924367 0 0.3815045 -0.911071 -0.1562173 0.3815045 -0.9110751 -0.1562125 0.3814967 -0.871569 -0.3079425 0.3814953 -0.8715672 -0.3079442 0.3814985 -0.8069877 -0.4508099 0.3814989 -0.8069853 -0.4508112 0.381502 -0.7191895 -0.5807086 0.3815023 -0.7191886 -0.5807089 0.3815035 -0.6107059 -0.693898 0.3815022 -0.6107025 -0.6938987 0.3815063 -0.4846597 -0.7871208 0.3815045 -0.4846478 -0.7871211 0.3815193 -0.3446546 -0.8577036 0.3815205 -0.3446632 -0.8577049 0.3815098 -0.1947359 -0.9036193 0.3815101 -0.1947435 -0.9036219 0.3815004 -0.03922808 -0.9235361 0.3815001 -0.03923302 -0.9235387 0.3814932 0.1173991 -0.9168854 0.3814951 0.1174135 -0.9168744 0.3815172 0.2706828 -0.8838416 0.3815166 0.2706813 -0.8838431 0.3815141 0.4161477 -0.8253898 0.3815137 0.4161475 -0.8253901 0.3815132 0.5496636 -0.7431813 0.3815123 0.5496613 -0.7431868 0.381505 0.6673514 -0.6396066 0.3815042 0.6673505 -0.6396108 0.3814989 0.7658448 -0.517629 0.3814997 0.7658458 -0.5176132 0.3815191 0.8423061 -0.3807434 0.3815166 0.8423073 -0.3807548 0.3815026 0.8945411 -0.2329193 0.3815034 0.8945391 -0.2329122 0.3815125 0.9210346 -0.07839095 0.3815101 0.9210345 -0.07839065 0.3815105 0.9210344 0.07839214 0.3815104 0.9690577 0.08247953 0.2326465 0.9411793 0.245065 0.232647 0.9411805 0.2450633 0.2326439 0.8862263 0.4005993 0.2326439 0.8862282 0.4005972 0.2326399 0.8057802 0.5446071 0.23264 0.8057776 0.5446091 0.2326449 0.702147 0.672954 0.2326424 0.7021459 0.6729545 0.2326442 0.5783159 0.7819387 0.2326422 0.5783143 0.7819393 0.2326447 0.4378574 0.8684221 0.2326457 0.4378446 0.8684235 0.2326643 0.2847824 0.9299279 0.232665 0.2847973 0.9299288 0.2326434 0.1235362 0.9646842 0.2326438 0.1235344 0.9646838 0.2326467 -0.04128599 0.9716847 0.2326467 -0.04127341 0.9716899 0.2326269 -0.2048891 0.9507388 0.2326287 -0.2049036 0.9507297 0.2326534 -0.3626239 0.902428 0.2326535 -0.3626257 0.9024263 0.2326571 -0.5099275 0.8281579 0.2326555 -0.5099192 0.8281683 0.2326362 -0.6425443 0.7300798 0.2326373 -0.6425522 0.7300654 0.2326611 -0.7566892 0.6109753 0.2326601 -0.7566859 0.610985 0.2326452 -0.8490592 0.4743143 0.2326463 -0.8490595 0.4743126 0.2326487 -0.9170054 0.3239984 0.2326504 -0.9170054 0.3240014 0.232646 -0.958571 0.1643663 0.2326487 -0.9585701 0.1643618 0.2326554 -0.9725589 0 0.232657 -0.9725589 0 0.232657 -0.9585685 -0.1643659 0.2326592 -0.9585708 -0.1643619 0.2326526 -0.9170047 -0.3239981 0.2326536 -0.9170061 -0.3239964 0.2326504 -0.8490588 -0.474314 0.2326487 -0.84906 -0.4743129 0.2326462 -0.756692 -0.6109775 0.2326454 -0.7566831 -0.6109828 0.2326603 -0.6425406 -0.7300756 0.2326609 -0.6425448 -0.7300741 0.2326545 -0.5099167 -0.8281643 0.2326558 -0.5099302 -0.8281617 0.2326359 -0.3626254 -0.9024319 0.2326357 -0.3626279 -0.9024319 0.2326321 -0.2049031 -0.9507353 0.2326309 -0.2048892 -0.9507333 0.2326512 -0.04128599 -0.9716838 0.2326501 -0.04127299 -0.9716796 0.2326698 0.1235355 -0.9646781 0.2326694 0.1235196 -0.9646865 0.2326435 0.2847974 -0.9299288 0.2326434 0.2847973 -0.9299288 0.2326433 0.4378458 -0.8684284 0.2326438 0.4378467 -0.8684276 0.2326455 0.5783156 -0.7819383 0.2326447 0.5783218 -0.781929 0.2326609 0.702144 -0.6729511 0.2326601 0.7021435 -0.6729522 0.2326583 0.8057768 -0.5446047 0.2326577 0.8057738 -0.5446168 0.2326397 0.8862271 -0.4005997 0.2326399 0.8862273 -0.4005969 0.232644 0.94118 -0.2450652 0.2326439 0.9411798 -0.2450631 0.232647 0.9690573 -0.08248358 0.2326465 0.9690557 -0.0824781 0.2326548 0.9690552 0.08248466 0.2326546 0.9933475 0.0845524 0.07817691 0.9647712 0.2512079 0.07817512 0.964771 0.251208 0.07817518 0.9084431 0.4106335 0.07817459 0.908439 0.4106401 0.07818692 0.8259749 0.5582584 0.07818609 0.8259762 0.5582569 0.07818305 0.7197427 0.6898244 0.07818466 0.7197462 0.6898216 0.07817733 0.5928168 0.8015337 0.07817894 0.5928107 0.8015372 0.07819014 0.4488165 0.8901964 0.07819223 0.448833 0.8901906 0.07816427 0.2919317 0.95324 0.07816278 0.291922 0.9532417 0.07817852 0.1266248 0.9888652 0.07817828 0.1266328 0.9888652 0.07816547 -0.04230272 0.9960424 0.07816535 -0.04232084 0.9960395 0.07819473 -0.2100322 0.9745627 0.07819247 -0.2100239 0.9745656 0.07817846 -0.3717252 0.9250452 0.07817816 -0.3717145 0.9250512 0.07815873 -0.522701 0.8489256 0.07816034 -0.5227102 0.8489181 0.07817947 -0.6586511 0.7483761 0.07817858 -0.658649 0.7483785 0.07817357 -0.775653 0.6262998 0.07817399 -0.7756581 0.6262913 0.07818973 -0.8703412 0.4862027 0.07818734 -0.870341 0.486203 0.07818675 -0.939992 0.3321176 0.0781846 -0.9399916 0.3321199 0.07818078 -0.9825996 0.1684802 0.07818192 -0.9825993 0.1684865 0.0781719 -0.99694 0 0.07817059 -0.99694 0 0.07817059 -0.9826012 -0.1684779 0.07816785 -0.9825986 -0.1684864 0.07818198 -0.9399907 -0.3321223 0.07818078 -0.9399919 -0.33212 0.07817655 -0.870342 -0.4862031 0.078175 -0.8703418 -0.4862034 0.07817554 -0.7756588 -0.6262925 0.07817453 -0.7756591 -0.6262922 0.07817393 -0.6586514 -0.7483764 0.07817357 -0.6586488 -0.7483782 0.07817858 -0.5227002 -0.8489243 0.07817935 -0.5226992 -0.8489247 0.0781809 -0.3717122 -0.9250501 0.07818114 -0.3717139 -0.9250497 0.07817822 -0.2100325 -0.9745637 0.07817852 -0.2100385 -0.9745632 0.0781688 -0.04231762 -0.9960414 0.07817053 -0.0423209 -0.9960417 0.07816523 0.126625 -0.9888662 0.07816553 0.1266327 -0.9888641 0.07817834 0.2919313 -0.9532389 0.07817846 0.2919356 -0.9532369 0.07818597 0.4488287 -0.8901908 0.07818591 0.4488208 -0.8901962 0.07817071 0.5928075 -0.8015413 0.07817071 0.5928113 -0.8015379 0.07817888 0.7197502 -0.6898173 0.07817733 0.7197468 -0.689822 0.07816803 0.8259713 -0.5582661 0.07816958 0.825976 -0.5582568 0.07818615 0.9084423 -0.4106331 0.07818686 0.9084399 -0.4106404 0.07817453 0.9647711 -0.2512079 0.07817518 0.964771 -0.2512079 0.07817512 0.9933481 -0.08454531 0.07817691 0.9933484 -0.08455115 0.07816755 0.9933488 0.08454668 0.07816755 -0.9990984 -0.04245424 0 -0.985617 -0.168995 0 -0.985617 -0.168995 0 -0.9428766 -0.3331421 0 -0.9428766 -0.3331421 0 -0.8730137 -0.4876956 0 -0.8730137 -0.4876956 0 -0.7780398 -0.628215 0 -0.7780398 -0.628215 0 -0.6606732 -0.7506737 0 -0.6606732 -0.7506737 0 -0.5243049 -0.8515307 0 -0.5243049 -0.8515307 0 -0.3728534 -0.9278903 0 -0.3728534 -0.9278903 0 -0.2106773 -0.9775556 0 -0.2106773 -0.9775556 0 -0.0424475 -0.9990987 0 -0.0424475 -0.9990987 0 0.1270136 -0.9919009 0 0.1270136 -0.9919009 0 0.2928276 -0.9561653 0 0.2928276 -0.9561653 0 0.4502069 -0.8929243 0 0.4502069 -0.8929243 0 0.5946271 -0.8040016 0 0.5946271 -0.8040016 0 0.7219598 -0.691935 0 0.7219598 -0.691935 0 0.8285064 -0.5599796 0 0.8285064 -0.5599796 0 0.9112317 -0.411894 0 0.9112317 -0.411894 0 0.9677327 -0.2519791 0 0.9677327 -0.2519791 0 0.9963976 -0.08480489 0 0.9963976 -0.08480489 0 0.9963974 0.08480614 0 0.9963974 0.08480614 0 0.9677327 0.2519791 0 0.9677327 0.2519791 0 0.9112317 0.411894 0 0.9112317 0.411894 0 0.8285111 0.5599726 0 0.8285111 0.5599726 0 0.7219526 0.6919425 0 0.7219526 0.6919425 0 0.5946368 0.8039944 0 0.5946368 0.8039944 0 0.4501949 0.8929303 0 0.4501949 0.8929303 0 0.2928276 0.9561653 0 0.2928276 0.9561653 0 0.1270136 0.9919009 0 0.1270136 0.9919009 0 -0.04243254 0.9990993 0 -0.04243254 0.9990993 0 -0.2106773 0.9775556 0 -0.2106773 0.9775556 0 -0.3728663 0.9278851 0 -0.3728663 0.9278851 0 -0.5243049 0.8515307 0 -0.5243049 0.8515307 0 -0.6606732 0.7506737 0 -0.6606732 0.7506737 0 -0.7780339 0.6282223 0 -0.7780339 0.6282223 0 -0.8730137 0.4876956 0 -0.8730137 0.4876956 0 -0.9428784 0.3331373 0 -0.9428784 0.3331373 0 -0.9856164 0.1689975 0 -0.9856164 0.1689975 0 -0.9990984 0.04245424 0 -0.9999991 0 0.001351296 0 0 1 0 0 1 0 0 1 0 0 1 0 0 1 0 0 1 0 0 1 0 0 1 0 0 1 0 0 1 0 0 1 0 0 1 0 0 1 0 0 1 0 0 1 0 0 1 0 0 1 0 0 1 0 0 1 0 0 1 0 0 1 0 0 1 0 0 1 0 0 1 0 0 1 0 0 1 0 0 1 0 0 1 0 0 1 0 0 1 0 0 1 0 0 1 0 0 1 0 0 1 0 0 1 0 0 1 0 0 1 0 0 1 0 0 1 0 0 1 0 0 1 0 0 1 0 0 1 0 0 1 0 0 1 0 0 1 0 0 1 0 0 1 0 0 1 0 0 1 0 0 1 0 0 1 0 0 1 0 0 1 0 0 1 0 0 1 0 0 1 0 0 1 0 0 1 0 0 1 0 0 1 0 0 1 0 0 1 0 0 1 0 0 1 0 0 1 0 0 1 0 0 1 0 0 1 0 0 1 0 0 1 0 0 1 0 0 1 0 0 1 0 0 1 0 0 1 0 0 1 0 0 1 0 0 1 0 0 1 0 0 1 0 0 1 0 0 1 0 0 1 0 0 1 0 0 1 0 0 1 0 0 1 0 0 1 0 0 1 0 0 1 0 0 1 0 0 1 0 0 1 0 0 1 0 0 1 0 0 1 0 0 1 0 0 1 0 0 1 0 0 1 0 0 1 0 0 1 0 0 1 0 0 1 0 0 1 0 0 1 0 0 1 0 0 1 0 0 1 0 0 1 0 0 1 0 0 1 0.07844573 0.00667876 0.996896 0.07618933 0.01983898 0.996896 0.07618796 0.0198403 0.9968961 0.07173895 0.03243005 0.996896 0.07174426 0.03242653 0.9968959 0.06523048 0.04408764 0.9968958 0.06522816 0.04408866 0.9968959 0.05684137 0.05447566 0.9968959 0.05684137 0.05447566 0.9968959 0.04681563 0.06329929 0.996896 0.04681497 0.06329935 0.996896 0.03544533 0.07029992 0.996896 0.03544193 0.07029956 0.996896 0.02305179 0.07527852 0.996896 0.02305555 0.07527953 0.996896 0.01000231 0.07809251 0.9968959 0.01000046 0.07809168 0.9968961 -0.003344714 0.07865875 0.996896 -0.003343105 0.07865983 0.996896 -0.01658403 0.07696419 0.9968959 -0.01658183 0.07696634 0.9968959 -0.02935445 0.07305443 0.9968959 -0.02935659 0.07305151 0.996896 -0.04128146 0.06703925 0.996896 -0.04128032 0.06704157 0.9968959 -0.05201381 0.05910295 0.9968959 -0.05201452 0.05910062 0.996896 -0.06125396 0.04946064 0.996896 -0.06125402 0.04946076 0.996896 -0.06873387 0.03839403 0.996896 -0.06873399 0.03839725 0.9968959 -0.0742346 0.02622753 0.9968959 -0.0742346 0.02622747 0.9968959 -0.07759839 0.01330709 0.9968959 -0.07759743 0.01330471 0.996896 -0.07872992 0 0.996896 -0.07872992 0 0.996896 -0.07759726 -0.01330691 0.996896 -0.07759803 -0.01330602 0.9968959 -0.07423335 -0.02622711 0.996896 -0.07423341 -0.02622711 0.9968959 -0.06873238 -0.03839623 0.996896 -0.06873589 -0.03839433 0.9968958 -0.06125587 -0.04946219 0.9968959 -0.06125581 -0.04946225 0.9968957 -0.0520178 -0.05910134 0.9968957 -0.05201548 -0.05910176 0.9968959 -0.04127836 -0.067043 0.9968959 -0.04128122 -0.067043 0.9968957 -0.02935969 -0.07305395 0.9968958 -0.02934974 -0.07305216 0.9968962 -0.01658356 -0.07696193 0.9968962 -0.01658833 -0.07696366 0.9968959 -0.003344774 -0.07865965 0.9968959 -0.003343105 -0.07865869 0.9968961 0.01000219 -0.07809162 0.996896 0.01000064 -0.07809287 0.996896 0.02305233 -0.07528024 0.996896 0.02305489 -0.07527726 0.9968961 0.03544461 -0.07029849 0.996896 0.03544288 -0.07030141 0.9968959 0.04681545 -0.06329905 0.996896 0.04681521 -0.06329971 0.996896 0.05684137 -0.05447566 0.9968959 0.05684137 -0.0544756 0.9968959 0.06522953 -0.04408699 0.9968959 0.06522959 -0.04408484 0.996896 0.07174128 -0.03242868 0.996896 0.0717417 -0.03243178 0.9968959 0.07618993 -0.01984053 0.9968959 0.07618874 -0.01983684 0.9968961 0.07844591 -0.006676018 0.996896 0.07844769 -0.006679534 0.9968959 0.07844769 0.006676197 0.996896 0.2334052 0.01986372 0.9721766 0.2266898 0.05902659 0.9721767 0.2266885 0.05902761 0.972177 0.2134534 0.09648966 0.9721766 0.21345 0.09649151 0.9721772 0.1940743 0.1311737 0.9721773 0.1940781 0.1311725 0.9721767 0.1691207 0.1620811 0.9721769 0.1691198 0.1620813 0.972177 0.1392915 0.1883333 0.9721772 0.1392897 0.1883333 0.9721774 0.1054582 0.2091646 0.9721773 0.1054615 0.2091653 0.9721768 0.06859701 0.223979 0.9721769 0.06858563 0.2239747 0.9721787 0.02974641 0.2323451 0.9721784 0.02976047 0.2323533 0.9721761 -0.009937763 0.2340391 0.9721763 -0.009951472 0.2340276 0.972179 -0.04934692 0.2289835 0.9721787 -0.04934203 0.2289894 0.9721776 -0.08733987 0.2173534 0.9721776 -0.08733767 0.217357 0.972177 -0.1228265 0.1994645 0.9721767 -0.1228265 0.1994646 0.9721767 -0.1547593 0.1758462 0.9721768 -0.1547583 0.1758508 0.9721761 -0.1822578 0.1471581 0.9721761 -0.1822576 0.1471673 0.9721749 -0.204505 0.1142485 0.9721754 -0.2045027 0.1142332 0.9721776 -0.2208657 0.07803493 0.9721774 -0.2208651 0.07803308 0.9721776 -0.230877 0.03958654 0.9721773 -0.2308804 0.03959304 0.9721763 -0.2342502 0 0.9721763 -0.2342502 0 0.9721764 -0.2308809 -0.03958719 0.9721763 -0.2308755 -0.0395922 0.9721775 -0.2208647 -0.07803463 0.9721777 -0.2208664 -0.07803356 0.9721774 -0.2044976 -0.1142444 0.9721775 -0.2045027 -0.1142422 0.9721766 -0.1822563 -0.1471569 0.9721767 -0.1822474 -0.147159 0.9721781 -0.1547555 -0.1758419 0.9721782 -0.154766 -0.1758412 0.9721766 -0.1228176 -0.1994711 0.9721764 -0.1228142 -0.1994708 0.972177 -0.08734077 -0.2173555 0.972177 -0.08735471 -0.2173595 0.972175 -0.04935014 -0.2289982 0.9721751 -0.04934322 -0.2289949 0.9721763 -0.009950757 -0.2340388 0.9721763 -0.009951949 -0.2340397 0.9721761 0.02976047 -0.2323533 0.9721761 0.02976047 -0.2323533 0.9721761 0.06858599 -0.2239855 0.9721762 0.06858801 -0.2239826 0.9721767 0.105459 -0.2091663 0.9721768 0.1054605 -0.2091633 0.9721774 0.139291 -0.1883326 0.9721774 0.1392905 -0.1883343 0.9721772 0.1691204 -0.1620808 0.972177 0.1691203 -0.1620817 0.9721768 0.1940761 -0.1311749 0.9721767 0.1940758 -0.1311709 0.9721773 0.2134515 -0.09648883 0.9721772 0.2134504 -0.09648448 0.9721778 0.2266862 -0.05902564 0.9721776 0.2266889 -0.05903184 0.9721766 0.2334055 -0.01986175 0.9721766 0.2334069 -0.0198639 0.9721763 0.2334069 0.01986187 0.9721763 0.3824898 0.03254818 0.9233862 0.3714863 0.09672689 0.9233861 0.3714836 0.09672874 0.923387 0.349794 0.1581186 0.9233866 0.3497911 0.1581199 0.9233874 0.3180446 0.2149498 0.9233874 0.3180289 0.2149538 0.9233918 0.2771238 0.2656124 0.9233918 0.2771467 0.2656105 0.9233855 0.2282725 0.3086258 0.923386 0.228259 0.3086246 0.9233898 0.1728121 0.3427645 0.9233896 0.1728184 0.3427662 0.9233879 0.1124013 0.3670419 0.9233884 0.112414 0.3670477 0.9233846 0.04876101 0.3807669 0.9233845 0.04874724 0.3807575 0.9233891 -0.01628959 0.3835202 0.9233888 -0.01628518 0.3835244 0.9233872 -0.08086961 0.3752529 0.923388 -0.08086889 0.3752539 0.9233877 -0.1431328 0.3561849 0.923388 -0.1431296 0.3561912 0.923386 -0.2012711 0.3268756 0.9233863 -0.2012754 0.3268617 0.9233902 -0.253612 0.2881551 0.9233892 -0.2536105 0.2881667 0.923386 -0.2986626 0.2411599 0.9233865 -0.298662 0.2411448 0.9233906 -0.3351185 0.1872066 0.9233902 -0.335121 0.1872183 0.9233868 -0.3619421 0.1278843 0.923387 -0.3619398 0.1278784 0.9233887 -0.378346 0.06486755 0.9233886 -0.378349 0.06487232 0.9233871 -0.383869 0 0.9233876 -0.383869 0 0.9233876 -0.3783494 -0.06486815 0.9233872 -0.3783451 -0.06487166 0.9233887 -0.3619385 -0.127883 0.9233886 -0.361944 -0.1278799 0.9233868 -0.3351248 -0.1872101 0.9233871 -0.3351136 -0.1872141 0.9233903 -0.2986555 -0.2411542 0.9233903 -0.2986704 -0.2411516 0.923386 -0.2536166 -0.2881604 0.9233862 -0.2536051 -0.2881605 0.9233894 -0.2012665 -0.3268681 0.92339 -0.2012569 -0.3268665 0.9233927 -0.1431133 -0.3561815 0.9233924 -0.1431277 -0.3561866 0.9233881 -0.08088684 -0.3752487 0.9233882 -0.08086514 -0.3752365 0.923395 -0.01628899 -0.3835066 0.9233945 -0.0163064 -0.3835207 0.9233883 0.04875969 -0.3807568 0.9233887 0.04876732 -0.3807482 0.9233919 0.1124159 -0.3670304 0.9233913 0.1123968 -0.3670613 0.9233813 0.1728208 -0.3427819 0.9233816 0.1728233 -0.3427758 0.9233834 0.2282636 -0.3086382 0.9233841 0.2282648 -0.3086324 0.9233857 0.2771432 -0.2656136 0.9233856 0.2771434 -0.2656074 0.9233874 0.3180382 -0.2149577 0.9233878 0.3180385 -0.2149604 0.9233869 0.3497923 -0.1581178 0.9233873 0.3497931 -0.1581208 0.9233865 0.3714843 -0.09672635 0.9233869 0.3714858 -0.09672933 0.923386 0.3824891 -0.03255283 0.9233864 0.3824854 -0.03254783 0.9233881 0.3824853 0.03255248 0.923388 0.5219814 0.04442465 0.8517993 0.5069642 0.1319996 0.8518001 0.5069611 0.1320015 0.8518016 0.4773569 0.215781 0.8518033 0.4773566 0.2157812 0.8518035 0.4340233 0.2933491 0.851804 0.4340404 0.2933453 0.8517966 0.3782129 0.3624857 0.8517975 0.3781964 0.3624866 0.8518046 0.3115041 0.4211804 0.8518053 0.3115243 0.4211828 0.8517967 0.2358452 0.4677802 0.8517974 0.2358407 0.4677789 0.8517993 0.1533945 0.5009095 0.851798 0.1533967 0.5009106 0.8517969 0.06654834 0.5196276 0.8517972 0.06654304 0.5196237 0.8518 -0.02224773 0.523396 0.8517991 -0.02223134 0.5234128 0.8517892 -0.1103526 0.5121304 0.8517891 -0.1103641 0.5121138 0.8517976 -0.1953338 0.4860926 0.8517974 -0.195335 0.48609 0.8517986 -0.2746803 0.4460847 0.8517976 -0.2746782 0.4460927 0.8517941 -0.3461104 0.39326 0.8517947 -0.346111 0.393253 0.8517976 -0.4075899 0.3291047 0.8517985 -0.4075907 0.3291158 0.8517938 -0.4573508 0.2554943 0.851794 -0.4573493 0.2554882 0.8517966 -0.4939433 0.1745298 0.8517976 -0.4939403 0.1745229 0.8518009 -0.5163302 0.08853536 0.8518008 -0.5163224 0.08852368 0.8518068 -0.5238595 0 0.8518047 -0.5238595 0 0.8518047 -0.5163253 -0.08853083 0.8518042 -0.5163325 -0.08852541 0.8518004 -0.4939388 -0.1745282 0.8518006 -0.4939455 -0.1745247 0.8517975 -0.4573473 -0.2554923 0.8517964 -0.4573533 -0.2554904 0.8517938 -0.4075953 -0.3291091 0.8517941 -0.4075844 -0.3291106 0.8517987 -0.3461074 -0.3932566 0.8517975 -0.3461144 -0.3932569 0.8517945 -0.2746831 -0.4460892 0.8517944 -0.274675 -0.4460875 0.8517978 -0.195315 -0.4860995 0.8517976 -0.1953141 -0.4860991 0.8517981 -0.1103703 -0.512112 0.8517979 -0.1103911 -0.5121246 0.8517877 -0.02224838 -0.5234111 0.8517898 -0.02223062 -0.5233957 0.8517997 0.06654781 -0.5196234 0.8517998 0.06654363 -0.5196285 0.8517971 0.1533949 -0.5009111 0.851797 0.1534122 -0.5008807 0.8518117 0.2358529 -0.4677526 0.8518105 0.2358423 -0.4677819 0.8517972 0.3115118 -0.4211909 0.8517973 0.3115106 -0.4211976 0.8517944 0.3782161 -0.3624887 0.8517948 0.3782162 -0.3624819 0.8517978 0.4340252 -0.2933651 0.8517976 0.4340227 -0.29335 0.851804 0.4773609 -0.2157731 0.8518031 0.477365 -0.215785 0.8517978 0.5069655 -0.1320055 0.8517984 0.5069637 -0.1320022 0.8518 0.5219805 -0.04442983 0.8517994 0.5219761 -0.04442423 0.8518024 0.521976 0.04442948 0.8518023 0.6484498 0.05519461 0.7592538 0.6297965 0.1639847 0.7592532 0.6297999 0.1639826 0.7592508 0.5930221 0.2680761 0.7592496 0.5930343 0.2680711 0.7592419 0.5392081 0.3644274 0.7592413 0.5391921 0.364431 0.7592509 0.4698482 0.4503136 0.7592498 0.4698513 0.4503135 0.759248 0.3869811 0.5232502 0.7592463 0.386996 0.523252 0.7592374 0.293011 0.5811231 0.7592368 0.2929867 0.5811159 0.7592518 0.1905654 0.6222721 0.7592511 0.1905585 0.6222687 0.7592557 0.08267098 0.6455202 0.7592558 0.08267134 0.6455204 0.7592554 -0.02764606 0.6502048 0.7592557 -0.02763825 0.650213 0.7592492 -0.1370947 0.6361944 0.7592508 -0.1370878 0.6362046 0.7592436 -0.2426605 0.6038745 0.7592441 -0.2426623 0.6038705 0.7592466 -0.3412168 0.5541803 0.7592465 -0.3412242 0.5541529 0.7592632 -0.4299665 0.48852 0.7592608 -0.4299648 0.4885376 0.7592505 -0.5063406 0.4088509 0.7592496 -0.5063399 0.4088395 0.7592564 -0.5681519 0.3173847 0.7592564 -0.5681542 0.3173934 0.7592511 -0.61362 0.2168114 0.7592518 -0.6136226 0.2168172 0.759248 -0.641442 0.1099787 0.7592476 -0.6414491 0.1099896 0.75924 -0.6508094 0 0.7592411 -0.6508094 0 0.7592411 -0.6414458 -0.1099836 0.7592437 -0.6414449 -0.1099842 0.7592443 -0.6136338 -0.2168077 0.7592417 -0.6136183 -0.2168157 0.759252 -0.5681571 -0.3173875 0.7592514 -0.5681484 -0.3173903 0.7592567 -0.5063349 -0.4088462 0.7592561 -0.5063463 -0.4088447 0.7592493 -0.4299741 -0.4885287 0.759251 -0.4299563 -0.488528 0.7592614 -0.3412072 -0.5541647 0.7592624 -0.3412349 -0.5541704 0.7592456 -0.242639 -0.6038812 0.7592456 -0.2426398 -0.6038816 0.7592449 -0.1371194 -0.6361961 0.7592449 -0.137112 -0.6361916 0.75925 -0.02762222 -0.6502144 0.7592485 -0.02763891 -0.6502289 0.7592355 0.08265006 -0.645546 0.759236 0.08267134 -0.6455201 0.7592557 0.190564 -0.6222674 0.7592554 0.1905601 -0.6222741 0.7592508 0.2930035 -0.5811083 0.7592509 0.2930062 -0.5811012 0.7592554 0.3869754 -0.5232425 0.7592545 0.386978 -0.5232277 0.7592633 0.4698377 -0.4503035 0.7592623 0.4698377 -0.4503004 0.7592642 0.5391881 -0.3644139 0.7592619 0.5391941 -0.3644505 0.7592401 0.5930299 -0.2680797 0.7592422 0.5930207 -0.2680528 0.759259 0.6297931 -0.1639838 0.7592562 0.6297957 -0.1639885 0.759253 0.6484513 -0.05518347 0.7592534 0.6484609 -0.05519556 0.7592443 0.6484614 0.0551843 0.7592447 0.7588245 0.06457626 0.6480858 0.7369927 0.1918897 0.6480896 0.7369859 0.1918944 0.6480961 0.6939526 0.3136892 0.6480963 0.6939386 0.3136955 0.6481084 0.6309434 0.4264559 0.6481094 0.6309739 0.4264481 0.6480848 0.549825 0.5269527 0.6480844 0.549813 0.5269537 0.6480939 0.4528543 0.6122889 0.6480937 0.45283 0.6122868 0.6481126 0.3428424 0.6800062 0.6481133 0.3428733 0.6800143 0.6480883 0.2230127 0.7281803 0.6480886 0.2229967 0.728173 0.6481023 0.09672117 0.7553859 0.6481027 0.09674328 0.7554008 0.648082 -0.03231954 0.7608845 0.648082 -0.03235077 0.7608545 0.6481157 -0.1604412 0.7444514 0.6481133 -0.1604273 0.7444701 0.6480953 -0.2839634 0.7066374 0.6480959 -0.2839586 0.706647 0.6480875 -0.3992894 0.6484985 0.6480877 -0.3992896 0.6484979 0.6480882 -0.5031455 0.5716848 0.6480903 -0.5031477 0.5716671 0.6481041 -0.5925177 0.478421 0.6481019 -0.5925184 0.4784361 0.6480901 -0.6648582 0.3714083 0.648089 -0.664858 0.3714073 0.64809 -0.7180604 0.2537117 0.6480893 -0.7180612 0.2537138 0.6480876 -0.7506082 0.1287041 0.6480915 -0.7506026 0.128695 0.6480998 -0.7615565 0 0.6480985 -0.7615566 0 0.6480985 -0.7506016 -0.1287029 0.6480995 -0.7506049 -0.1287003 0.6480962 -0.7180542 -0.2537095 0.648097 -0.7180631 -0.2537045 0.648089 -0.6648576 -0.3714079 0.6480898 -0.6648586 -0.3714076 0.648089 -0.5925252 -0.478427 0.6480907 -0.5925104 -0.4784296 0.6481024 -0.503138 -0.5716763 0.6481036 -0.5031558 -0.5716764 0.6480898 -0.3992891 -0.6484982 0.6480882 -0.3992897 -0.6484982 0.6480877 -0.283966 -0.7066438 0.6480878 -0.2839227 -0.7066285 0.6481236 -0.1604393 -0.7444429 0.6481235 -0.1604512 -0.7444495 0.6481129 -0.03231841 -0.760857 0.6481143 -0.0323227 -0.7608605 0.64811 0.0967462 -0.7553766 0.6481097 0.09671616 -0.7554109 0.6480744 0.222992 -0.728198 0.6480758 0.2230002 -0.7281846 0.648088 0.3428729 -0.6800146 0.6480883 0.3428731 -0.6800137 0.6480889 0.4528393 -0.6123039 0.64809 0.45284 -0.6123003 0.6480929 0.5498194 -0.5269474 0.6480935 0.5498189 -0.5269595 0.6480841 0.6309687 -0.4264553 0.6480852 0.6309671 -0.4264433 0.6480946 0.6939527 -0.3136892 0.6480963 0.6939572 -0.313704 0.6480843 0.7369934 -0.1918899 0.6480886 0.7369973 -0.1918974 0.6480822 0.7588253 -0.06458753 0.6480839 0.7588163 -0.06457555 0.6480956 0.7588159 0.06458449 0.6480951 0.8504083 0.07238012 0.5211208 0.8259501 0.2150501 0.5211142 0.8259487 0.2150511 0.5211158 0.7777183 0.3515574 0.5211157 0.7777218 0.3515556 0.5211118 0.7071381 0.4779157 0.5211067 0.7070982 0.4779292 0.5211484 0.6161476 0.5905634 0.5211496 0.6161898 0.5905568 0.5211074 0.5075098 0.6862064 0.5211092 0.5075244 0.6862065 0.5210946 0.384267 0.7621033 0.5210924 0.3842304 0.7620965 0.5211294 0.2499108 0.8160673 0.521132 0.2499313 0.816075 0.5211103 0.1084111 0.8465757 0.5211109 0.1083962 0.8465672 0.5211279 -0.03623789 0.8527091 0.5211275 -0.03622055 0.8527235 0.5211052 -0.1797849 0.8343412 0.5211067 -0.179808 0.8343141 0.521142 -0.318241 0.7919182 0.5211414 -0.3182366 0.7919256 0.5211328 -0.447492 0.7267536 0.5211335 -0.4474844 0.7267735 0.5211124 -0.563864 0.6407018 0.5211128 -0.5638685 0.6406796 0.5211353 -0.6640338 0.5361673 0.5211369 -0.6640338 0.5361658 0.5211383 -0.7450923 0.4162355 0.5211386 -0.7450913 0.4162288 0.5211453 -0.8047184 0.2843202 0.5211434 -0.8047221 0.2843318 0.5211313 -0.841201 0.1442342 0.5211311 -0.8412029 0.144238 0.5211269 -0.8534778 0 0.5211291 -0.8534778 0 0.5211291 -0.8412034 -0.1442347 0.521127 -0.8412002 -0.1442376 0.5211312 -0.8047251 -0.2843226 0.5211317 -0.8047149 -0.2843292 0.5211437 -0.7450889 -0.4162335 0.5211451 -0.7450951 -0.4162309 0.5211384 -0.6640332 -0.5361667 0.5211383 -0.6640346 -0.5361664 0.5211368 -0.5638552 -0.6406918 0.5211346 -0.5638778 -0.6406902 0.5211121 -0.4474986 -0.7267643 0.521113 -0.4474774 -0.7267621 0.5211341 -0.3182194 -0.791933 0.5211321 -0.3182421 -0.7919391 0.5211087 -0.1798112 -0.8343351 0.5211073 -0.1798127 -0.8343359 0.5211057 -0.03623849 -0.8527224 0.5211058 -0.03621995 -0.8527095 0.5211282 0.1084098 -0.8465657 0.5211275 0.1084237 -0.8465521 0.5211467 0.2499086 -0.8160599 0.5211449 0.2499007 -0.8160707 0.5211316 0.3842571 -0.7620838 0.5211282 0.3842552 -0.7620877 0.521124 0.5075046 -0.6861993 0.5211235 0.5075004 -0.6862136 0.5211088 0.6161793 -0.5905672 0.5211079 0.6161814 -0.5905488 0.5211265 0.7071098 -0.4779339 0.5211284 0.7071089 -0.4779165 0.5211458 0.7777091 -0.3515408 0.5211406 0.7777114 -0.3515509 0.5211304 0.8259419 -0.2150551 0.521125 0.8259392 -0.2150486 0.5211319 0.8504048 -0.07237809 0.5211267 0.8504077 -0.07238256 0.5211214 0.8504078 0.07238072 0.5211215 0.9210296 0.07839155 0.3815223 0.8945314 0.2329168 0.3815276 0.8945397 0.2329085 0.3815131 0.8423053 0.3807495 0.3815122 0.8423022 0.3807517 0.3815169 0.7658394 0.5176228 0.3815187 0.765869 0.5176088 0.3814786 0.6673563 0.6396178 0.381477 0.6673339 0.6396242 0.3815056 0.5496756 0.7431781 0.3815011 0.5496476 0.7431811 0.3815355 0.4161435 0.8253814 0.3815364 0.4161739 0.8253834 0.3814991 0.270672 0.8838534 0.3814969 0.2706694 0.8838527 0.3815003 0.117399 0.9168845 0.3814975 0.1174157 0.9168916 0.3814753 -0.03922855 0.9235476 0.3814721 -0.03924781 0.9235351 0.3815003 -0.1947369 0.9036241 0.3814984 -0.1947178 0.9036416 0.3814667 -0.3446602 0.8577248 0.3814677 -0.3446773 0.8577027 0.3815019 -0.484646 0.7871307 0.3815018 -0.4846565 0.7871109 0.3815292 -0.6107046 0.6938874 0.3815236 -0.6106954 0.6939151 0.3814879 -0.7191965 0.5807098 0.3814872 -0.7191967 0.580708 0.3814894 -0.8069867 0.4508173 0.3814921 -0.8069866 0.4508119 0.3814988 -0.8715719 0.3079313 0.3814981 -0.8715739 0.3079413 0.3814856 -0.911077 0.1562255 0.3814868 -0.9110729 0.1562147 0.3815011 -0.924367 0 0.3815044 -0.924367 0 0.3815045 -0.9110714 -0.1562246 0.3815008 -0.9110789 -0.1562157 0.3814865 -0.8715766 -0.307933 0.3814859 -0.8715688 -0.3079395 0.3814983 -0.8069844 -0.450816 0.3814986 -0.8069891 -0.4508132 0.381492 -0.7191958 -0.5807093 0.3814894 -0.7191975 -0.5807086 0.3814871 -0.6106981 -0.6939126 0.381488 -0.610694 -0.6939134 0.381493 -0.4846684 -0.7871206 0.3814939 -0.4846625 -0.7871208 0.3815012 -0.344655 -0.857712 0.3815011 -0.3446508 -0.8577113 0.3815063 -0.1947361 -0.9036202 0.3815079 -0.1947437 -0.9036228 0.3814982 -0.03925663 -0.9235347 0.3815005 -0.03924763 -0.9235299 0.381513 0.1174262 -0.9168732 0.3815162 0.1174145 -0.9168823 0.3814979 0.2706717 -0.8838521 0.3815002 0.2706698 -0.8838542 0.3814968 0.4161503 -0.8253949 0.3814998 0.4161669 -0.8253692 0.3815373 0.5496673 -0.7431669 0.3815348 0.5496562 -0.7431928 0.3815004 0.6673479 -0.6396099 0.381505 0.6673481 -0.6396092 0.3815058 0.765845 -0.5176266 0.3815028 0.7658445 -0.5176326 0.3814954 0.84231 -0.3807516 0.3814997 0.8423089 -0.3807413 0.3815124 0.894537 -0.2329183 0.3815134 0.8945362 -0.2329154 0.3815172 0.9210318 -0.0783835 0.3815185 0.9210346 -0.0783894 0.3815106 0.921035 0.0783838 0.3815107 0.9690611 0.08247101 0.2326357 0.9411844 0.245059 0.2326329 0.9411813 0.2450634 0.2326408 0.8862302 0.4005944 0.2326373 0.886223 0.4006017 0.2326523 0.8057726 0.5446118 0.2326554 0.8057716 0.5446126 0.2326573 0.7021484 0.6729486 0.2326536 0.702138 0.6729538 0.2326706 0.5783018 0.7819396 0.2326748 0.5783371 0.7819293 0.2326217 0.4378598 0.868427 0.2326228 0.4378471 0.8684284 0.2326413 0.2847995 0.9299284 0.2326427 0.2847818 0.9299273 0.2326683 0.1235346 0.9646783 0.2326694 0.1235181 0.9646745 0.2326938 -0.04128581 0.9716728 0.2326958 -0.04127293 0.9716783 0.2326756 -0.2049008 0.9507247 0.2326762 -0.204889 0.9507322 0.2326559 -0.3626084 0.9024335 0.2326565 -0.3626209 0.9024221 0.2326812 -0.5099247 0.8281533 0.2326778 -0.5099132 0.828168 0.2326509 -0.6425536 0.7300662 0.232655 -0.6425508 0.7300713 0.2326465 -0.7566819 0.6109886 0.2326487 -0.756685 0.6109796 0.2326624 -0.8490631 0.4743008 0.23266 -0.8490598 0.4743212 0.2326301 -0.9170089 0.3239996 0.2326347 -0.9170086 0.3239844 0.2326567 -0.958569 0.1643685 0.2326555 -0.9585691 0.1643692 0.2326545 -0.972561 0 0.2326482 -0.972561 0 0.2326482 -0.9585692 -0.1643685 0.2326545 -0.9585688 -0.1643691 0.2326554 -0.9170041 -0.3239979 0.2326564 -0.9170137 -0.3239862 0.2326344 -0.8490692 -0.4743043 0.2326305 -0.8490535 -0.4743177 0.2326604 -0.7566794 -0.6109865 0.2326623 -0.7566875 -0.6109817 0.2326486 -0.6425548 -0.7300677 0.2326467 -0.6425269 -0.7300785 0.23269 -0.5099018 -0.828164 0.2326899 -0.5099365 -0.828157 0.2326384 -0.3626353 -0.9024272 0.2326387 -0.3626231 -0.9024275 0.2326563 -0.2049018 -0.9507294 0.2326561 -0.204888 -0.9507274 0.2326765 -0.04125666 -0.971679 0.2326753 -0.04130375 -0.9716942 0.2326036 0.1235076 -0.9646978 0.2326028 0.1235485 -0.9646764 0.2326696 0.2847977 -0.9299226 0.2326681 0.2847836 -0.9299333 0.2326424 0.4378579 -0.8684231 0.2326411 0.4378491 -0.8684325 0.2326225 0.5783093 -0.7819497 0.2326223 0.5783294 -0.781919 0.2326755 0.7021455 -0.6729459 0.2326704 0.7021409 -0.6729567 0.2326534 0.8057723 -0.5446116 0.2326573 0.8057719 -0.5446128 0.2326554 0.886227 -0.4005929 0.2326521 0.8862262 -0.4006032 0.2326372 0.9411826 -0.2450585 0.2326407 0.9411831 -0.245064 0.2326329 0.9690597 -0.08248502 0.2326359 0.9690557 -0.08247053 0.2326577 0.9690546 0.0824846 0.2326574 0.9933474 0.08455234 0.07817804 0.9647726 0.2512008 0.07818031 0.9647725 0.2512007 0.07818025 0.9084425 0.4106332 0.07818359 0.9084417 0.4106345 0.07818591 0.8259703 0.5582654 0.07818514 0.8259715 0.558264 0.07818216 0.719739 0.6898283 0.07818371 0.7197508 0.6898189 0.07815963 0.5928153 0.8015369 0.07815855 0.5928013 0.8015447 0.07818418 0.4488497 0.8901807 0.07818084 0.4488313 0.8901872 0.0782119 0.2919033 0.9532447 0.07821142 0.2919384 0.9532386 0.07815432 0.1266388 0.9888653 0.07815343 0.1266319 0.9888653 0.07816451 -0.04230272 0.9960425 0.07816439 -0.04232114 0.9960395 0.07819426 -0.2100481 0.9745592 0.07819402 -0.2100384 0.9745626 0.07817763 -0.3716968 0.9250566 0.07817739 -0.3716983 0.9250558 0.07818007 -0.5227218 0.8489109 0.07817977 -0.5227112 0.8489196 0.07815796 -0.6586474 0.7483814 0.07815957 -0.6586603 0.7483667 0.07819086 -0.7756484 0.6263036 0.07818824 -0.7756486 0.6263034 0.07818871 -0.870348 0.4861906 0.07818633 -0.8703479 0.4861908 0.07818591 -0.9399881 0.332129 0.07818371 -0.9399903 0.3321194 0.07819926 -0.9825984 0.16848 0.07819694 -0.9825981 0.1684889 0.07818287 -0.9969391 0 0.07818174 -0.9969391 0 0.07818174 -0.982601 -0.1684753 0.07817476 -0.9825969 -0.1684887 0.078197 -0.939987 -0.3321285 0.0781992 -0.9399913 -0.3321198 0.07818365 -0.8703408 -0.4862034 0.07818579 -0.8703495 -0.4861918 0.07816272 -0.7756621 -0.6262905 0.07815843 -0.7756486 -0.6263034 0.07818824 -0.6586458 -0.7483796 0.07819074 -0.658662 -0.7483686 0.07815939 -0.5227011 -0.8489258 0.0781579 -0.5226884 -0.8489316 0.07818007 -0.3717225 -0.9250461 0.07818025 -0.3717243 -0.9250456 0.07817721 -0.2100198 -0.9745666 0.07817745 -0.2100389 -0.9745649 0.07814681 -0.04233258 -0.9960428 0.0781461 -0.04229098 -0.9960393 0.07821279 0.1266382 -0.9888607 0.07821244 0.1266024 -0.98887 0.07815319 0.2919319 -0.9532406 0.07815438 0.2919382 -0.9532378 0.07816547 0.4488263 -0.8901936 0.0781688 0.4488325 -0.8901894 0.07818073 0.5928141 -0.8015352 0.07818412 0.5928025 -0.8015463 0.07815843 0.7197403 -0.6898297 0.07815974 0.7197493 -0.6898176 0.07818382 0.8259704 -0.5582655 0.07818216 0.8259713 -0.5582638 0.07818514 0.9084423 -0.4106331 0.07818591 0.9084419 -0.4106345 0.07818359 0.9647726 -0.2512008 0.07818025 0.9647725 -0.2512007 0.07818031 0.993348 -0.08454531 0.07817798 0.9933483 -0.08455246 0.0781666 0.993349 0.08454543 0.07816666 -0.9990997 -0.04242563 0 -0.9856173 -0.1689925 0 -0.9856173 -0.1689925 0 -0.9428743 -0.3331487 0 -0.9428743 -0.3331487 0 -0.8730133 -0.4876964 0 -0.8730133 -0.4876964 0 -0.7780421 -0.6282122 0 -0.7780421 -0.6282122 0 -0.6606685 -0.7506779 0 -0.6606685 -0.7506779 0 -0.5243049 -0.8515306 0 -0.5243049 -0.8515306 0 -0.3728637 -0.9278861 0 -0.3728637 -0.9278861 0 -0.2106645 -0.9775584 0 -0.2106645 -0.9775584 0 -0.04246246 -0.9990981 0 -0.04246246 -0.9990981 0 0.1270273 -0.9918992 0 0.1270273 -0.9918992 0 0.2928276 -0.9561653 0 0.2928276 -0.9561653 0 0.4502038 -0.8929259 0 0.4502038 -0.8929259 0 0.5946342 -0.8039963 0 0.5946342 -0.8039963 0 0.7219489 -0.6919464 0 0.7219489 -0.6919464 0 0.8285064 -0.5599796 0 0.8285064 -0.5599796 0 0.9112318 -0.411894 0 0.9112318 -0.411894 0 0.9677345 -0.251972 0 0.9677345 -0.251972 0 0.9963976 -0.08480489 0 0.9963976 -0.08480489 0 0.9963976 0.08480489 0 0.9963976 0.08480489 0 0.9677345 0.251972 0 0.9677345 0.251972 0 0.9112318 0.411894 0 0.9112318 0.411894 0 0.8285064 0.5599796 0 0.8285064 0.5599796 0 0.7219489 0.6919464 0 0.7219489 0.6919464 0 0.5946342 0.8039963 0 0.5946342 0.8039963 0 0.4502277 0.8929138 0 0.4502277 0.8929138 0 0.2928001 0.9561737 0 0.2928001 0.9561737 0 0.1270273 0.9918992 0 0.1270273 0.9918992 0 -0.04243254 0.9990993 0 -0.04243254 0.9990993 0 -0.2106932 0.9775523 0 -0.2106932 0.9775523 0 -0.3728379 0.9278965 0 -0.3728379 0.9278965 0 -0.5243266 0.8515172 0 -0.5243266 0.8515172 0 -0.6606685 0.7506779 0 -0.6606685 0.7506779 0 -0.7780303 0.6282268 0 -0.7780303 0.6282268 0 -0.8730204 0.4876835 0 -0.8730204 0.4876835 0 -0.9428743 0.3331487 0 -0.9428743 0.3331487 0 -0.9856165 0.1689975 0 -0.9856165 0.1689975 0 -0.9990997 0.04242306 0 -0.9999998 0 6.00179e-4 0 0 1 0 0 1 0 0 1 0 0 1 0 0 1 0 0 1 0 0 1 0 0 1 0 0 1 0 0 1 0 0 1 0 0 1 0 0 1 0 0 1 0 0 1 0 0 1 0 0 1 0 0 1 0 0 1 0 0 1 0 0 1 0 0 1 0 0 1 0 0 1 0 0 1 0 0 1 0 0 1 0 0 1 0 0 1 0 0 1 0 0 1 0 0 1 0 0 1 0 0 1 0 0 1 0 0 1 0 0 1 0 0 1 0 0 1 0 0 1 0 0 1 0 0 1 0 0 1 0 0 1 0 0 1 0 0 1 0 0 1 0 0 1 0 0 1 0 0 1 0 0 1 0 0 1 0 0 1 0 0 1 0 0 1 0 0 1 0 0 1 0 0 1 0 0 1 0 0 1 0 0 1 0 0 1 0 0 1 0 0 1 0 0 1 0 0 1 0 0 1 0 0 1 0 0 1 0 0 1 0 0 1 0 0 1 0 0 1 0 0 1 0 0 1 0 0 1 0 0 1 0 0 1 0 0 1 0 0 1 0 0 1 0 0 1 0 0 1 0 0 1 0 0 1 0 0 1 0 0 1 0 0 1 0 0 1 0 0 1 0 0 1 0 0 1 0 0 1 0 0 1 0 0 1 0 0 1 0 0 1 0 0 1 0 0 1 0 0 1 0 0 1 0 0 1 0 0 1 0 0 1 0 0 1 0 0 1 0 0 1 0 0 1 0 0 1 0 0 1 0 0 1 0 0 1 0 0 1 0.07845902 0.006678462 0.996895 0.07620221 0.01984101 0.996895 0.07620126 0.0198419 0.996895 0.07175183 0.03243464 0.996895 0.07175314 0.03243374 0.996895 0.06523966 0.04409378 0.9968949 0.06523942 0.0440939 0.996895 0.05684947 0.05448478 0.996895 0.05684918 0.0544849 0.996895 0.04682183 0.06330996 0.996895 0.04682189 0.06330996 0.9968949 0.03545045 0.07031142 0.996895 0.03545057 0.07031142 0.996895 0.02305871 0.07529097 0.9968949 0.02305853 0.07529091 0.996895 0.010001 0.07810503 0.996895 0.009998738 0.07810395 0.9968951 -0.003342628 0.07867068 0.996895 -0.003340065 0.07867246 0.996895 -0.01658922 0.07697594 0.996895 -0.01659065 0.07697451 0.996895 -0.02935844 0.07306432 0.996895 -0.02935874 0.07306396 0.9968951 -0.04128515 0.06705093 0.996895 -0.04128509 0.06705111 0.996895 -0.05202251 0.05910974 0.996895 -0.05202293 0.05910843 0.9968951 -0.06126475 0.04946583 0.9968951 -0.06126433 0.04946911 0.9968949 -0.06874376 0.03840261 0.9968949 -0.06874376 0.03840249 0.9968949 -0.07424515 0.02623265 0.9968949 -0.07424509 0.02623248 0.996895 -0.07761049 0.01330739 0.996895 -0.07761031 0.01330691 0.996895 -0.07874298 0 0.9968949 -0.07874298 0 0.996895 -0.07761031 -0.01330733 0.996895 -0.07761013 -0.01330751 0.996895 -0.07424426 -0.02623325 0.996895 -0.07424628 -0.02623164 0.9968948 -0.06874507 -0.03840184 0.9968948 -0.06874203 -0.03840351 0.996895 -0.06126403 -0.04946744 0.996895 -0.06126528 -0.04946702 0.996895 -0.05202305 -0.05911034 0.9968949 -0.05202442 -0.05911016 0.996895 -0.04128605 -0.06705236 0.996895 -0.04128587 -0.06705236 0.9968949 -0.0293613 -0.07306468 0.996895 -0.02935886 -0.0730642 0.996895 -0.01658904 -0.07697504 0.996895 -0.01659089 -0.0769757 0.9968949 -0.003342688 -0.07867211 0.996895 -0.003339946 -0.07867056 0.9968951 0.01000356 -0.07810372 0.996895 0.01000237 -0.07810473 0.996895 0.02305614 -0.07529145 0.996895 0.02305805 -0.0752893 0.9968951 0.03544968 -0.07030993 0.9968951 0.03544783 -0.07031303 0.996895 0.04682368 -0.06330883 0.9968949 0.04682397 -0.06330806 0.996895 0.05684798 -0.05448591 0.996895 0.05684834 -0.05448406 0.9968951 0.06523871 -0.04409313 0.9968951 0.06523865 -0.04409337 0.9968951 0.0717523 -0.03243368 0.996895 0.07175248 -0.03243505 0.996895 0.07620185 -0.01984161 0.996895 0.07620173 -0.01984113 0.996895 0.07845908 -0.00667715 0.996895 0.07845973 -0.006678462 0.9968949 0.07845973 0.006677448 0.9968949 0.2333936 0.01986342 0.9721795 0.2266789 0.05902206 0.9721795 0.2266799 0.05902129 0.9721794 0.2134441 0.09648221 0.9721794 0.2134411 0.09648382 0.9721799 0.1940647 0.1311672 0.9721801 0.1940686 0.131166 0.9721795 0.169111 0.162075 0.9721796 0.1691094 0.1620752 0.9721798 0.1392807 0.1883276 0.9721798 0.1392804 0.1883275 0.9721798 0.1054586 0.2091524 0.9721799 0.1054524 0.2091513 0.9721809 0.06858134 0.2239671 0.9721807 0.06859403 0.2239719 0.9721788 0.02975898 0.2323419 0.9721788 0.02974975 0.2323365 0.9721804 -0.009943425 0.2340224 0.9721804 -0.009943366 0.2340225 0.9721803 -0.04934555 0.228977 0.9721803 -0.04934698 0.2289752 0.9721807 -0.08734095 0.2173399 0.9721805 -0.08733493 0.2173502 0.9721788 -0.1228089 0.1994643 0.972179 -0.1228114 0.1994573 0.9721801 -0.1547562 0.1758312 0.97218 -0.1547549 0.1758378 0.972179 -0.1822432 0.1471568 0.9721791 -0.1822434 0.1471453 0.9721808 -0.2044908 0.11423 0.9721806 -0.2044917 0.1142361 0.9721797 -0.2208554 0.07803457 0.9721798 -0.220855 0.07803356 0.97218 -0.2308665 0.03958475 0.9721799 -0.2308668 0.03958529 0.9721797 -0.2342359 0 0.9721798 -0.2342359 0 0.9721798 -0.2308669 -0.03958475 0.9721798 -0.2308664 -0.03958523 0.9721799 -0.2208548 -0.07803434 0.9721799 -0.2208529 -0.07803565 0.9721803 -0.20449 -0.1142333 0.9721803 -0.2044927 -0.1142321 0.9721799 -0.1822433 -0.1471517 0.9721799 -0.1822432 -0.1471517 0.9721799 -0.1547525 -0.1758344 0.97218 -0.154752 -0.1758344 0.9721801 -0.1228112 -0.1994575 0.97218 -0.1228116 -0.1994576 0.97218 -0.08733606 -0.2173439 0.97218 -0.08734095 -0.2173452 0.9721792 -0.04934644 -0.228981 0.9721793 -0.04934841 -0.228982 0.9721789 -0.009943664 -0.2340281 0.9721789 -0.009943604 -0.234028 0.9721791 0.02975249 -0.2323418 0.972179 0.02975779 -0.2323365 0.9721801 0.06858807 -0.2239678 0.9721801 0.06858575 -0.2239711 0.9721795 0.1054539 -0.209156 0.9721797 0.1054543 -0.209155 0.9721798 0.1392851 -0.1883246 0.9721798 0.1392854 -0.1883234 0.9721799 0.169107 -0.1620774 0.9721799 0.1691067 -0.1620803 0.9721795 0.1940689 -0.1311656 0.9721794 0.1940689 -0.1311662 0.9721793 0.2134445 -0.09648239 0.9721793 0.2134443 -0.09648174 0.9721794 0.226679 -0.05902379 0.9721794 0.2266787 -0.05902314 0.9721795 0.2333935 -0.01986402 0.9721795 0.2333926 -0.01986265 0.9721797 0.2333926 0.01986449 0.9721797 0.3824838 0.03255391 0.9233886 0.3714793 0.09672957 0.9233886 0.3714845 0.09672617 0.9233869 0.3497954 0.1581147 0.9233866 0.3497934 0.1581156 0.9233872 0.3180402 0.2149574 0.9233871 0.3180359 0.2149586 0.9233883 0.2771343 0.2656139 0.9233883 0.2771438 0.2656131 0.9233857 0.228267 0.3086305 0.9233858 0.2282518 0.3086293 0.92339 0.1728138 0.3427634 0.9233897 0.1728298 0.3427677 0.9233852 0.1124102 0.3670459 0.9233857 0.1123911 0.3670373 0.9233915 0.04875063 0.3807521 0.9233912 0.04876947 0.3807649 0.9233849 -0.01628994 0.3835288 0.9233852 -0.01629561 0.3835234 0.9233874 -0.08086985 0.3752539 0.9233877 -0.08086907 0.3752548 0.9233873 -0.1431334 0.3561864 0.9233872 -0.1431362 0.3561809 0.923389 -0.2012595 0.3268759 0.9233888 -0.2012581 0.3268805 0.9233875 -0.2536144 0.2881578 0.9233877 -0.253615 0.2881528 0.9233891 -0.2986608 0.241154 0.9233886 -0.2986611 0.2411614 0.9233865 -0.3351257 0.1872101 0.9233868 -0.3351241 0.1872027 0.9233888 -0.36194 0.127879 0.9233886 -0.3619423 0.1278846 0.9233869 -0.3783488 0.06487411 0.923387 -0.3783475 0.06487208 0.9233877 -0.3838689 0 0.9233875 -0.383869 0 0.9233876 -0.3783473 -0.06487387 0.9233876 -0.3783493 -0.06487238 0.9233869 -0.3619435 -0.1278802 0.923387 -0.3619382 -0.1278831 0.9233887 -0.3351199 -0.1872119 0.9233885 -0.335126 -0.1872097 0.9233868 -0.2986643 -0.2411568 0.9233866 -0.2986658 -0.2411566 0.9233863 -0.2536166 -0.2881604 0.9233862 -0.253611 -0.2881604 0.9233877 -0.2012673 -0.3268738 0.9233878 -0.2012645 -0.3268734 0.9233886 -0.1431244 -0.3561867 0.9233886 -0.1431283 -0.356188 0.9233874 -0.08087849 -0.375252 0.9233875 -0.08086711 -0.3752457 0.9233912 -0.01628935 -0.3835154 0.9233908 -0.01629549 -0.3835204 0.9233887 0.04876029 -0.3807568 0.9233887 0.04875808 -0.3807593 0.9233878 0.1124089 -0.3670417 0.9233876 0.1124051 -0.3670479 0.9233856 0.1728184 -0.3427725 0.9233856 0.1728197 -0.3427689 0.9233866 0.2282595 -0.3086326 0.923387 0.2282606 -0.3086268 0.9233886 0.2771388 -0.2656095 0.9233881 0.2771385 -0.2656182 0.9233857 0.3180419 -0.2149586 0.9233862 0.3180415 -0.2149552 0.9233872 0.3497924 -0.1581175 0.9233874 0.3497916 -0.1581148 0.9233881 0.3714808 -0.09672999 0.9233879 0.3714797 -0.09672772 0.9233887 0.3824842 -0.03255164 0.9233884 0.3824853 -0.03255319 0.923388 0.3824853 0.03255248 0.923388 0.5219823 0.04442477 0.8517987 0.5069669 0.1320003 0.8517984 0.5069568 0.1320066 0.8518034 0.4773564 0.2157809 0.8518037 0.4773633 0.215778 0.8518005 0.4340283 0.2933526 0.8518003 0.4340293 0.2933524 0.8517999 0.3782101 0.362483 0.8518 0.3782052 0.3624832 0.8518021 0.3115074 0.4211848 0.8518019 0.3115141 0.4211856 0.851799 0.2358419 0.4677792 0.8517987 0.2358444 0.4677799 0.8517977 0.1534061 0.5009069 0.8517974 0.153406 0.5009068 0.8517975 0.06653702 0.519629 0.8517972 0.06653165 0.5196251 0.8518 -0.02223688 0.5233956 0.8517997 -0.02223086 0.5234017 0.851796 -0.1103618 0.5121172 0.8517959 -0.1103641 0.5121138 0.8517976 -0.1953338 0.4860926 0.8517974 -0.195335 0.48609 0.8517986 -0.2746615 0.4460948 0.8517984 -0.2746621 0.4460927 0.8517993 -0.3461143 0.3932467 0.8517993 -0.3461134 0.3932557 0.8517954 -0.4075903 0.3291105 0.851796 -0.4075902 0.3291091 0.8517966 -0.4573466 0.255492 0.8517969 -0.4573449 0.255485 0.8517999 -0.4939433 0.1745206 0.8517996 -0.4939419 0.1745173 0.851801 -0.5163302 0.08853536 0.8518008 -0.5163286 0.08853304 0.851802 -0.5238649 0 0.8518014 -0.5238649 0 0.8518014 -0.5163303 -0.08853536 0.8518008 -0.5163325 -0.08853369 0.8517996 -0.4939456 -0.1745175 0.8517989 -0.4939443 -0.1745182 0.8517995 -0.4573426 -0.2554897 0.8517997 -0.4573416 -0.2554901 0.8518002 -0.4075843 -0.3291057 0.8518007 -0.4075856 -0.3291054 0.8518002 -0.3461069 -0.3932507 0.8518004 -0.346109 -0.3932507 0.8517995 -0.2746683 -0.4460883 0.8517996 -0.2746722 -0.4460891 0.8517979 -0.1953241 -0.4860952 0.8517981 -0.195325 -0.4860955 0.8517977 -0.1103714 -0.5121117 0.851798 -0.1103767 -0.5121149 0.8517953 -0.02223712 -0.5234011 0.8517962 -0.02223062 -0.5233954 0.8517999 0.06654721 -0.5196241 0.8517994 0.06654435 -0.5196277 0.8517975 0.153396 -0.5009092 0.8517979 0.1534029 -0.500897 0.8518038 0.2358472 -0.4677683 0.8518034 0.2358436 -0.4677783 0.8517988 0.3115099 -0.4211883 0.8517993 0.3115087 -0.4211951 0.8517964 0.3782132 -0.362486 0.8517973 0.3782134 -0.3624792 0.8518002 0.4340252 -0.2933577 0.8518001 0.4340236 -0.2933485 0.851804 0.4773588 -0.215777 0.8518033 0.4773606 -0.2157824 0.8518009 0.5069612 -0.1320016 0.8518015 0.5069652 -0.1320088 0.8517981 0.5219823 -0.04442459 0.8517987 0.5219815 -0.04442369 0.8517992 0.5219815 0.04442542 0.8517991 0.6484555 0.05518954 0.7592493 0.6297985 0.1639884 0.7592507 0.6298055 0.1639841 0.7592459 0.593033 0.2680634 0.7592456 0.5930249 0.2680668 0.7592508 0.5391896 0.3644353 0.7592506 0.5391963 0.3644338 0.7592467 0.4698514 0.4503167 0.7592461 0.4698545 0.4503164 0.7592442 0.3869935 0.5232446 0.7592438 0.3869902 0.5232442 0.7592458 0.2929943 0.5811201 0.7592455 0.2929839 0.5811171 0.7592519 0.1905654 0.6222721 0.7592511 0.1905767 0.6222778 0.7592436 0.08266228 0.6455346 0.7592444 0.08265852 0.6455319 0.7592471 -0.0276221 0.6502172 0.7592461 -0.02762484 0.6502144 0.7592483 -0.1371055 0.6361939 0.7592492 -0.1371017 0.6361995 0.7592453 -0.2426596 0.6038723 0.7592459 -0.2426615 0.6038684 0.7592486 -0.341218 0.5541761 0.7592491 -0.3412147 0.554188 0.7592418 -0.4299708 0.4885447 0.7592425 -0.4299727 0.4885245 0.7592544 -0.5063402 0.4088444 0.7592535 -0.5063404 0.4088466 0.7592522 -0.5681565 0.3173872 0.7592519 -0.5681588 0.3173959 0.7592466 -0.6136285 0.2168058 0.7592466 -0.6136295 0.2168082 0.759245 -0.6414422 0.109987 0.7592462 -0.6414433 0.1099886 0.759245 -0.6508035 0 0.7592463 -0.6508034 0 0.7592463 -0.6414414 -0.1099868 0.7592468 -0.6414399 -0.109988 0.7592481 -0.6136263 -0.2168051 0.7592486 -0.6136294 -0.2168034 0.7592465 -0.5681591 -0.3173955 0.7592467 -0.5681582 -0.3173957 0.7592471 -0.5063472 -0.4088501 0.7592458 -0.506345 -0.4088504 0.7592471 -0.4299746 -0.4885352 0.7592465 -0.4299684 -0.4885351 0.7592501 -0.3412168 -0.5541743 0.759251 -0.3412201 -0.5541749 0.759249 -0.2426586 -0.6038697 0.7592484 -0.2426467 -0.603865 0.759256 -0.1371039 -0.6361867 0.7592556 -0.1371136 -0.6361926 0.7592488 -0.02762198 -0.6502147 0.7592483 -0.02762496 -0.6502172 0.7592459 0.08266186 -0.6455316 0.759247 0.08267056 -0.645521 0.759255 0.1905645 -0.622269 0.7592539 0.190562 -0.6222734 0.7592509 0.2929912 -0.5811139 0.7592515 0.2929931 -0.5811086 0.7592548 0.3869865 -0.5232351 0.7592539 0.3869859 -0.5232383 0.759252 0.4698469 -0.4503123 0.7592515 0.4698469 -0.4503092 0.7592533 0.5391918 -0.3644285 0.7592523 0.5391938 -0.3644412 0.7592447 0.59303 -0.2680676 0.7592465 0.5930281 -0.2680622 0.7592498 0.6298017 -0.1639861 0.7592486 0.629802 -0.1639866 0.7592481 0.6484565 -0.05518996 0.7592484 0.6484552 -0.05518835 0.7592496 0.6484552 0.05518984 0.7592496 0.7588239 0.0645833 0.648086 0.7369936 0.1918965 0.6480866 0.7369897 0.1918991 0.6480902 0.6939595 0.3136858 0.6480907 0.6939611 0.3136851 0.6480894 0.6309612 0.4264591 0.6480899 0.6309569 0.4264603 0.6480935 0.5498164 0.526951 0.6480931 0.5498105 0.5269515 0.6480976 0.4528464 0.6122894 0.6480987 0.4528517 0.6122899 0.6480946 0.3428573 0.6800161 0.648095 0.3428565 0.6800159 0.6480956 0.2230008 0.7281777 0.6480957 0.2229977 0.7281762 0.6480983 0.09672176 0.7553902 0.6480976 0.09673029 0.755396 0.6480895 -0.03231924 0.7608774 0.6480904 -0.03232294 0.7608739 0.6480944 -0.1604447 0.7444677 0.6480935 -0.1604406 0.7444733 0.6480882 -0.2839524 0.7066492 0.6480879 -0.2839564 0.7066415 0.6480945 -0.3992927 0.6484908 0.6480935 -0.3992916 0.6484941 0.6480907 -0.5031465 0.5716842 0.6480902 -0.5031459 0.5716884 0.648087 -0.5925222 0.4784352 0.6480874 -0.592522 0.478432 0.64809 -0.6648581 0.3714082 0.6480892 -0.6648579 0.3714072 0.6480901 -0.7180598 0.2537115 0.64809 -0.7180559 0.2537019 0.648098 -0.7506039 0.1287011 0.6480972 -0.7506064 0.1287052 0.6480934 -0.7615616 0 0.6480925 -0.7615616 0 0.6480925 -0.7506092 -0.1286997 0.6480913 -0.7506032 -0.1287046 0.6480972 -0.7180536 -0.2537093 0.6480977 -0.7180626 -0.2537043 0.6480896 -0.6648546 -0.3714136 0.6480897 -0.664855 -0.3714135 0.6480894 -0.5925255 -0.4784273 0.6480901 -0.5925179 -0.4784286 0.6480962 -0.5031423 -0.5716794 0.6480976 -0.5031523 -0.5716794 0.6480898 -0.3992938 -0.6484927 0.6480908 -0.3992903 -0.648492 0.6480935 -0.2839504 -0.7066441 0.6480943 -0.2839586 -0.706647 0.6480876 -0.1604456 -0.7444721 0.6480884 -0.1604397 -0.7444687 0.6480937 -0.03231912 -0.7608741 0.6480942 -0.03232306 -0.7608773 0.6480903 0.09673553 -0.7553955 0.6480894 0.09673088 -0.7554007 0.6480839 0.2230035 -0.7281865 0.6480847 0.2230017 -0.7281895 0.648082 0.3428618 -0.6800252 0.648083 0.3428615 -0.6800259 0.6480824 0.4528542 -0.6122998 0.6480834 0.4528553 -0.6122947 0.6480875 0.5498132 -0.5269605 0.648088 0.5498135 -0.5269543 0.6480929 0.6309632 -0.4264516 0.648093 0.6309636 -0.4264552 0.6480901 0.6939581 -0.313691 0.6480896 0.6939578 -0.31369 0.6480904 0.7369917 -0.1918926 0.6480899 0.7369936 -0.1918964 0.6480865 0.7588235 -0.06458628 0.6480861 0.7588211 -0.06458306 0.6480892 0.758821 0.06458604 0.6480891 0.8503977 0.07238048 0.5211381 0.8259333 0.2150598 0.5211365 0.8259385 0.2150558 0.5211301 0.7777127 0.3515494 0.5211294 0.7777181 0.3515466 0.5211235 0.7071165 0.4779291 0.5211238 0.7071141 0.4779299 0.5211263 0.6161751 0.5905564 0.5211251 0.6161808 0.5905556 0.5211194 0.5075114 0.6861968 0.5211201 0.507508 0.6861967 0.5211235 0.3842389 0.7620955 0.5211247 0.3842411 0.7620959 0.5211226 0.2499125 0.8160726 0.5211231 0.2499189 0.816075 0.5211162 0.1084107 0.8465724 0.5211163 0.1083958 0.8465639 0.5211333 -0.03622394 0.8527061 0.5211335 -0.03621995 0.8527094 0.5211282 -0.1798085 0.8343226 0.5211284 -0.1798096 0.8343213 0.5211302 -0.3182196 0.7919334 0.5211313 -0.3182211 0.7919307 0.5211343 -0.4474917 0.7267532 0.5211342 -0.4474875 0.726764 0.5211227 -0.5638709 0.6406871 0.5211235 -0.563872 0.6406816 0.521129 -0.6640343 0.5361746 0.5211287 -0.6640342 0.5361779 0.5211254 -0.7450981 0.4162387 0.5211277 -0.7450973 0.4162321 0.5211343 -0.8047218 0.2843263 0.5211347 -0.8047237 0.2843324 0.5211284 -0.8412029 0.1442346 0.5211278 -0.8412033 0.1442356 0.5211266 -0.8534799 0 0.5211256 -0.85348 0 0.5211256 -0.8412039 -0.1442324 0.5211268 -0.8412032 -0.1442331 0.5211277 -0.8047254 -0.2843275 0.5211286 -0.8047201 -0.2843311 0.521135 -0.7450948 -0.4162368 0.5211341 -0.7450927 -0.4162377 0.5211364 -0.6640306 -0.5361716 0.5211367 -0.6640386 -0.5361696 0.5211285 -0.5638688 -0.6406847 0.5211289 -0.5638743 -0.6406843 0.5211233 -0.4474855 -0.7267654 0.5211226 -0.4474886 -0.7267657 0.5211195 -0.3182344 -0.791936 0.5211182 -0.3182218 -0.7919325 0.5211312 -0.1798083 -0.8343216 0.52113 -0.1798098 -0.8343223 0.5211284 -0.03622412 -0.8527091 0.5211284 -0.03621983 -0.8527062 0.5211337 0.1084094 -0.8465625 0.5211328 0.1084102 -0.8465617 0.5211339 0.2499233 -0.8160631 0.5211329 0.2499177 -0.8160709 0.5211233 0.3842394 -0.7620965 0.5211226 0.3842404 -0.7620947 0.5211248 0.5075103 -0.6861952 0.5211234 0.5075093 -0.6861985 0.52112 0.6161708 -0.5905655 0.52112 0.6161714 -0.5905605 0.5211249 0.7071197 -0.477922 0.521126 0.7071199 -0.477924 0.521124 0.7777135 -0.351556 0.5211239 0.7777123 -0.3515505 0.5211293 0.8259381 -0.2150574 0.5211302 0.8259354 -0.2150511 0.5211369 0.8503986 -0.07237184 0.5211377 0.8504045 -0.07238107 0.5211269 0.850405 0.07237237 0.5211272 0.9210404 0.07838368 0.3814978 0.8945436 0.23292 0.381497 0.8945399 0.2329238 0.3815035 0.8423113 0.3807457 0.3815029 0.8423076 0.3807482 0.3815082 0.7658467 0.5176206 0.3815073 0.7658438 0.517622 0.3815112 0.6673487 0.639604 0.3815134 0.6673501 0.6396036 0.3815117 0.5496546 0.7431885 0.3815109 0.549662 0.7431877 0.3815019 0.4161504 0.8253951 0.3814993 0.4161539 0.8253953 0.3814951 0.2706854 0.8838503 0.3814942 0.2706673 0.8838461 0.3815171 0.117412 0.9168745 0.3815172 0.1174136 0.9168753 0.3815152 -0.03922778 0.9235303 0.3815141 -0.03923255 0.9235273 0.3815209 -0.1947486 0.9036123 0.3815205 -0.1947426 0.9036179 0.3815104 -0.3446561 0.8577076 0.38151 -0.3446516 0.8577134 0.381501 -0.4846532 0.7871263 0.3815016 -0.4846591 0.7871152 0.3815169 -0.610707 0.6938902 0.3815148 -0.6107037 0.6938999 0.3815021 -0.7191891 0.5807083 0.3815035 -0.7191889 0.5807092 0.3815023 -0.8069865 0.4508092 0.381502 -0.8069866 0.4508119 0.3814988 -0.8715662 0.3079466 0.3814986 -0.8715657 0.3079438 0.3815022 -0.9110727 0.1562176 0.3815004 -0.9110715 0.1562144 0.3815046 -0.924367 0 0.3815045 -0.924367 0 0.3815045 -0.911071 -0.1562173 0.3815045 -0.9110751 -0.1562125 0.3814967 -0.871569 -0.3079425 0.3814953 -0.8715672 -0.3079442 0.3814985 -0.8069877 -0.4508099 0.3814989 -0.8069853 -0.4508112 0.381502 -0.7191895 -0.5807086 0.3815023 -0.7191886 -0.5807089 0.3815035 -0.6107023 -0.6939012 0.381502 -0.6107044 -0.6939008 0.3814995 -0.4846641 -0.7871207 0.3814992 -0.4846478 -0.7871211 0.3815193 -0.3446546 -0.8577036 0.3815205 -0.3446632 -0.8577049 0.3815098 -0.1947359 -0.9036193 0.3815101 -0.1947435 -0.9036219 0.3815004 -0.03922808 -0.9235361 0.3815001 -0.03923302 -0.9235387 0.3814932 0.1173991 -0.9168854 0.3814951 0.1174135 -0.9168744 0.3815172 0.2706828 -0.8838416 0.3815166 0.2706813 -0.8838431 0.3815141 0.4161477 -0.8253898 0.3815137 0.4161497 -0.8253869 0.381518 0.5496621 -0.7431792 0.3815184 0.5496597 -0.7431848 0.3815112 0.6673492 -0.6396045 0.3815117 0.6673468 -0.6396148 0.3814988 0.7658448 -0.517629 0.3814997 0.7658458 -0.5176132 0.3815191 0.8423061 -0.3807434 0.3815166 0.8423073 -0.3807548 0.3815026 0.8945411 -0.2329193 0.3815034 0.8945413 -0.2329203 0.3815022 0.9210389 -0.07839131 0.3814998 0.9210351 -0.07838326 0.3815107 0.9210344 0.07839214 0.3815104 0.9690577 0.08247953 0.2326465 0.9411811 0.2450581 0.2326471 0.941178 0.2450626 0.232655 0.8862213 0.4006044 0.2326543 0.8862282 0.4005972 0.2326399 0.8057802 0.5446071 0.23264 0.8057776 0.5446091 0.2326449 0.702147 0.672954 0.2326424 0.7021459 0.6729545 0.2326442 0.5783159 0.7819387 0.2326422 0.5783143 0.7819393 0.2326447 0.4378574 0.8684221 0.2326457 0.4378446 0.8684235 0.2326643 0.2847824 0.9299279 0.232665 0.2847973 0.9299288 0.2326434 0.1235362 0.9646842 0.2326438 0.1235344 0.9646838 0.2326467 -0.04128599 0.9716847 0.2326467 -0.04127341 0.9716899 0.2326269 -0.2048891 0.9507388 0.2326287 -0.2049036 0.9507297 0.2326534 -0.3626239 0.902428 0.2326535 -0.3626257 0.9024263 0.2326571 -0.5099275 0.8281579 0.2326555 -0.5099218 0.8281651 0.2326422 -0.6425431 0.7300785 0.2326449 -0.6425485 0.7300687 0.232661 -0.7566892 0.6109753 0.2326601 -0.7566859 0.610985 0.2326452 -0.8490592 0.4743143 0.2326463 -0.8490595 0.4743126 0.2326487 -0.9170054 0.3239984 0.2326504 -0.9170054 0.3240014 0.232646 -0.958571 0.1643663 0.2326487 -0.9585701 0.1643618 0.2326554 -0.9725589 0 0.232657 -0.9725589 0 0.232657 -0.9585685 -0.1643659 0.2326592 -0.9585708 -0.1643619 0.2326526 -0.9170047 -0.3239981 0.2326536 -0.9170061 -0.3239964 0.2326504 -0.8490588 -0.474314 0.2326487 -0.84906 -0.4743129 0.2326462 -0.756692 -0.6109775 0.2326454 -0.7566831 -0.6109828 0.2326603 -0.6425406 -0.7300756 0.2326609 -0.6425398 -0.730076 0.2326622 -0.509916 -0.8281631 0.2326617 -0.5099335 -0.8281596 0.2326357 -0.3626254 -0.9024319 0.2326357 -0.3626279 -0.9024319 0.2326321 -0.2049031 -0.9507353 0.2326309 -0.2048892 -0.9507333 0.2326512 -0.04128599 -0.9716838 0.2326501 -0.04127299 -0.9716796 0.2326698 0.1235355 -0.9646781 0.2326694 0.1235196 -0.9646865 0.2326435 0.2847974 -0.9299288 0.2326434 0.2847973 -0.9299288 0.2326433 0.4378458 -0.8684284 0.2326438 0.4378467 -0.8684276 0.2326455 0.5783156 -0.7819383 0.2326447 0.5783218 -0.781929 0.2326609 0.702144 -0.6729511 0.2326601 0.7021435 -0.6729522 0.2326583 0.8057768 -0.5446047 0.2326577 0.8057738 -0.5446168 0.2326397 0.8862244 -0.4006057 0.2326401 0.8862251 -0.4005959 0.2326545 0.9411793 -0.2450577 0.2326549 0.9411798 -0.2450631 0.232647 0.9690573 -0.08248358 0.2326465 0.9690557 -0.0824781 0.2326548 0.9690552 0.08248466 0.2326546 0.9933475 0.0845524 0.07817691 0.9647712 0.2512079 0.07817512 0.9647738 0.2512011 0.07816344 0.9084439 0.4106338 0.07816356 0.9084362 0.4106463 0.07818698 0.8259749 0.5582584 0.07818609 0.8259762 0.5582569 0.07818305 0.7197427 0.6898244 0.07818466 0.7197462 0.6898216 0.07817733 0.5928204 0.801531 0.07817894 0.5928103 0.8015367 0.0781973 0.4488133 0.8901976 0.07819765 0.448833 0.8901906 0.07816427 0.2919317 0.95324 0.07816278 0.291922 0.9532417 0.07817852 0.1266248 0.9888652 0.07817828 0.1266328 0.9888652 0.07816547 -0.04230272 0.9960424 0.07816535 -0.04232084 0.9960395 0.07819473 -0.2100322 0.9745627 0.07819247 -0.2100239 0.9745656 0.07817846 -0.3717252 0.9250452 0.07817816 -0.3717145 0.9250512 0.07815873 -0.522701 0.8489256 0.07816034 -0.5227102 0.8489181 0.07817947 -0.6586511 0.7483761 0.07817858 -0.658649 0.7483785 0.07817357 -0.775653 0.6262998 0.07817399 -0.7756581 0.6262913 0.07818973 -0.8703412 0.4862027 0.07818734 -0.870341 0.486203 0.07818675 -0.939992 0.3321176 0.0781846 -0.9399916 0.3321199 0.07818078 -0.9825996 0.1684802 0.07818192 -0.9825993 0.1684865 0.0781719 -0.99694 0 0.07817059 -0.99694 0 0.07817059 -0.9826012 -0.1684779 0.07816785 -0.9825986 -0.1684864 0.07818198 -0.9399907 -0.3321223 0.07818078 -0.9399919 -0.33212 0.07817655 -0.870342 -0.4862031 0.078175 -0.8703418 -0.4862034 0.07817554 -0.7756588 -0.6262925 0.07817453 -0.7756591 -0.6262922 0.07817393 -0.6586514 -0.7483764 0.07817357 -0.6586488 -0.7483782 0.07817858 -0.5227002 -0.8489243 0.07817935 -0.5226992 -0.8489247 0.0781809 -0.3717122 -0.9250501 0.07818114 -0.3717139 -0.9250497 0.07817822 -0.2100325 -0.9745637 0.07817852 -0.2100385 -0.9745632 0.0781688 -0.04231762 -0.9960414 0.07817053 -0.0423209 -0.9960417 0.07816523 0.126625 -0.9888662 0.07816553 0.1266327 -0.9888641 0.07817834 0.2919313 -0.9532389 0.07817846 0.2919356 -0.9532369 0.07818597 0.4488257 -0.8901924 0.07818591 0.4488206 -0.8901958 0.07817614 0.5928108 -0.8015383 0.07817792 0.5928113 -0.8015379 0.07817888 0.7197502 -0.6898173 0.07817733 0.7197468 -0.689822 0.07816803 0.8259713 -0.5582661 0.07816958 0.825976 -0.5582568 0.07818615 0.9084423 -0.4106331 0.07818686 0.908438 -0.4106471 0.0781635 0.964772 -0.2512081 0.07816344 0.9647729 -0.2512009 0.07817518 0.9933481 -0.08454531 0.07817691 0.9933484 -0.08455115 0.07816755 0.9933488 0.08454668 0.07816755 -0.9990991 -0.04243928 0 -0.985617 -0.168995 0 -0.985617 -0.168995 0 -0.9428766 -0.3331421 0 -0.9428766 -0.3331421 0 -0.8730137 -0.4876956 0 -0.8730137 -0.4876956 0 -0.7780398 -0.628215 0 -0.7780398 -0.628215 0 -0.6606732 -0.7506737 0 -0.6606732 -0.7506737 0 -0.5243049 -0.8515307 0 -0.5243049 -0.8515307 0 -0.3728534 -0.9278903 0 -0.3728534 -0.9278903 0 -0.2106773 -0.9775556 0 -0.2106773 -0.9775556 0 -0.0424475 -0.9990987 0 -0.0424475 -0.9990987 0 0.1270136 -0.9919009 0 0.1270136 -0.9919009 0 0.2928276 -0.9561653 0 0.2928276 -0.9561653 0 0.4502039 -0.8929259 0 0.4502039 -0.8929259 0 0.5946307 -0.8039989 0 0.5946307 -0.8039989 0 0.7219598 -0.691935 0 0.7219598 -0.691935 0 0.8285064 -0.5599796 0 0.8285064 -0.5599796 0 0.9112317 -0.411894 0 0.9112317 -0.411894 0 0.9677327 -0.2519791 0 0.9677327 -0.2519791 0 0.9963976 -0.08480489 0 0.9963976 -0.08480489 0 0.9963974 0.08480614 0 0.9963974 0.08480614 0 0.9677327 0.2519791 0 0.9677327 0.2519791 0 0.9112317 0.411894 0 0.9112317 0.411894 0 0.8285111 0.5599726 0 0.8285111 0.5599726 0 0.7219526 0.6919425 0 0.7219526 0.6919425 0 0.5946404 0.8039919 0 0.5946404 0.8039919 0 0.4501919 0.8929318 0 0.4501919 0.8929318 0 0.2928276 0.9561653 0 0.2928276 0.9561653 0 0.1270136 0.9919009 0 0.1270136 0.9919009 0 -0.04243254 0.9990993 0 -0.04243254 0.9990993 0 -0.2106773 0.9775556 0 -0.2106773 0.9775556 0 -0.3728663 0.9278851 0 -0.3728663 0.9278851 0 -0.5243049 0.8515307 0 -0.5243049 0.8515307 0 -0.6606732 0.7506737 0 -0.6606732 0.7506737 0 -0.7780339 0.6282223 0 -0.7780339 0.6282223 0 -0.8730137 0.4876956 0 -0.8730137 0.4876956 0 -0.9428784 0.3331373 0 -0.9428784 0.3331373 0 -0.9856164 0.1689975 0 -0.9856164 0.1689975 0 -0.9990991 0.04243928 0 -0.9999991 0 0.00135082 0 0 1 0 0 1 0 0 1 0 0 1 0 0 1 0 0 1 0 0 1 0 0 1 0 0 1 0 0 1 0 0 1 0 0 1 0 0 1 0 0 1 0 0 1 0 0 1 0 0 1 0 0 1 0 0 1 0 0 1 0 0 1 0 0 1 0 0 1 0 0 1 0 0 1 0 0 1 0 0 1 0 0 1 0 0 1 0 0 1 0 0 1 0 0 1 0 0 1 0 0 1 0 0 1 0 0 1 0 0 1 0 0 1 0 0 1 0 0 1 0 0 1 0 0 1 0 0 1 0 0 1 0 0 1 0 0 1 0 0 1 0 0 1 0 0 1 0 0 1 0 0 1 0 0 1 0 0 1 0 0 1 0 0 1 0 0 1 0 0 1 0 0 1 0 0 1 0 0 1 0 0 1 0 0 1 0 0 1 0 0 1 0 0 1 0 0 1 0 0 1 0 0 1 0 0 1 0 0 1 0 0 1 0 0 1 0 0 1 0 0 1 0 0 1 0 0 1 0 0 1 0 0 1 0 0 1 0 0 1 0 0 1 0 0 1 0 0 1 0 0 1 0 0 1 0 0 1 0 0 1 0 0 1 0 0 1 0 0 1 0 0 1 0 0 1 0 0 1 0 0 1 0 0 1 0 0 1 0 0 1 0 0 1 0 0 1 0 0 1 0 0 1 0 0 1 0 0 1 0 0 1 0 0 1 0 0 1 0 0 1 0 0 1 0 0 1 0 0 1 0 0 1 0 0 1 0 0 1 0.07844573 0.00667876 0.996896 0.07618933 0.01983898 0.996896 0.07618796 0.0198403 0.9968961 0.07173895 0.03243005 0.996896 0.07174426 0.03242653 0.9968959 0.06523048 0.04408764 0.9968958 0.06522816 0.04408866 0.9968959 0.05684137 0.05447566 0.9968959 0.05683845 0.05447638 0.9968961 0.04681617 0.06329733 0.996896 0.04681605 0.06329733 0.996896 0.0354439 0.07029974 0.996896 0.03544193 0.07029956 0.996896 0.02305179 0.07527852 0.996896 0.02305555 0.07527953 0.996896 0.01000231 0.07809251 0.9968959 0.01000046 0.07809168 0.9968961 -0.003344714 0.07865875 0.996896 -0.003343105 0.07865983 0.996896 -0.01658403 0.07696419 0.9968959 -0.01658183 0.07696634 0.9968959 -0.02935445 0.07305443 0.9968959 -0.02935659 0.07305151 0.996896 -0.04128146 0.06703925 0.996896 -0.04128032 0.06704157 0.9968959 -0.05201381 0.05910295 0.9968959 -0.05201452 0.05910062 0.996896 -0.06125396 0.04946064 0.996896 -0.06125402 0.04946076 0.996896 -0.06873387 0.03839403 0.996896 -0.06873399 0.03839725 0.9968959 -0.0742346 0.02622753 0.9968959 -0.0742346 0.02622747 0.9968959 -0.07759839 0.01330709 0.9968959 -0.07759743 0.01330471 0.996896 -0.07872992 0 0.996896 -0.07872992 0 0.996896 -0.07759726 -0.01330691 0.996896 -0.07759803 -0.01330602 0.9968959 -0.07423335 -0.02622711 0.996896 -0.07423341 -0.02622711 0.9968959 -0.06873238 -0.03839623 0.996896 -0.06873589 -0.03839433 0.9968958 -0.06125587 -0.04946219 0.9968959 -0.06125581 -0.04946225 0.9968957 -0.0520178 -0.05910134 0.9968957 -0.05201548 -0.05910176 0.9968959 -0.04127836 -0.067043 0.9968959 -0.04128122 -0.067043 0.9968957 -0.02935969 -0.07305395 0.9968958 -0.02934974 -0.07305216 0.9968962 -0.01658356 -0.07696193 0.9968962 -0.01658833 -0.07696366 0.9968959 -0.003344774 -0.07865965 0.9968959 -0.003343105 -0.07865869 0.9968961 0.01000219 -0.07809162 0.996896 0.01000064 -0.07809287 0.996896 0.02305233 -0.07528024 0.996896 0.02305489 -0.07527726 0.9968961 0.03544348 -0.07029896 0.996896 0.03544247 -0.07030063 0.996896 0.04681617 -0.06329727 0.996896 0.04681611 -0.06329739 0.996896 0.05684036 -0.05447471 0.996896 0.05683976 -0.05447763 0.9968959 0.06522953 -0.04408699 0.9968959 0.06522959 -0.04408484 0.996896 0.07174128 -0.03242868 0.996896 0.0717417 -0.03243178 0.9968959 0.07618993 -0.01984053 0.9968959 0.07618874 -0.01983684 0.9968961 0.07844591 -0.006676018 0.996896 0.07844769 -0.006679534 0.9968959 0.07844769 0.006676197 0.996896 0.2334052 0.01986372 0.9721766 0.2266898 0.05902659 0.9721767 0.2266885 0.05902761 0.972177 0.2134534 0.09648966 0.9721766 0.21345 0.09649151 0.9721772 0.1940743 0.1311737 0.9721773 0.1940781 0.1311725 0.9721767 0.1691207 0.1620811 0.9721769 0.1691198 0.1620813 0.972177 0.1392915 0.1883333 0.9721772 0.1392958 0.1883335 0.9721765 0.1054568 0.2091684 0.9721766 0.1054592 0.2091689 0.9721763 0.06859928 0.2239798 0.9721765 0.06858563 0.2239747 0.9721787 0.02974641 0.2323451 0.9721784 0.02976047 0.2323533 0.9721761 -0.009937763 0.2340391 0.9721763 -0.009951472 0.2340276 0.972179 -0.04934692 0.2289835 0.9721787 -0.04934203 0.2289894 0.9721776 -0.08733987 0.2173534 0.9721776 -0.08733767 0.217357 0.972177 -0.1228265 0.1994645 0.9721767 -0.1228265 0.1994646 0.9721767 -0.1547593 0.1758462 0.9721768 -0.1547583 0.1758508 0.9721761 -0.1822578 0.1471581 0.9721761 -0.1822576 0.1471673 0.9721749 -0.204505 0.1142485 0.9721754 -0.2045027 0.1142332 0.9721776 -0.2208657 0.07803493 0.9721774 -0.2208651 0.07803308 0.9721776 -0.2308754 0.03959274 0.9721774 -0.230875 0.03959208 0.9721775 -0.2342447 0 0.9721777 -0.2342447 0 0.9721776 -0.230875 -0.03959268 0.9721776 -0.2308755 -0.0395922 0.9721775 -0.2208647 -0.07803463 0.9721777 -0.2208664 -0.07803356 0.9721774 -0.2044976 -0.1142444 0.9721775 -0.2045027 -0.1142422 0.9721766 -0.1822563 -0.1471569 0.9721767 -0.1822474 -0.147159 0.9721781 -0.1547555 -0.1758419 0.9721782 -0.154766 -0.1758412 0.9721766 -0.1228176 -0.1994711 0.9721764 -0.1228142 -0.1994708 0.972177 -0.08734077 -0.2173555 0.972177 -0.08735471 -0.2173595 0.972175 -0.04935014 -0.2289982 0.9721751 -0.04934322 -0.2289949 0.9721763 -0.009950757 -0.2340388 0.9721763 -0.009951949 -0.2340397 0.9721761 0.02976047 -0.2323533 0.9721761 0.02976047 -0.2323533 0.9721761 0.06858783 -0.2239851 0.9721761 0.06858849 -0.2239841 0.9721763 0.1054574 -0.2091696 0.9721763 0.1054585 -0.2091674 0.9721766 0.1392929 -0.1883352 0.9721766 0.1392941 -0.1883311 0.9721772 0.1691204 -0.1620808 0.972177 0.1691203 -0.1620817 0.9721768 0.1940761 -0.1311749 0.9721767 0.1940758 -0.1311709 0.9721773 0.2134515 -0.09648883 0.9721772 0.2134504 -0.09648448 0.9721778 0.2266862 -0.05902564 0.9721776 0.2266889 -0.05903184 0.9721766 0.2334055 -0.01986175 0.9721766 0.2334069 -0.0198639 0.9721763 0.2334069 0.01986187 0.9721763 0.3824898 0.03254818 0.9233862 0.3714863 0.09672689 0.9233861 0.3714836 0.09672874 0.923387 0.349794 0.1581186 0.9233866 0.3497911 0.1581199 0.9233874 0.3180446 0.2149498 0.9233874 0.3180289 0.2149538 0.9233918 0.2771238 0.2656124 0.9233918 0.2771467 0.2656105 0.9233855 0.2282725 0.3086258 0.923386 0.228259 0.3086246 0.9233898 0.1728121 0.3427645 0.9233896 0.1728122 0.3427646 0.9233897 0.1124005 0.3670395 0.9233894 0.1124171 0.367047 0.9233845 0.04876101 0.3807669 0.9233845 0.04874724 0.3807575 0.9233891 -0.01628959 0.3835202 0.9233888 -0.01628518 0.3835244 0.9233872 -0.08086961 0.3752529 0.923388 -0.08086889 0.3752539 0.9233877 -0.1431328 0.3561849 0.923388 -0.1431296 0.3561912 0.923386 -0.2012711 0.3268756 0.9233863 -0.2012754 0.3268617 0.9233902 -0.253612 0.2881551 0.9233892 -0.2536105 0.2881667 0.923386 -0.2986626 0.2411599 0.9233865 -0.298662 0.2411448 0.9233906 -0.3351185 0.1872066 0.9233902 -0.335121 0.1872183 0.9233868 -0.3619421 0.1278843 0.923387 -0.3619398 0.1278784 0.9233887 -0.3783439 0.06487625 0.9233888 -0.3783479 0.06488281 0.9233868 -0.383869 0 0.9233876 -0.383869 0 0.9233876 -0.3783485 -0.06487703 0.9233869 -0.3783425 -0.06488186 0.923389 -0.3619385 -0.127883 0.9233886 -0.361944 -0.1278799 0.9233868 -0.3351248 -0.1872101 0.9233871 -0.3351136 -0.1872141 0.9233903 -0.2986555 -0.2411542 0.9233903 -0.2986704 -0.2411516 0.923386 -0.2536166 -0.2881604 0.9233862 -0.2536051 -0.2881605 0.9233894 -0.2012665 -0.3268681 0.92339 -0.2012569 -0.3268665 0.9233927 -0.1431133 -0.3561815 0.9233924 -0.1431277 -0.3561866 0.9233881 -0.08088684 -0.3752487 0.9233882 -0.08086514 -0.3752365 0.923395 -0.01628899 -0.3835066 0.9233945 -0.0163064 -0.3835207 0.9233883 0.04875969 -0.3807568 0.9233887 0.04876732 -0.3807482 0.9233919 0.1124159 -0.3670304 0.9233913 0.112399 -0.3670578 0.9233824 0.1728191 -0.3427784 0.9233832 0.1728191 -0.3427783 0.9233832 0.2282636 -0.3086382 0.9233841 0.2282648 -0.3086324 0.9233857 0.2771432 -0.2656136 0.9233856 0.2771434 -0.2656074 0.9233874 0.3180382 -0.2149577 0.9233878 0.3180385 -0.2149604 0.9233869 0.3497923 -0.1581178 0.9233873 0.3497931 -0.1581208 0.9233865 0.3714843 -0.09672635 0.9233869 0.3714858 -0.09672933 0.923386 0.3824891 -0.03255283 0.9233864 0.3824854 -0.03254783 0.9233881 0.3824853 0.03255248 0.923388 0.5219814 0.04442465 0.8517993 0.5069642 0.1319996 0.8518001 0.5069611 0.1320015 0.8518016 0.4773569 0.215781 0.8518033 0.4773566 0.2157812 0.8518035 0.4340233 0.2933491 0.851804 0.4340404 0.2933453 0.8517966 0.3782129 0.3624857 0.8517975 0.3781964 0.3624866 0.8518046 0.3115041 0.4211804 0.8518053 0.3115243 0.4211828 0.8517967 0.2358452 0.4677802 0.8517974 0.2358407 0.4677789 0.8517993 0.1533945 0.5009095 0.851798 0.1533967 0.5009106 0.8517969 0.06654834 0.5196276 0.8517972 0.06654304 0.5196237 0.8518 -0.02224773 0.523396 0.8517991 -0.02223134 0.5234128 0.8517892 -0.1103526 0.5121304 0.8517891 -0.1103641 0.5121138 0.8517976 -0.1953338 0.4860926 0.8517974 -0.195335 0.48609 0.8517986 -0.2746803 0.4460847 0.8517976 -0.2746782 0.4460927 0.8517941 -0.3461104 0.39326 0.8517947 -0.346111 0.393253 0.8517976 -0.4075899 0.3291047 0.8517985 -0.4075907 0.3291158 0.8517938 -0.4573508 0.2554943 0.851794 -0.4573493 0.2554882 0.8517966 -0.4939433 0.1745298 0.8517976 -0.4939403 0.1745229 0.8518009 -0.5163302 0.08853536 0.8518008 -0.5163317 0.08853763 0.8517997 -0.5238703 0 0.8517981 -0.5238703 0 0.851798 -0.5163359 -0.08853262 0.8517976 -0.5163298 -0.08853727 0.8518009 -0.4939388 -0.1745282 0.8518006 -0.4939455 -0.1745247 0.8517975 -0.4573473 -0.2554923 0.8517964 -0.4573533 -0.2554904 0.8517938 -0.4075953 -0.3291091 0.8517941 -0.4075844 -0.3291106 0.8517987 -0.3461074 -0.3932566 0.8517975 -0.3461144 -0.3932569 0.8517945 -0.2746831 -0.4460892 0.8517944 -0.274675 -0.4460875 0.8517978 -0.195315 -0.4860995 0.8517976 -0.1953141 -0.4860991 0.8517981 -0.1103703 -0.512112 0.8517979 -0.1103911 -0.5121246 0.8517877 -0.02224838 -0.5234111 0.8517898 -0.02223062 -0.5233957 0.8517997 0.06654781 -0.5196234 0.8517998 0.06654363 -0.5196285 0.8517971 0.1533949 -0.5009111 0.851797 0.1534122 -0.5008807 0.8518117 0.2358529 -0.4677526 0.8518105 0.2358423 -0.4677819 0.8517972 0.3115118 -0.4211909 0.8517973 0.3115106 -0.4211976 0.8517944 0.3782161 -0.3624887 0.8517948 0.3782162 -0.3624819 0.8517978 0.4340252 -0.2933651 0.8517976 0.4340227 -0.29335 0.851804 0.4773609 -0.2157731 0.8518031 0.477365 -0.215785 0.8517978 0.5069655 -0.1320055 0.8517984 0.5069637 -0.1320022 0.8518 0.5219805 -0.04442983 0.8517994 0.5219761 -0.04442423 0.8518024 0.521976 0.04442948 0.8518023 0.6484498 0.05519461 0.7592538 0.6297965 0.1639847 0.7592532 0.6297999 0.1639826 0.7592508 0.5930221 0.2680761 0.7592496 0.5930343 0.2680711 0.7592419 0.5392081 0.3644274 0.7592413 0.5391921 0.364431 0.7592509 0.4698482 0.4503136 0.7592498 0.4698513 0.4503135 0.759248 0.3869811 0.5232502 0.7592463 0.386996 0.523252 0.7592374 0.293011 0.5811231 0.7592368 0.2929867 0.5811159 0.7592518 0.1905654 0.6222721 0.7592511 0.1905585 0.6222687 0.7592557 0.08267098 0.6455202 0.7592558 0.08267134 0.6455204 0.7592554 -0.02764606 0.6502048 0.7592557 -0.02763825 0.650213 0.7592492 -0.1370947 0.6361944 0.7592508 -0.1370878 0.6362046 0.7592436 -0.2426605 0.6038745 0.7592441 -0.2426623 0.6038705 0.7592466 -0.3412168 0.5541803 0.7592465 -0.3412242 0.5541529 0.7592632 -0.4299665 0.48852 0.7592608 -0.4299648 0.4885376 0.7592505 -0.5063406 0.4088509 0.7592496 -0.5063399 0.4088395 0.7592564 -0.5681519 0.3173847 0.7592564 -0.5681542 0.3173934 0.7592511 -0.61362 0.2168114 0.7592518 -0.6136226 0.2168172 0.759248 -0.641442 0.1099787 0.7592476 -0.6414491 0.1099896 0.75924 -0.6508094 0 0.7592411 -0.6508094 0 0.7592411 -0.6414458 -0.1099836 0.7592437 -0.6414449 -0.1099842 0.7592443 -0.6136338 -0.2168077 0.7592417 -0.6136183 -0.2168157 0.759252 -0.5681571 -0.3173875 0.7592514 -0.5681484 -0.3173903 0.7592567 -0.5063349 -0.4088462 0.7592561 -0.5063463 -0.4088447 0.7592493 -0.4299741 -0.4885287 0.759251 -0.4299563 -0.488528 0.7592614 -0.3412072 -0.5541647 0.7592624 -0.3412349 -0.5541704 0.7592456 -0.242639 -0.6038812 0.7592456 -0.2426398 -0.6038816 0.7592449 -0.1371194 -0.6361961 0.7592449 -0.137112 -0.6361916 0.75925 -0.02762222 -0.6502144 0.7592485 -0.02763891 -0.6502289 0.7592355 0.08265006 -0.645546 0.759236 0.08267134 -0.6455201 0.7592557 0.190564 -0.6222674 0.7592554 0.1905601 -0.6222741 0.7592508 0.2930035 -0.5811083 0.7592509 0.2930062 -0.5811012 0.7592554 0.3869754 -0.5232425 0.7592545 0.386978 -0.5232277 0.7592633 0.4698377 -0.4503035 0.7592623 0.4698377 -0.4503004 0.7592642 0.5391881 -0.3644139 0.7592619 0.5391941 -0.3644505 0.7592401 0.5930299 -0.2680797 0.7592422 0.5930207 -0.2680528 0.759259 0.6297931 -0.1639838 0.7592562 0.6297957 -0.1639885 0.759253 0.6484513 -0.05518347 0.7592534 0.6484609 -0.05519556 0.7592443 0.6484614 0.0551843 0.7592447 0.7588245 0.06457626 0.6480858 0.7369927 0.1918897 0.6480896 0.7369859 0.1918944 0.6480961 0.6939526 0.3136892 0.6480963 0.6939386 0.3136955 0.6481084 0.6309434 0.4264559 0.6481094 0.6309739 0.4264481 0.6480848 0.549825 0.5269527 0.6480844 0.549813 0.5269537 0.6480939 0.4528543 0.6122889 0.6480937 0.45283 0.6122868 0.6481126 0.3428424 0.6800062 0.6481133 0.3428733 0.6800143 0.6480883 0.2230127 0.7281803 0.6480886 0.2229967 0.728173 0.6481023 0.09672117 0.7553859 0.6481027 0.09674328 0.7554008 0.648082 -0.03231954 0.7608845 0.648082 -0.03235077 0.7608545 0.6481157 -0.1604412 0.7444514 0.6481133 -0.1604273 0.7444701 0.6480953 -0.2839634 0.7066374 0.6480959 -0.2839586 0.706647 0.6480875 -0.3992953 0.6484951 0.6480875 -0.3992929 0.6485033 0.6480809 -0.503144 0.5716962 0.6480813 -0.5031477 0.5716671 0.6481041 -0.5925177 0.478421 0.6481019 -0.5925184 0.4784361 0.6480901 -0.6648582 0.3714083 0.648089 -0.664858 0.3714073 0.64809 -0.7180604 0.2537117 0.6480893 -0.7180612 0.2537138 0.6480876 -0.7506082 0.1287041 0.6480915 -0.7506026 0.128695 0.6480998 -0.7615565 0 0.6480985 -0.7615566 0 0.6480985 -0.7506016 -0.1287029 0.6480995 -0.7506049 -0.1287003 0.6480962 -0.7180542 -0.2537095 0.648097 -0.7180631 -0.2537045 0.648089 -0.6648576 -0.3714079 0.6480898 -0.6648586 -0.3714076 0.648089 -0.5925252 -0.478427 0.6480907 -0.5925104 -0.4784296 0.6481024 -0.5031317 -0.5716823 0.6481032 -0.503161 -0.5716823 0.6480804 -0.3992981 -0.6484997 0.6480811 -0.3992897 -0.6484982 0.6480877 -0.283966 -0.7066438 0.6480878 -0.2839227 -0.7066285 0.6481236 -0.1604393 -0.7444429 0.6481235 -0.1604512 -0.7444495 0.6481129 -0.03231841 -0.760857 0.6481143 -0.0323227 -0.7608605 0.64811 0.0967462 -0.7553766 0.6481097 0.09671616 -0.7554109 0.6480744 0.222992 -0.728198 0.6480758 0.2230002 -0.7281846 0.648088 0.3428729 -0.6800146 0.6480883 0.3428731 -0.6800137 0.6480889 0.4528393 -0.6123039 0.64809 0.45284 -0.6123003 0.6480929 0.5498194 -0.5269474 0.6480935 0.5498189 -0.5269595 0.6480841 0.6309687 -0.4264553 0.6480852 0.6309671 -0.4264433 0.6480946 0.6939527 -0.3136892 0.6480963 0.6939572 -0.313704 0.6480843 0.7369934 -0.1918899 0.6480886 0.7369973 -0.1918974 0.6480822 0.7588253 -0.06458753 0.6480839 0.7588163 -0.06457555 0.6480956 0.7588159 0.06458449 0.6480951 0.8504083 0.07238012 0.5211208 0.8259501 0.2150501 0.5211142 0.8259487 0.2150511 0.5211158 0.7777183 0.3515574 0.5211157 0.7777218 0.3515556 0.5211118 0.7071381 0.4779157 0.5211067 0.7070982 0.4779292 0.5211484 0.6161544 0.590556 0.5211501 0.6161841 0.5905513 0.5211202 0.5074995 0.6862062 0.5211194 0.5075244 0.6862065 0.5210946 0.384267 0.7621033 0.5210924 0.3842304 0.7620965 0.5211294 0.2499108 0.8160673 0.521132 0.2499313 0.816075 0.5211103 0.1084111 0.8465757 0.5211109 0.1083962 0.8465672 0.5211279 -0.03623789 0.8527091 0.5211275 -0.03622055 0.8527235 0.5211052 -0.1797849 0.8343412 0.5211067 -0.179808 0.8343141 0.521142 -0.318241 0.7919182 0.5211414 -0.3182366 0.7919256 0.5211328 -0.447492 0.7267536 0.5211335 -0.4474878 0.7267644 0.5211219 -0.5638663 0.6406906 0.5211242 -0.5638661 0.6406915 0.5211232 -0.6640334 0.5361807 0.5211236 -0.6640338 0.5361658 0.5211383 -0.7450923 0.4162355 0.5211386 -0.7450913 0.4162288 0.5211453 -0.8047184 0.2843202 0.5211434 -0.8047221 0.2843318 0.5211313 -0.841201 0.1442342 0.5211311 -0.8412029 0.144238 0.5211269 -0.8534778 0 0.5211291 -0.8534778 0 0.5211291 -0.8412034 -0.1442347 0.521127 -0.8412002 -0.1442376 0.5211312 -0.8047251 -0.2843226 0.5211317 -0.8047149 -0.2843292 0.5211437 -0.7450889 -0.4162335 0.5211451 -0.7450951 -0.4162309 0.5211384 -0.6640266 -0.5361753 0.5211379 -0.6640411 -0.5361717 0.5211231 -0.5638666 -0.6406911 0.5211232 -0.5638657 -0.6406911 0.5211242 -0.4474956 -0.7267594 0.5211223 -0.447484 -0.7267583 0.5211338 -0.3182194 -0.791933 0.5211321 -0.3182421 -0.7919391 0.5211087 -0.1798112 -0.8343351 0.5211073 -0.1798127 -0.8343359 0.5211057 -0.03623849 -0.8527224 0.5211058 -0.03621995 -0.8527095 0.5211282 0.1084098 -0.8465657 0.5211275 0.1084237 -0.8465521 0.5211467 0.2499086 -0.8160599 0.5211449 0.2499007 -0.8160707 0.5211316 0.3842571 -0.7620838 0.5211282 0.3842552 -0.7620877 0.521124 0.5074979 -0.686204 0.5211239 0.5074965 -0.6862084 0.5211193 0.6161807 -0.5905548 0.5211204 0.6161814 -0.5905488 0.5211265 0.7071098 -0.4779339 0.5211284 0.7071089 -0.4779165 0.5211458 0.7777091 -0.3515408 0.5211406 0.7777114 -0.3515509 0.5211304 0.8259419 -0.2150551 0.521125 0.8259392 -0.2150486 0.5211319 0.8504033 -0.07239174 0.5211272 0.8503969 -0.07238167 0.521139 0.8503962 0.07239353 0.5211387 0.9210281 0.07840633 0.3815227 0.8945314 0.2329168 0.3815276 0.8945397 0.2329085 0.3815131 0.8423053 0.3807495 0.3815122 0.8423022 0.3807517 0.3815169 0.7658394 0.5176228 0.3815187 0.765869 0.5176088 0.3814786 0.6673563 0.6396178 0.381477 0.6673458 0.6396207 0.3814902 0.5496718 0.7431874 0.3814885 0.5496435 0.7431904 0.3815234 0.4161509 0.8253818 0.3815273 0.4161739 0.8253834 0.3814991 0.270672 0.8838534 0.3814969 0.2706694 0.8838527 0.3815003 0.1173972 0.9168847 0.3814975 0.1174158 0.9168926 0.3814727 -0.03922915 0.9235472 0.381473 -0.03924781 0.9235351 0.3815003 -0.1947369 0.9036241 0.3814984 -0.1947178 0.9036416 0.3814667 -0.3446602 0.8577248 0.3814677 -0.3446773 0.8577027 0.3815019 -0.4846395 0.7871345 0.381502 -0.4846541 0.7871071 0.3815401 -0.610708 0.6938769 0.381537 -0.6106991 0.6939042 0.3815019 -0.7191913 0.5807057 0.3815034 -0.7191895 0.5807172 0.381489 -0.8069867 0.4508173 0.3814921 -0.8069866 0.4508119 0.3814988 -0.8715719 0.3079313 0.3814981 -0.8715739 0.3079413 0.3814856 -0.911077 0.1562255 0.3814868 -0.9110729 0.1562147 0.3815011 -0.924367 0 0.3815044 -0.924367 0 0.3815045 -0.9110714 -0.1562246 0.3815008 -0.9110789 -0.1562157 0.3814865 -0.8715766 -0.307933 0.3814859 -0.8715688 -0.3079395 0.3814983 -0.8069844 -0.450816 0.3814986 -0.8069891 -0.4508132 0.381492 -0.7191958 -0.5807093 0.3814894 -0.7191849 -0.5807134 0.3815037 -0.6107014 -0.693902 0.381502 -0.6106978 -0.6939027 0.3815065 -0.4846597 -0.7871208 0.3815045 -0.4846625 -0.7871208 0.3815012 -0.344655 -0.857712 0.3815011 -0.3446508 -0.8577113 0.3815063 -0.1947361 -0.9036202 0.3815079 -0.1947437 -0.9036228 0.3814982 -0.03925722 -0.9235346 0.3815005 -0.03924757 -0.9235295 0.3815139 0.1174246 -0.9168745 0.3815136 0.1174145 -0.9168823 0.3814979 0.2706717 -0.8838521 0.3815002 0.2706698 -0.8838542 0.3814968 0.4161561 -0.825392 0.3814997 0.4161686 -0.8253727 0.3815279 0.5496634 -0.7431761 0.3815227 0.5496522 -0.7432023 0.3814877 0.6673524 -0.6396141 0.3814899 0.6673555 -0.6396013 0.3815062 0.765845 -0.5176266 0.3815028 0.7658445 -0.5176326 0.3814954 0.84231 -0.3807516 0.3814997 0.8423089 -0.3807413 0.3815124 0.894537 -0.2329183 0.3815134 0.8945362 -0.2329154 0.3815172 0.9210318 -0.0783835 0.3815185 0.9210421 -0.07840496 0.3814894 0.9210435 0.07838451 0.38149 0.9690611 0.08247101 0.2326357 0.9411844 0.245059 0.2326329 0.9411813 0.2450634 0.2326408 0.8862302 0.4005944 0.2326373 0.886223 0.4006017 0.2326523 0.8057726 0.5446118 0.2326554 0.8057716 0.5446126 0.2326573 0.7021484 0.6729486 0.2326536 0.702138 0.6729538 0.2326706 0.5783018 0.7819396 0.2326748 0.5783279 0.7819319 0.2326355 0.4378588 0.8684248 0.2326331 0.4378532 0.8684254 0.2326412 0.2847995 0.9299284 0.2326427 0.2847818 0.9299273 0.2326683 0.1235346 0.9646783 0.2326694 0.1235161 0.964674 0.2326968 -0.04128581 0.9716731 0.2326949 -0.04127359 0.9716782 0.2326756 -0.2049008 0.9507247 0.2326762 -0.204889 0.9507322 0.2326559 -0.3626084 0.9024335 0.2326565 -0.3626209 0.9024221 0.2326812 -0.5099247 0.8281533 0.2326778 -0.509908 0.8281745 0.2326387 -0.6425559 0.7300689 0.2326398 -0.6425582 0.7300646 0.2326468 -0.7566819 0.6109886 0.2326487 -0.756685 0.6109796 0.2326624 -0.8490631 0.4743008 0.23266 -0.8490598 0.4743212 0.2326301 -0.9170089 0.3239996 0.2326347 -0.9170086 0.3239844 0.2326567 -0.958569 0.1643685 0.2326555 -0.9585691 0.1643692 0.2326545 -0.972561 0 0.2326482 -0.972561 0 0.2326482 -0.9585692 -0.1643685 0.2326545 -0.9585688 -0.1643691 0.2326554 -0.9170041 -0.3239979 0.2326564 -0.9170137 -0.3239862 0.2326344 -0.8490692 -0.4743043 0.2326305 -0.8490535 -0.4743177 0.2326604 -0.7566794 -0.6109865 0.2326623 -0.7566875 -0.6109817 0.2326486 -0.6425548 -0.7300677 0.2326467 -0.6425368 -0.7300746 0.2326746 -0.5099033 -0.8281665 0.2326778 -0.5099298 -0.8281611 0.2326386 -0.3626353 -0.9024272 0.2326387 -0.3626231 -0.9024275 0.2326563 -0.2049018 -0.9507294 0.2326561 -0.204888 -0.9507274 0.2326765 -0.04125666 -0.971679 0.2326753 -0.0413044 -0.9716944 0.2326027 0.1235076 -0.9646971 0.2326058 0.1235466 -0.9646767 0.2326696 0.2847977 -0.9299226 0.2326681 0.2847836 -0.9299333 0.2326424 0.4378579 -0.8684231 0.2326411 0.437854 -0.8684271 0.2326329 0.5783073 -0.7819471 0.232636 0.5783222 -0.7819243 0.2326754 0.7021455 -0.6729459 0.2326704 0.7021409 -0.6729567 0.2326534 0.8057723 -0.5446116 0.2326573 0.8057719 -0.5446128 0.2326554 0.886227 -0.4005929 0.2326521 0.8862262 -0.4006032 0.2326372 0.9411826 -0.2450585 0.2326407 0.9411831 -0.245064 0.2326329 0.9690597 -0.08248502 0.2326359 0.9690557 -0.08247053 0.2326577 0.9690546 0.0824846 0.2326574 0.9933474 0.08455234 0.07817804 0.9647726 0.2512008 0.07818031 0.9647725 0.2512007 0.07818025 0.9084425 0.4106332 0.07818359 0.9084417 0.4106345 0.07818591 0.8259703 0.5582654 0.07818514 0.8259715 0.558264 0.07818216 0.719739 0.6898283 0.07818371 0.7197508 0.6898189 0.07815963 0.5928153 0.8015369 0.07815855 0.5928013 0.8015447 0.07818418 0.4488497 0.8901807 0.07818084 0.4488313 0.8901872 0.0782119 0.2919033 0.9532447 0.07821142 0.2919384 0.9532386 0.07815432 0.1266388 0.9888653 0.07815343 0.1266319 0.9888653 0.07816451 -0.04230272 0.9960425 0.07816439 -0.04232114 0.9960395 0.07819426 -0.2100481 0.9745592 0.07819402 -0.2100384 0.9745626 0.07817763 -0.3716968 0.9250566 0.07817739 -0.3716983 0.9250558 0.07818007 -0.5227218 0.8489109 0.07817977 -0.5227112 0.8489196 0.07815796 -0.6586474 0.7483814 0.07815957 -0.6586603 0.7483667 0.07819086 -0.7756484 0.6263036 0.07818824 -0.7756486 0.6263034 0.07818871 -0.870348 0.4861906 0.07818633 -0.8703479 0.4861908 0.07818591 -0.9399881 0.332129 0.07818371 -0.9399903 0.3321194 0.07819926 -0.9825984 0.16848 0.07819694 -0.9825981 0.1684889 0.07818287 -0.9969391 0 0.07818174 -0.9969391 0 0.07818174 -0.982601 -0.1684753 0.07817476 -0.9825969 -0.1684887 0.078197 -0.939987 -0.3321285 0.0781992 -0.9399913 -0.3321198 0.07818365 -0.8703408 -0.4862034 0.07818579 -0.8703495 -0.4861918 0.07816272 -0.7756621 -0.6262905 0.07815843 -0.7756486 -0.6263034 0.07818824 -0.6586458 -0.7483796 0.07819074 -0.658662 -0.7483686 0.07815939 -0.5227011 -0.8489258 0.0781579 -0.5226884 -0.8489316 0.07818007 -0.3717225 -0.9250461 0.07818025 -0.3717243 -0.9250456 0.07817721 -0.2100198 -0.9745666 0.07817745 -0.2100389 -0.9745649 0.07814681 -0.04233258 -0.9960428 0.0781461 -0.04229098 -0.9960393 0.07821279 0.1266382 -0.9888607 0.07821244 0.1266024 -0.98887 0.07815319 0.2919319 -0.9532406 0.07815438 0.2919382 -0.9532378 0.07816547 0.4488263 -0.8901936 0.0781688 0.4488325 -0.8901894 0.07818073 0.5928141 -0.8015352 0.07818412 0.5928025 -0.8015463 0.07815843 0.7197403 -0.6898297 0.07815974 0.7197493 -0.6898176 0.07818382 0.8259704 -0.5582655 0.07818216 0.8259713 -0.5582638 0.07818514 0.9084423 -0.4106331 0.07818591 0.9084419 -0.4106345 0.07818359 0.9647726 -0.2512008 0.07818025 0.9647725 -0.2512007 0.07818031 0.993348 -0.08454531 0.07817798 0.9933483 -0.08455246 0.0781666 0.993349 0.08454543 0.07816666 -0.9990997 -0.04242563 0 -0.9856173 -0.1689925 0 -0.9856173 -0.1689925 0 -0.9428743 -0.3331487 0 -0.9428743 -0.3331487 0 -0.8730133 -0.4876964 0 -0.8730133 -0.4876964 0 -0.7780421 -0.6282122 0 -0.7780421 -0.6282122 0 -0.6606685 -0.7506779 0 -0.6606685 -0.7506779 0 -0.5243049 -0.8515306 0 -0.5243049 -0.8515306 0 -0.3728637 -0.9278861 0 -0.3728637 -0.9278861 0 -0.2106645 -0.9775584 0 -0.2106645 -0.9775584 0 -0.04246246 -0.9990981 0 -0.04246246 -0.9990981 0 0.1270273 -0.9918992 0 0.1270273 -0.9918992 0 0.2928276 -0.9561653 0 0.2928276 -0.9561653 0 0.4502038 -0.8929259 0 0.4502038 -0.8929259 0 0.5946342 -0.8039963 0 0.5946342 -0.8039963 0 0.7219489 -0.6919464 0 0.7219489 -0.6919464 0 0.8285064 -0.5599796 0 0.8285064 -0.5599796 0 0.9112318 -0.411894 0 0.9112318 -0.411894 0 0.9677345 -0.251972 0 0.9677345 -0.251972 0 0.9963976 -0.08480489 0 0.9963976 -0.08480489 0 0.9963976 0.08480489 0 0.9963976 0.08480489 0 0.9677345 0.251972 0 0.9677345 0.251972 0 0.9112318 0.411894 0 0.9112318 0.411894 0 0.8285064 0.5599796 0 0.8285064 0.5599796 0 0.7219489 0.6919464 0 0.7219489 0.6919464 0 0.5946342 0.8039963 0 0.5946342 0.8039963 0 0.4502277 0.8929138 0 0.4502277 0.8929138 0 0.2928001 0.9561737 0 0.2928001 0.9561737 0 0.1270273 0.9918992 0 0.1270273 0.9918992 0 -0.04243254 0.9990993 0 -0.04243254 0.9990993 0 -0.2106932 0.9775523 0 -0.2106932 0.9775523 0 -0.3728379 0.9278965 0 -0.3728379 0.9278965 0 -0.5243266 0.8515172 0 -0.5243266 0.8515172 0 -0.6606685 0.7506779 0 -0.6606685 0.7506779 0 -0.7780303 0.6282268 0 -0.7780303 0.6282268 0 -0.8730204 0.4876835 0 -0.8730204 0.4876835 0 -0.9428743 0.3331487 0 -0.9428743 0.3331487 0 -0.9856165 0.1689975 0 -0.9856165 0.1689975 0 -0.9990997 0.04242306 0 -0.9999998 0 6.00179e-4 0 0 1 0 0 1 0 0 1 0 0 1 0 0 1 0 0 1 0 0 1 0 0 1 0 0 1 0 0 1 0 0 1 0 0 1 0 0 1 0 0 1 0 0 1 0 0 1 0 0 1 0 0 1 0 0 1 0 0 1 0 0 1 0 0 1 0 0 1 0 0 1 0 0 1 0 0 1 0 0 1 0 0 1 0 0 1 0 0 1 0 0 1 0 0 1 0 0 1 0 0 1 0 0 1 0 0 1 0 0 1 0 0 1 0 0 1 0 0 1 0 0 1 0 0 1 0 0 1 0 0 1 0 0 1 0 0 1 0 0 1 0 0 1 0 0 1 0 0 1 0 0 1 0 0 1 0 0 1 0 0 1 0 0 1 0 0 1 0 0 1 0 0 1 0 0 1 0 0 1 0 0 1 0 0 1 0 0 1 0 0 1 0 0 1 0 0 1 0 0 1 0 0 1 0 0 1 0 0 1 0 0 1 0 0 1 0 0 1 0 0 1 0 0 1 0 0 1 0 0 1 0 0 1 0 0 1 0 0 1 0 0 1 0 0 1 0 0 1 0 0 1 0 0 1 0 0 1 0 0 1 0 0 1 0 0 1 0 0 1 0 0 1 0 0 1 0 0 1 0 0 1 0 0 1 0 0 1 0 0 1 0 0 1 0 0 1 0 0 1 0 0 1 0 0 1 0 0 1 0 0 1 0 0 1 0 0 1 0 0 1 0 0 1 0 0 1 0 0 1 0 0 1 0 0 1 0 0 1 0.07845914 0.006677567 0.996895 0.07620209 0.01984179 0.996895 0.07620257 0.01984155 0.996895 0.07175326 0.03243428 0.9968949 0.0717523 0.03243452 0.996895 0.06523889 0.04409408 0.996895 0.06523865 0.04409408 0.996895 0.05684852 0.05448496 0.996895 0.056849 0.05448502 0.996895 0.0468232 0.06330901 0.996895 0.04682362 0.06330913 0.996895 0.03545081 0.07031166 0.9968949 0.03544938 0.070311 0.996895 0.02305752 0.0752905 0.996895 0.02305835 0.07529109 0.996895 0.01000171 0.07810491 0.996895 0.01000154 0.07810479 0.996895 -0.00334233 0.07867163 0.996895 -0.003341913 0.07867217 0.996895 -0.01658898 0.07697588 0.9968949 -0.01658928 0.07697516 0.996895 -0.02935993 0.07306426 0.996895 -0.02935987 0.07306438 0.996895 -0.04128551 0.06705164 0.996895 -0.04128545 0.06705176 0.996895 -0.05202323 0.05911016 0.996895 -0.05202317 0.05910962 0.996895 -0.06126457 0.04946744 0.996895 -0.06126469 0.04946815 0.996895 -0.06874376 0.03840249 0.996895 -0.06874382 0.03840261 0.996895 -0.07424503 0.0262323 0.996895 -0.07424509 0.02623248 0.996895 -0.07761037 0.0133078 0.9968949 -0.07761025 0.01330763 0.996895 -0.07874298 0 0.996895 -0.07874298 0 0.996895 -0.07761025 -0.01330763 0.996895 -0.07761025 -0.01330763 0.996895 -0.07424485 -0.02623224 0.996895 -0.07424467 -0.0262323 0.996895 -0.06874328 -0.03840261 0.996895 -0.06874376 -0.03840255 0.996895 -0.06126499 -0.0494678 0.996895 -0.06126505 -0.0494678 0.996895 -0.05202382 -0.05911004 0.996895 -0.05202251 -0.05910974 0.996895 -0.04128462 -0.06705141 0.9968951 -0.04128545 -0.0670517 0.996895 -0.0293594 -0.07306462 0.996895 -0.02936017 -0.0730651 0.9968949 -0.01659035 -0.07697582 0.9968949 -0.01658922 -0.07697486 0.996895 -0.003341615 -0.07867127 0.9968951 -0.003341913 -0.07867163 0.996895 0.01000165 -0.07810479 0.9968951 0.01000159 -0.07810497 0.996895 0.02305775 -0.07529127 0.996895 0.02305769 -0.07529145 0.996895 0.0354501 -0.0703116 0.996895 0.03545022 -0.07031106 0.996895 0.0468229 -0.06330865 0.996895 0.0468229 -0.06330823 0.996895 0.05684864 -0.05448442 0.9968951 0.05684882 -0.05448561 0.996895 0.06523895 -0.04409456 0.996895 0.06523859 -0.04409354 0.996895 0.07175236 -0.03243356 0.996895 0.07175308 -0.03243488 0.9968949 0.07620245 -0.01984202 0.9968949 0.07620191 -0.01984137 0.996895 0.07845902 -0.006677806 0.996895 0.07845878 -0.006677627 0.996895 0.07845878 0.006677806 0.996895 0.2333934 0.01986473 0.9721794 0.2266789 0.059022 0.9721795 0.2266765 0.0590229 0.97218 0.2134418 0.09648132 0.97218 0.2134422 0.09648126 0.9721798 0.1940663 0.1311662 0.9721799 0.1940655 0.1311662 0.9721801 0.169107 0.1620766 0.97218 0.1691076 0.1620767 0.9721799 0.139284 0.1883246 0.9721799 0.1392847 0.1883249 0.9721797 0.1054537 0.2091554 0.9721797 0.1054558 0.2091565 0.9721793 0.06859034 0.2239701 0.9721794 0.06859022 0.2239701 0.9721794 0.0297532 0.2323403 0.9721794 0.02975213 0.232339 0.9721797 -0.009940803 0.2340251 0.9721797 -0.009942412 0.2340227 0.9721804 -0.04934912 0.2289764 0.9721802 -0.04934734 0.2289808 0.9721794 -0.08733594 0.2173469 0.9721794 -0.08733665 0.2173436 0.9721801 -0.1228113 0.1994578 0.9721801 -0.1228113 0.1994575 0.9721801 -0.1547533 0.1758334 0.97218 -0.1547535 0.175835 0.9721797 -0.1822443 0.1471516 0.9721797 -0.1822441 0.1471512 0.9721798 -0.2044916 0.1142355 0.9721797 -0.2044917 0.1142357 0.9721797 -0.220856 0.07803398 0.9721797 -0.2208552 0.07803285 0.97218 -0.2308661 0.03958606 0.9721799 -0.2308667 0.0395866 0.9721798 -0.2342359 0 0.9721797 -0.2342359 0 0.9721797 -0.2308667 -0.03958618 0.9721797 -0.2308666 -0.03958624 0.9721798 -0.220856 -0.07803332 0.9721797 -0.2208564 -0.07803326 0.9721797 -0.2044914 -0.1142364 0.9721797 -0.2044911 -0.1142365 0.9721798 -0.182244 -0.1471514 0.9721798 -0.1822444 -0.1471514 0.9721797 -0.1547542 -0.1758344 0.9721797 -0.1547552 -0.1758346 0.9721795 -0.1228124 -0.1994596 0.9721795 -0.1228098 -0.1994585 0.9721801 -0.08733648 -0.2173437 0.9721801 -0.08733403 -0.217342 0.9721807 -0.04934537 -0.2289758 0.9721807 -0.04935163 -0.2289816 0.9721789 -0.00994277 -0.2340282 0.9721789 -0.009940445 -0.2340251 0.9721798 0.02975124 -0.2323392 0.9721798 0.02975195 -0.2323377 0.97218 0.06858956 -0.2239675 0.97218 0.0685895 -0.2239676 0.97218 0.1054534 -0.2091549 0.9721799 0.1054533 -0.2091556 0.9721798 0.1392844 -0.1883251 0.9721798 0.1392843 -0.1883244 0.9721799 0.1691083 -0.1620762 0.9721798 0.1691082 -0.1620753 0.97218 0.1940651 -0.1311666 0.9721801 0.1940655 -0.1311676 0.9721799 0.2134425 -0.09648084 0.9721798 0.2134422 -0.0964803 0.97218 0.226677 -0.05902147 0.97218 0.2266793 -0.05902415 0.9721793 0.2333935 -0.01986539 0.9721794 0.2333926 -0.01986467 0.9721797 0.2333926 0.01986515 0.9721797 0.3824837 0.03255498 0.9233886 0.3714799 0.09672701 0.9233887 0.3714834 0.09672582 0.9233873 0.3497935 0.1581148 0.9233874 0.3497917 0.1581151 0.923388 0.3180381 0.2149563 0.9233881 0.3180376 0.2149563 0.9233883 0.2771349 0.2656132 0.9233883 0.2771346 0.2656131 0.9233884 0.2282603 0.3086283 0.9233882 0.2282599 0.3086282 0.9233884 0.1728178 0.3427656 0.9233882 0.1728187 0.342766 0.9233878 0.1124062 0.3670417 0.9233879 0.1124055 0.3670412 0.9233882 0.04875785 0.3807588 0.9233881 0.04875981 0.380761 0.9233869 -0.01629084 0.3835245 0.923387 -0.01629114 0.383524 0.9233872 -0.08087462 0.3752536 0.9233872 -0.0808748 0.3752532 0.9233874 -0.1431272 0.3561884 0.9233875 -0.1431269 0.3561899 0.9233869 -0.201266 0.3268767 0.9233871 -0.201266 0.3268762 0.9233872 -0.2536125 0.2881611 0.9233872 -0.2536121 0.2881584 0.9233882 -0.298663 0.2411531 0.9233881 -0.298663 0.2411529 0.9233882 -0.3351213 0.1872099 0.9233884 -0.335121 0.1872093 0.9233887 -0.3619397 0.1278796 0.9233885 -0.3619427 0.1278834 0.9233869 -0.3783485 0.06487542 0.923387 -0.3783473 0.06487429 0.9233877 -0.3838689 0 0.9233876 -0.383869 0 0.9233875 -0.3783473 -0.06487476 0.9233877 -0.3783479 -0.06487447 0.9233873 -0.3619417 -0.1278812 0.9233876 -0.3619405 -0.1278816 0.923388 -0.3351233 -0.1872094 0.9233878 -0.3351189 -0.1872098 0.9233893 -0.2986598 -0.2411527 0.9233893 -0.2986631 -0.241153 0.9233881 -0.253611 -0.2881595 0.9233881 -0.2536137 -0.2881602 0.9233871 -0.2012658 -0.3268764 0.9233872 -0.2012662 -0.3268766 0.9233871 -0.1431276 -0.3561896 0.9233869 -0.1431306 -0.3561915 0.9233857 -0.08087545 -0.3752574 0.9233857 -0.08086818 -0.3752502 0.9233891 -0.0162906 -0.3835197 0.923389 -0.01629418 -0.3835246 0.9233869 0.04875814 -0.3807612 0.9233871 0.04875713 -0.3807633 0.9233862 0.1124047 -0.3670456 0.9233866 0.1124057 -0.3670419 0.9233879 0.1728182 -0.3427662 0.923388 0.1728183 -0.3427652 0.9233882 0.228262 -0.3086269 0.9233883 0.2282622 -0.3086313 0.9233867 0.2771369 -0.2656151 0.9233871 0.2771361 -0.2656117 0.9233883 0.3180378 -0.2149561 0.9233883 0.3180391 -0.2149593 0.9233871 0.3497938 -0.158115 0.9233872 0.3497936 -0.1581146 0.9233874 0.3714827 -0.09672778 0.9233874 0.3714802 -0.09672498 0.9233887 0.3824838 -0.0325542 0.9233886 0.3824853 -0.0325554 0.9233879 0.3824853 0.03255409 0.9233879 0.5219814 0.04442691 0.8517991 0.5069646 0.1320048 0.8517991 0.5069643 0.1320049 0.8517992 0.4773638 0.2157816 0.8517993 0.4773673 0.2157812 0.8517975 0.4340325 0.2933543 0.8517976 0.4340316 0.2933543 0.851798 0.3782126 0.3624858 0.8517976 0.3782089 0.3624852 0.8517996 0.3115088 0.4211877 0.8517999 0.3115087 0.4211877 0.8518 0.2358457 0.4677743 0.8518005 0.2358456 0.4677742 0.8518006 0.1534005 0.5009034 0.8518005 0.1534014 0.5009042 0.8517999 0.06653958 0.5196238 0.8518002 0.0665403 0.5196246 0.8517997 -0.02223235 0.5233955 0.8517998 -0.02223211 0.523396 0.8517996 -0.1103711 0.5121092 0.8517995 -0.1103702 0.5121114 0.8517982 -0.1953265 0.486094 0.8517982 -0.1953267 0.4860928 0.8517988 -0.2746686 0.4460895 0.851799 -0.2746685 0.44609 0.8517987 -0.346107 0.3932545 0.8517985 -0.3461073 0.3932561 0.8517978 -0.4075911 0.3291046 0.8517979 -0.4075918 0.3291068 0.8517967 -0.4573464 0.2554924 0.8517969 -0.4573437 0.2554874 0.8517998 -0.493944 0.174519 0.8517996 -0.4939441 0.174519 0.8517994 -0.5163328 0.0885356 0.8517991 -0.5163328 0.0885356 0.8517991 -0.5238676 0 0.8517997 -0.5238676 0 0.8517997 -0.5163319 -0.08853602 0.8517997 -0.5163339 -0.08853513 0.8517986 -0.4939458 -0.1745196 0.8517984 -0.4939435 -0.1745201 0.8517996 -0.4573431 -0.2554887 0.8517997 -0.457349 -0.2554883 0.8517968 -0.4075914 -0.3291075 0.8517966 -0.4075886 -0.3291072 0.8517981 -0.3461079 -0.3932555 0.8517978 -0.3461063 -0.3932551 0.8517985 -0.2746688 -0.4460898 0.8517987 -0.2746683 -0.4460896 0.8517989 -0.195329 -0.4860917 0.8517989 -0.1953251 -0.4860891 0.8518013 -0.1103672 -0.5121068 0.8518015 -0.1103698 -0.5121094 0.8517996 -0.02223235 -0.5233959 0.8517995 -0.02223211 -0.5233955 0.8517997 0.0665397 -0.5196247 0.8517997 0.06654018 -0.5196237 0.8518003 0.1534008 -0.5009043 0.8517999 0.1533994 -0.5009094 0.8517972 0.2358478 -0.4677785 0.8517975 0.2358478 -0.4677786 0.8517975 0.3115114 -0.4211912 0.8517973 0.3115112 -0.4211859 0.8518 0.3782104 -0.3624837 0.8517995 0.3782113 -0.3624874 0.8517975 0.4340307 -0.2933554 0.851798 0.4340298 -0.2933531 0.8517994 0.477365 -0.2157806 0.8517989 0.4773645 -0.2157799 0.8517994 0.5069646 -0.1320039 0.8517992 0.5069659 -0.1320053 0.8517982 0.5219818 -0.04442751 0.8517988 0.5219814 -0.04442721 0.851799 0.5219814 0.04442691 0.851799 0.6484563 0.05519145 0.7592486 0.6298014 0.1639899 0.759248 0.6298022 0.1639896 0.7592474 0.5930303 0.2680636 0.7592477 0.5930261 0.2680643 0.7592507 0.5391921 0.364431 0.7592508 0.5391942 0.364431 0.7592495 0.4698486 0.4503135 0.7592497 0.4698511 0.4503139 0.7592478 0.386987 0.5232436 0.7592477 0.3869897 0.5232446 0.7592458 0.292993 0.581121 0.7592454 0.2929939 0.5811215 0.7592446 0.1905753 0.6222767 0.759245 0.1905694 0.6222718 0.7592503 0.08265906 0.6455283 0.7592501 0.08266258 0.6455323 0.7592462 -0.02761816 0.6502169 0.7592464 -0.0276193 0.6502152 0.759248 -0.1371122 0.6361942 0.7592478 -0.1371135 0.6361909 0.7592503 -0.2426544 0.6038695 0.75925 -0.2426536 0.6038733 0.7592472 -0.3412193 0.5541771 0.7592477 -0.3412194 0.5541749 0.7592494 -0.4299672 0.4885367 0.7592498 -0.4299674 0.4885386 0.7592483 -0.5063469 0.4088461 0.7592481 -0.5063459 0.408843 0.7592505 -0.5681564 0.3173924 0.7592499 -0.5681585 0.3173966 0.7592467 -0.6136277 0.2168076 0.7592467 -0.6136255 0.2168045 0.7592492 -0.6414381 0.1099871 0.7592496 -0.6414384 0.1099874 0.7592493 -0.6508004 0 0.7592489 -0.6508004 0 0.7592489 -0.6414395 -0.1099867 0.7592486 -0.6414368 -0.1099879 0.7592507 -0.6136227 -0.2168071 0.7592509 -0.6136286 -0.2168056 0.7592465 -0.5681596 -0.3173942 0.7592467 -0.5681587 -0.3173943 0.7592474 -0.5063478 -0.4088468 0.7592471 -0.5063464 -0.4088467 0.7592481 -0.4299682 -0.4885379 0.7592483 -0.4299663 -0.4885374 0.7592498 -0.3412184 -0.5541756 0.7592493 -0.3412205 -0.5541765 0.7592477 -0.2426555 -0.6038724 0.7592473 -0.2426581 -0.6038741 0.7592451 -0.1371129 -0.6361972 0.7592452 -0.13711 -0.6361944 0.7592479 -0.02761811 -0.6502153 0.7592479 -0.02761936 -0.6502169 0.7592464 0.0826596 -0.6455326 0.7592464 0.08266198 -0.6455278 0.7592502 0.1905698 -0.6222718 0.7592503 0.1905696 -0.6222726 0.7592498 0.2929909 -0.5811169 0.7592492 0.2929911 -0.5811159 0.7592501 0.3869882 -0.5232398 0.7592499 0.3869883 -0.5232426 0.7592478 0.4698501 -0.4503149 0.7592479 0.4698495 -0.4503124 0.7592497 0.5391935 -0.3644319 0.7592495 0.5391943 -0.364434 0.7592478 0.5930294 -0.2680631 0.7592484 0.59303 -0.2680641 0.7592477 0.6298021 -0.16399 0.7592474 0.6298002 -0.1639879 0.7592495 0.6484556 -0.05519253 0.759249 0.6484551 -0.05519205 0.7592496 0.6484551 0.05519211 0.7592496 0.7588235 0.06458598 0.6480861 0.7369939 0.1918953 0.6480866 0.7369854 0.1918988 0.6480953 0.6939556 0.3136874 0.6480939 0.6939604 0.3136863 0.6480894 0.6309616 0.4264585 0.64809 0.6309644 0.4264584 0.6480873 0.5498169 0.5269569 0.6480878 0.5498169 0.5269569 0.6480878 0.4528547 0.612295 0.6480875 0.4528473 0.6122928 0.6480948 0.3428555 0.680017 0.6480949 0.3428547 0.6800166 0.6480956 0.2230033 0.7281768 0.6480957 0.223009 0.7281809 0.6480891 0.09673196 0.7553954 0.6480901 0.09672671 0.75539 0.6480972 -0.03232455 0.7608715 0.648097 -0.03231865 0.76088 0.6480873 -0.1604424 0.7444736 0.6480875 -0.1604466 0.7444645 0.6480969 -0.2839561 0.7066396 0.6480968 -0.283954 0.7066475 0.6480892 -0.399291 0.6484957 0.6480894 -0.3992913 0.6484924 0.6480926 -0.5031466 0.5716814 0.6480925 -0.5031468 0.5716847 0.6480894 -0.592523 0.4784307 0.64809 -0.5925222 0.4784278 0.6480928 -0.6648543 0.3714095 0.6480924 -0.6648555 0.371412 0.6480898 -0.7180615 0.2537072 0.6480898 -0.7180606 0.2537059 0.6480913 -0.7506085 0.1287077 0.6480904 -0.7506073 0.1287064 0.6480922 -0.7615616 0 0.6480925 -0.7615617 0 0.6480925 -0.7506071 -0.1287075 0.6480921 -0.7506099 -0.128706 0.6480891 -0.7180622 -0.2537074 0.6480888 -0.7180612 -0.2537077 0.6480898 -0.6648561 -0.3714105 0.6480899 -0.6648535 -0.3714109 0.6480925 -0.5925228 -0.478427 0.6480928 -0.5925211 -0.4784269 0.6480943 -0.5031429 -0.5716823 0.6480946 -0.503145 -0.5716828 0.6480925 -0.3992928 -0.6484914 0.6480926 -0.3992901 -0.6484904 0.6480954 -0.2839525 -0.7066419 0.6480958 -0.2839515 -0.7066413 0.648097 -0.1604449 -0.7444649 0.6480968 -0.1604471 -0.7444667 0.6480942 -0.03232026 -0.7608739 0.6480944 -0.03231829 -0.7608714 0.6480973 0.09673339 -0.7553893 0.6480969 0.09672784 -0.7553991 0.6480864 0.2230037 -0.7281854 0.648086 0.2230048 -0.7281823 0.6480889 0.3428576 -0.6800212 0.6480893 0.3428574 -0.680022 0.6480886 0.452851 -0.6122961 0.6480891 0.4528511 -0.6122918 0.6480931 0.5498139 -0.526954 0.6480927 0.5498139 -0.5269541 0.6480927 0.6309621 -0.4264559 0.6480912 0.6309624 -0.4264571 0.6480901 0.6939583 -0.3136906 0.6480896 0.6939545 -0.3136836 0.648097 0.7369858 -0.191892 0.6480967 0.7369927 -0.1919007 0.6480864 0.7588232 -0.06458818 0.6480861 0.7588209 -0.0645861 0.6480891 0.7588208 0.06458759 0.648089 0.8504029 0.07238268 0.5211293 0.8259394 0.215057 0.5211282 0.8259426 0.2150554 0.5211237 0.7777155 0.3515501 0.521125 0.7777165 0.3515497 0.5211236 0.707118 0.4779267 0.5211239 0.707112 0.4779276 0.5211313 0.6161729 0.5905533 0.5211313 0.6161722 0.5905534 0.5211321 0.507506 0.6861914 0.5211325 0.5075091 0.686192 0.5211287 0.3842364 0.762094 0.5211287 0.384238 0.7620947 0.5211267 0.2499206 0.8160682 0.521126 0.2499198 0.8160678 0.5211272 0.1084061 0.846567 0.5211261 0.108407 0.8465678 0.5211247 -0.036224 0.8527117 0.5211244 -0.03622615 0.8527091 0.5211285 -0.1798107 0.8343221 0.5211284 -0.1798071 0.8343285 0.5211194 -0.3182249 0.7919389 0.5211197 -0.3182286 0.7919287 0.521133 -0.4474818 0.7267607 0.5211324 -0.4474815 0.7267625 0.5211301 -0.5638723 0.6406806 0.5211299 -0.5638723 0.6406789 0.5211321 -0.6640374 0.5361679 0.521132 -0.6640386 0.5361758 0.5211222 -0.7450995 0.4162411 0.5211238 -0.7450978 0.4162362 0.5211303 -0.8047252 0.2843246 0.5211305 -0.804727 0.2843281 0.5211256 -0.8412026 0.1442411 0.5211265 -0.8412033 0.1442421 0.5211248 -0.85348 0 0.5211257 -0.85348 0 0.5211256 -0.8412026 -0.1442411 0.5211264 -0.8412015 -0.1442418 0.5211281 -0.8047257 -0.2843264 0.5211287 -0.8047243 -0.284327 0.5211306 -0.7450972 -0.4162372 0.5211303 -0.745099 -0.4162368 0.521128 -0.6640392 -0.5361694 0.5211279 -0.6640359 -0.5361696 0.5211321 -0.5638662 -0.6406844 0.5211317 -0.563873 -0.6406853 0.5211234 -0.4474883 -0.7267636 0.5211228 -0.4474867 -0.7267631 0.5211247 -0.3182259 -0.7919353 0.5211245 -0.3182265 -0.7919356 0.5211237 -0.1798113 -0.8343247 0.521124 -0.1798112 -0.8343247 0.521124 -0.036224 -0.8527119 0.521124 -0.0362212 -0.852709 0.521129 0.1084083 -0.846565 0.5211291 0.1084089 -0.8465639 0.5211306 0.2499175 -0.8160657 0.5211315 0.249917 -0.8160666 0.5211302 0.3842378 -0.7620921 0.5211306 0.3842374 -0.7620935 0.5211287 0.5075073 -0.6861932 0.5211287 0.5075071 -0.686196 0.5211253 0.6161752 -0.5905556 0.521126 0.6161752 -0.5905563 0.5211251 0.7071169 -0.477926 0.5211262 0.7071173 -0.4779279 0.5211238 0.7777162 -0.3515504 0.5211237 0.777717 -0.3515521 0.5211213 0.8259429 -0.2150592 0.5211216 0.8259389 -0.2150531 0.5211305 0.8504025 -0.07238131 0.52113 0.8504043 -0.07238322 0.5211268 0.8504045 0.07238149 0.5211269 0.9210348 0.07839316 0.3815093 0.8945378 0.2329217 0.3815096 0.894541 0.2329195 0.3815034 0.842311 0.3807463 0.3815029 0.8423079 0.3807477 0.3815082 0.765847 0.51762 0.3815073 0.7658465 0.5176202 0.3815081 0.6673512 0.6396054 0.3815066 0.6673527 0.6396053 0.3815041 0.5496599 0.7431878 0.3815049 0.5496604 0.7431877 0.3815041 0.4161549 0.8253907 0.3815041 0.4161489 0.8253892 0.3815137 0.2706693 0.8838469 0.3815137 0.2706792 0.8838512 0.3814969 0.1174142 0.9168828 0.3814966 0.11741 0.9168802 0.3815044 -0.03922939 0.9235345 0.3815039 -0.03923249 0.9235315 0.3815106 -0.1947445 0.9036174 0.3815105 -0.194745 0.9036168 0.3815116 -0.3446578 0.8577061 0.3815119 -0.3446546 0.8577122 0.3815011 -0.4846521 0.787127 0.3815016 -0.4846516 0.7871287 0.3814988 -0.6107062 0.6938993 0.3814994 -0.6107069 0.6938947 0.3815066 -0.7191905 0.5807051 0.3815059 -0.7191904 0.5807004 0.3815131 -0.8069832 0.4508071 0.3815116 -0.8069842 0.4508123 0.3815033 -0.8715654 0.3079432 0.3815034 -0.8715641 0.30794 0.3815086 -0.9110687 0.1562197 0.381509 -0.9110697 0.1562212 0.3815062 -0.924367 0 0.3815045 -0.924367 0 0.3815044 -0.9110707 -0.1562191 0.3815045 -0.9110686 -0.156221 0.381509 -0.8715628 -0.3079441 0.3815085 -0.8715656 -0.3079424 0.3815034 -0.8069862 -0.4508088 0.3815034 -0.8069843 -0.4508094 0.3815066 -0.7191903 -0.5807049 0.3815065 -0.7191948 -0.580704 0.3814992 -0.6107063 -0.6938995 0.3814987 -0.6107009 -0.6938996 0.3815073 -0.4846508 -0.7871248 0.3815077 -0.4846547 -0.7871254 0.3815015 -0.3446594 -0.8577101 0.3815013 -0.3446559 -0.857709 0.3815072 -0.1947448 -0.9036189 0.3815065 -0.1947454 -0.9036193 0.3815054 -0.03923183 -0.9235337 0.3815054 -0.03923267 -0.9235343 0.3815038 0.1174089 -0.9168803 0.3815044 0.1174122 -0.9168767 0.3815121 0.2706786 -0.8838449 0.3815118 0.270676 -0.8838492 0.3815039 0.4161548 -0.8253906 0.3815043 0.4161536 -0.8253934 0.3814994 0.5496595 -0.7431906 0.3815 0.5496602 -0.7431875 0.3815049 0.6673495 -0.6396086 0.3815043 0.6673499 -0.6396025 0.3815138 0.7658463 -0.5176162 0.3815138 0.7658469 -0.5176204 0.3815073 0.8423082 -0.3807473 0.3815082 0.8423084 -0.3807479 0.381507 0.8945395 -0.2329209 0.381506 0.8945393 -0.2329203 0.381507 0.9210356 -0.07838916 0.3815084 0.9210386 -0.07839345 0.3815001 0.921039 0.07838904 0.3815002 0.9690579 0.0824759 0.2326464 0.9411799 0.2450627 0.232647 0.9411771 0.2450658 0.2326551 0.8862249 0.4005962 0.2326545 0.8862247 0.4005964 0.2326551 0.8057721 0.5446122 0.2326558 0.8057785 0.5446089 0.2326418 0.7021499 0.6729511 0.2326422 0.702145 0.6729527 0.2326522 0.5783173 0.781935 0.2326515 0.5783174 0.781935 0.2326514 0.4378488 0.8684251 0.2326507 0.4378525 0.8684251 0.2326437 0.2847878 0.9299318 0.2326431 0.284782 0.9299307 0.2326546 0.1235364 0.9646815 0.2326552 0.1235351 0.9646809 0.232658 -0.04127848 0.9716821 0.2326583 -0.04127466 0.9716844 0.2326496 -0.2049024 0.9507309 0.2326497 -0.2048989 0.9507338 0.2326409 -0.3626214 0.9024323 0.2326408 -0.3626275 0.9024251 0.2326593 -0.5099197 0.8281617 0.2326586 -0.509919 0.828163 0.2326558 -0.6425463 0.7300727 0.2326545 -0.6425452 0.7300756 0.2326485 -0.7566884 0.6109806 0.2326485 -0.7566881 0.6109822 0.2326452 -0.8490597 0.4743137 0.2326463 -0.8490597 0.4743124 0.2326487 -0.917005 0.3239995 0.2326505 -0.9170047 0.3239979 0.2326537 -0.958571 0.1643609 0.2326526 -0.9585723 0.1643651 0.232644 -0.9725615 0 0.2326454 -0.9725617 0 0.2326455 -0.9585729 -0.1643612 0.2326441 -0.9585708 -0.1643639 0.2326506 -0.9170057 -0.323998 0.2326499 -0.917004 -0.3239995 0.2326543 -0.8490567 -0.4743149 0.2326543 -0.8490602 -0.4743127 0.2326462 -0.756689 -0.6109811 0.2326453 -0.7566875 -0.6109817 0.2326485 -0.6425443 -0.7300763 0.2326485 -0.6425456 -0.730076 0.2326459 -0.5099231 -0.8281632 0.2326461 -0.5099192 -0.8281634 0.2326537 -0.3626246 -0.9024276 0.2326539 -0.3626287 -0.902428 0.2326459 -0.2049 -0.9507322 0.2326465 -0.2048984 -0.9507317 0.2326498 -0.04127854 -0.9716842 0.2326497 -0.04127722 -0.9716836 0.2326526 0.123534 -0.9646825 0.2326523 0.1235304 -0.964685 0.2326437 0.2847855 -0.9299324 0.2326436 0.2847912 -0.9299265 0.2326596 0.437852 -0.8684212 0.2326591 0.4378511 -0.8684225 0.2326559 0.5783166 -0.7819342 0.2326561 0.5783156 -0.7819362 0.2326515 0.7021457 -0.672952 0.2326521 0.7021444 -0.672957 0.232642 0.8057765 -0.5446118 0.2326419 0.8057773 -0.5446045 0.232656 0.886224 -0.4005981 0.2326552 0.8862239 -0.4005984 0.2326544 0.9411784 -0.245061 0.2326549 0.9411793 -0.245065 0.232647 0.9690576 -0.08248007 0.2326465 0.9690559 -0.08247619 0.2326548 0.9690557 0.08247947 0.2326548 0.9933478 0.0845471 0.07817792 0.9647715 0.2512055 0.07817816 0.9647715 0.2512055 0.07817816 0.9084399 0.4106397 0.07817953 0.9084408 0.4106383 0.0781759 0.8259733 0.5582622 0.07817608 0.8259711 0.5582645 0.07818311 0.719744 0.689823 0.07818472 0.7197496 0.6898189 0.07816898 0.592815 0.801536 0.07816922 0.5928143 0.8015363 0.07817071 0.4488283 0.8901923 0.07817077 0.4488242 0.8901935 0.07818049 0.2919243 0.9532406 0.07818233 0.291926 0.9532404 0.07817846 0.1266277 0.9888648 0.07817828 0.1266334 0.9888651 0.07816547 -0.04231083 0.9960421 0.07816529 -0.04231327 0.9960416 0.07817101 -0.2100351 0.9745638 0.07817143 -0.2100386 0.9745623 0.07817983 -0.3717145 0.9250493 0.07818049 -0.3717105 0.9250518 0.07816994 -0.5227025 0.8489238 0.07817059 -0.5227031 0.8489232 0.07817226 -0.6586537 0.7483744 0.07817351 -0.6586537 0.7483743 0.07817357 -0.7756538 0.6262986 0.07817399 -0.7756556 0.6262955 0.0781821 -0.8703406 0.4862046 0.07818144 -0.8703414 0.4862024 0.07818675 -0.9399922 0.3321171 0.0781846 -0.9399916 0.3321213 0.07817506 -0.9825994 0.1684844 0.07817602 -0.9825994 0.1684809 0.07818382 -0.9969391 0 0.07818269 -0.996939 0 0.07818269 -0.9825989 -0.1684834 0.07818382 -0.9825998 -0.168481 0.07817804 -0.9399921 -0.3321189 0.07817912 -0.9399917 -0.3321194 0.07818055 -0.8703407 -0.4862046 0.07818084 -0.8703405 -0.4862048 0.07818144 -0.7756555 -0.6262956 0.0781821 -0.7756556 -0.6262954 0.07818156 -0.6586503 -0.7483764 0.07818263 -0.6586503 -0.7483764 0.07818257 -0.522704 -0.8489218 0.07818257 -0.5227047 -0.8489215 0.0781809 -0.3717167 -0.9250483 0.07818114 -0.3717146 -0.9250488 0.07818609 -0.2100324 -0.9745632 0.07818567 -0.210036 -0.974563 0.07817727 -0.04231339 -0.9960411 0.07817709 -0.04231327 -0.9960411 0.07817739 0.1266329 -0.9888642 0.07817745 0.1266307 -0.9888649 0.07817232 0.2919245 -0.9532414 0.07817274 0.2919238 -0.9532418 0.07817077 0.4488284 -0.8901924 0.07816964 0.4488288 -0.8901921 0.07817077 0.5928115 -0.8015385 0.07817071 0.592814 -0.8015358 0.07817888 0.719747 -0.6898208 0.07817733 0.7197467 -0.6898211 0.07817637 0.8259732 -0.5582622 0.07817631 0.8259732 -0.5582623 0.07817608 0.9084401 -0.4106397 0.0781759 0.90844 -0.4106403 0.07817453 0.9647717 -0.2512056 0.07817512 0.9647718 -0.2512042 0.07817816 0.9933478 -0.08454829 0.07817792 0.9933477 -0.08454751 0.07817959 0.9933477 0.08454781 0.07817959 -0.999099 -0.04243952 0 -0.9856159 -0.1690008 0 -0.9856159 -0.1690008 0 -0.9428779 -0.3331385 0 -0.9428779 -0.3331385 0 -0.8730128 -0.4876974 0 -0.8730128 -0.4876974 0 -0.778037 -0.6282185 0 -0.778037 -0.6282185 0 -0.6606726 -0.7506742 0 -0.6606726 -0.7506742 0 -0.5243088 -0.8515282 0 -0.5243088 -0.8515282 0 -0.372858 -0.9278885 0 -0.372858 -0.9278885 0 -0.2106773 -0.9775557 0 -0.2106773 -0.9775557 0 -0.04244327 -0.999099 0 -0.04244327 -0.999099 0 0.1270216 -0.9918999 0 0.1270216 -0.9918999 0 0.2928206 -0.9561674 0 0.2928206 -0.9561674 0 0.450206 -0.8929247 0 0.450206 -0.8929247 0 0.5946311 -0.8039987 0 0.5946311 -0.8039987 0 0.7219565 -0.6919385 0 0.7219565 -0.6919385 0 0.8285088 -0.559976 0 0.8285088 -0.559976 0 0.9112288 -0.4119003 0 0.9112288 -0.4119003 0 0.9677333 -0.2519767 0 0.9677333 -0.2519767 0 0.9963973 -0.08480781 0 0.9963973 -0.08480781 0 0.9963974 0.08480739 0 0.9963974 0.08480739 0 0.9677333 0.2519767 0 0.9677333 0.2519767 0 0.9112288 0.4119003 0 0.9112288 0.4119003 0 0.8285088 0.559976 0 0.8285088 0.559976 0 0.7219539 0.6919411 0 0.7219539 0.6919411 0 0.5946345 0.8039962 0 0.5946345 0.8039962 0 0.450206 0.8929247 0 0.450206 0.8929247 0 0.2928206 0.9561674 0 0.2928206 0.9561674 0 0.1270164 0.9919006 0 0.1270164 0.9919006 0 -0.04244065 0.999099 0 -0.04244065 0.999099 0 -0.2106798 0.9775551 0 -0.2106798 0.9775551 0 -0.3728557 0.9278894 0 -0.3728557 0.9278894 0 -0.5243068 0.8515294 0 -0.5243068 0.8515294 0 -0.6606756 0.7506716 0 -0.6606756 0.7506716 0 -0.7780349 0.6282211 0 -0.7780349 0.6282211 0 -0.8730128 0.4876974 0 -0.8730128 0.4876974 0 -0.9428785 0.3331369 0 -0.9428785 0.3331369 0 -0.9856159 0.1690016 0 -0.9856159 0.1690016 0 -0.999099 0.04243904 0 -0.9999982 0 0.00192064 0 0 1 0 0 1 0 0 1 0 0 1 0 0 1 0 0 1 0 0 1 0 0 1 0 0 1 0 0 1 0 0 1 0 0 1 0 0 1 0 0 1 0 0 1 0 0 1 0 0 1 0 0 1 0 0 1 0 0 1 0 0 1 0 0 1 0 0 1 0 0 1 0 0 1 0 0 1 0 0 1 0 0 1 0 0 1 0 0 1 0 0 1 0 0 1 0 0 1 0 0 1 0 0 1 0 0 1 0 0 1 0 0 1 0 0 1 0 0 1 0 0 1 0 0 1 0 0 1 0 0 1 0 0 1 0 0 1 0 0 1 0 0 1 0 0 1 0 0 1 0 0 1 0 0 1 0 0 1 0 0 1 0 0 1 0 0 1 0 0 1 0 0 1 0 0 1 0 0 1 0 0 1 0 0 1 0 0 1 0 0 1 0 0 1 0 0 1 0 0 1 0 0 1 0 0 1 0 0 1 0 0 1 0 0 1 0 0 1 0 0 1 0 0 1 0 0 1 0 0 1 0 0 1 0 0 1 0 0 1 0 0 1 0 0 1 0 0 1 0 0 1 0 0 1 0 0 1 0 0 1 0 0 1 0 0 1 0 0 1 0 0 1 0 0 1 0 0 1 0 0 1 0 0 1 0 0 1 0 0 1 0 0 1 0 0 1 0 0 1 0 0 1 0 0 1 0 0 1 0 0 1 0 0 1 0 0 1 0 0 1 0 0 1 0 0 1 0 0 1 0 0 1 0 0 1 0 0 1 0.07845914 0.006676673 0.9968949 0.07620161 0.01984155 0.996895 0.07620126 0.0198419 0.996895 0.07175219 0.03243362 0.996895 0.07175242 0.03243345 0.9968951 0.06523799 0.04409456 0.996895 0.06523942 0.0440939 0.996895 0.05684947 0.05448478 0.996895 0.05684769 0.05448526 0.996895 0.04682308 0.06330806 0.996895 0.04682397 0.063308 0.996895 0.03545027 0.070311 0.996895 0.03544855 0.07031089 0.996895 0.02305585 0.0752905 0.9968951 0.02305799 0.07529103 0.996895 0.010001 0.07810503 0.996895 0.01000249 0.07810568 0.9968949 -0.003340005 0.07867252 0.996895 -0.003343462 0.07867008 0.9968951 -0.01658886 0.07697409 0.9968951 -0.01658731 0.07697558 0.996895 -0.02936089 0.07306361 0.996895 -0.0293594 0.07306563 0.9968949 -0.04128599 0.0670523 0.996895 -0.04128593 0.06705248 0.9968949 -0.05202418 0.05911028 0.9968949 -0.0520243 0.05910998 0.996895 -0.06126433 0.04946905 0.996895 -0.06126469 0.04946649 0.9968951 -0.06874305 0.03840202 0.9968951 -0.0687431 0.0384041 0.9968949 -0.07424503 0.02623218 0.996895 -0.07424479 0.02623111 0.996895 -0.07761031 0.01330685 0.996895 -0.07761055 0.01330757 0.9968949 -0.07874298 0 0.996895 -0.07874298 0 0.996895 -0.07761061 -0.01330739 0.996895 -0.07761043 -0.01330757 0.9968949 -0.07424539 -0.02623134 0.9968949 -0.07424545 -0.02623134 0.996895 -0.06874388 -0.03840249 0.9968949 -0.06874203 -0.03840351 0.996895 -0.06126344 -0.04946833 0.996895 -0.06126588 -0.0494675 0.9968949 -0.05202406 -0.05911022 0.996895 -0.05202132 -0.05911064 0.9968951 -0.04128515 -0.06705099 0.996895 -0.04128503 -0.06705099 0.996895 -0.02935838 -0.07306414 0.996895 -0.02936267 -0.07306492 0.9968948 -0.01658946 -0.07697683 0.9968948 -0.01658749 -0.07697612 0.996895 -0.003342688 -0.07867211 0.996895 -0.003343582 -0.07867264 0.996895 0.01000112 -0.07810574 0.996895 0.01000237 -0.07810473 0.996895 0.02305871 -0.07529091 0.996895 0.02305817 -0.07529151 0.996895 0.03545063 -0.07031184 0.996895 0.03544974 -0.07031333 0.9968948 0.04682242 -0.06331074 0.9968948 0.04682368 -0.06330758 0.996895 0.05684888 -0.05448418 0.996895 0.05684852 -0.05448603 0.996895 0.06523859 -0.04409492 0.996895 0.06523865 -0.04409337 0.9968951 0.0717523 -0.03243368 0.996895 0.07175225 -0.03243339 0.9968951 0.07620137 -0.01984149 0.996895 0.07620155 -0.01984202 0.996895 0.07845908 -0.00667715 0.996895 0.07845878 -0.006676614 0.996895 0.07845878 0.00667715 0.996895 0.2333937 0.01986277 0.9721795 0.2266787 0.05902367 0.9721795 0.2266792 0.05902326 0.9721794 0.2134441 0.09648221 0.9721794 0.2134448 0.09648191 0.9721793 0.1940686 0.1311666 0.9721793 0.1940638 0.1311682 0.9721801 0.169108 0.1620754 0.97218 0.1691094 0.1620752 0.9721798 0.1392807 0.1883276 0.9721798 0.1392886 0.1883277 0.9721786 0.1054595 0.2091577 0.9721787 0.1054552 0.2091568 0.9721793 0.06858986 0.2239704 0.9721794 0.06858491 0.2239685 0.9721801 0.02975195 0.2323377 0.97218 0.02974975 0.2323365 0.9721804 -0.009943425 0.2340224 0.9721804 -0.009935617 0.234029 0.9721788 -0.04934668 0.2289823 0.9721791 -0.04934811 0.2289806 0.9721794 -0.08733707 0.2173464 0.9721794 -0.08733969 0.217342 0.9721801 -0.1228113 0.1994577 0.97218 -0.1228114 0.1994573 0.9721801 -0.1547523 0.1758342 0.9721801 -0.1547529 0.1758314 0.9721805 -0.1822434 0.1471485 0.9721804 -0.1822432 0.1471557 0.9721793 -0.2044919 0.1142376 0.9721794 -0.2044916 0.1142356 0.9721797 -0.220857 0.07803279 0.9721795 -0.220857 0.07803308 0.9721794 -0.2308672 0.03958594 0.9721797 -0.230866 0.03958374 0.9721801 -0.2342359 0 0.9721798 -0.2342359 0 0.9721798 -0.2308669 -0.03958475 0.9721798 -0.2308664 -0.03958523 0.9721799 -0.2208548 -0.07803434 0.9721799 -0.2208597 -0.07803118 0.972179 -0.2044947 -0.1142355 0.9721791 -0.2044928 -0.1142362 0.9721794 -0.1822464 -0.1471509 0.9721794 -0.1822394 -0.1471526 0.9721805 -0.1547513 -0.175833 0.9721804 -0.1547541 -0.1758328 0.97218 -0.1228112 -0.1994575 0.97218 -0.1228116 -0.1994576 0.97218 -0.08733606 -0.2173439 0.97218 -0.08733195 -0.2173427 0.9721808 -0.04934525 -0.2289757 0.9721806 -0.04934728 -0.2289767 0.9721803 -0.009943425 -0.2340225 0.9721803 -0.009943366 -0.2340224 0.9721804 0.02975177 -0.2323364 0.9721804 0.02974998 -0.2323381 0.97218 0.06858903 -0.2239676 0.9721801 0.06859159 -0.223964 0.9721807 0.1054562 -0.209151 0.9721804 0.1054543 -0.209155 0.9721798 0.1392806 -0.1883274 0.9721798 0.1392806 -0.1883277 0.9721798 0.1691086 -0.1620759 0.9721798 0.1691087 -0.1620746 0.9721801 0.1940664 -0.131165 0.97218 0.1940667 -0.1311702 0.9721792 0.2134445 -0.09648239 0.9721793 0.2134443 -0.09648174 0.9721794 0.2266796 -0.05902224 0.9721794 0.2266801 -0.05902349 0.9721792 0.2333939 -0.01986461 0.9721794 0.2333926 -0.01986265 0.9721797 0.2333926 0.01986396 0.9721797 0.3824847 0.03255307 0.9233882 0.3714827 0.09672355 0.9233879 0.3714774 0.09672707 0.9233896 0.3497859 0.158119 0.9233895 0.3497934 0.1581156 0.9233872 0.3180402 0.2149574 0.9233871 0.3180416 0.2149571 0.9233868 0.2771366 0.265616 0.9233869 0.277141 0.2656157 0.9233857 0.228267 0.3086305 0.9233858 0.2282518 0.3086293 0.92339 0.1728156 0.3427624 0.9233897 0.1728259 0.3427651 0.9233869 0.1124082 0.367044 0.9233867 0.112405 0.3670426 0.9233878 0.04876053 0.3807588 0.9233879 0.04875779 0.3807569 0.9233888 -0.01629883 0.3835204 0.9233886 -0.01629561 0.3835235 0.9233874 -0.08086907 0.3752548 0.9233872 -0.08086907 0.3752548 0.9233873 -0.1431254 0.356189 0.9233875 -0.1431272 0.3561853 0.9233886 -0.2012664 0.3268724 0.9233885 -0.2012655 0.3268751 0.9233877 -0.2536144 0.2881578 0.9233877 -0.2536137 0.2881634 0.9233862 -0.298665 0.2411574 0.9233863 -0.2986647 0.2411504 0.9233883 -0.33512 0.1872119 0.9233885 -0.3351199 0.1872117 0.9233886 -0.3619412 0.1278762 0.9233885 -0.3619432 0.1278812 0.9233869 -0.3783485 0.0648756 0.9233871 -0.3783474 0.06487387 0.9233877 -0.3838689 0 0.9233875 -0.383869 0 0.9233876 -0.3783473 -0.06487387 0.9233876 -0.3783493 -0.06487238 0.9233869 -0.3619435 -0.1278802 0.923387 -0.3619382 -0.1278831 0.9233887 -0.3351217 -0.1872079 0.9233887 -0.335123 -0.1872074 0.9233883 -0.2986617 -0.2411547 0.9233881 -0.2986686 -0.2411535 0.9233862 -0.2536166 -0.2881604 0.9233862 -0.253611 -0.2881604 0.9233877 -0.201261 -0.3268784 0.9233875 -0.2012683 -0.3268796 0.9233855 -0.143135 -0.3561904 0.9233855 -0.1431283 -0.356188 0.9233874 -0.08086907 -0.3752548 0.9233872 -0.08086907 -0.3752548 0.9233872 -0.01628994 -0.3835242 0.9233871 -0.01629585 -0.383529 0.923385 0.04875242 -0.3807657 0.9233855 0.04875808 -0.3807593 0.9233878 0.1124076 -0.367042 0.9233877 0.1124058 -0.3670449 0.9233866 0.1728185 -0.3427682 0.9233872 0.1728224 -0.3427584 0.92339 0.2282614 -0.3086231 0.9233896 0.2282583 -0.308638 0.9233855 0.2771385 -0.2656179 0.9233858 0.2771387 -0.2656134 0.923387 0.3180409 -0.2149579 0.9233868 0.3180407 -0.2149565 0.9233871 0.3497923 -0.1581178 0.9233873 0.3497913 -0.1581146 0.9233883 0.3714804 -0.09672534 0.9233887 0.3714802 -0.09672504 0.9233887 0.382484 -0.03255236 0.9233884 0.3824853 -0.03255409 0.923388 0.3824853 0.03255248 0.923388 0.5219814 0.04442465 0.8517993 0.5069627 0.1320074 0.8517998 0.5069724 0.1320013 0.851795 0.4773696 0.2157868 0.8517948 0.4773628 0.2157895 0.8517979 0.4340344 0.2933512 0.8517976 0.4340293 0.2933524 0.8517999 0.3782101 0.362483 0.8518 0.3782052 0.3624832 0.8518021 0.3115074 0.4211848 0.8518019 0.3115141 0.4211856 0.851799 0.2358503 0.4677743 0.8517991 0.2358437 0.4677724 0.851802 0.1533938 0.5009021 0.8518025 0.1534042 0.5009072 0.8517976 0.06654757 0.519627 0.8517976 0.06654393 0.5196244 0.8517996 -0.02223688 0.5233956 0.8517997 -0.02224296 0.5233893 0.8518033 -0.1103698 0.512104 0.8518028 -0.1103628 0.5121141 0.8517976 -0.1953223 0.4860964 0.8517978 -0.1953239 0.486093 0.8517993 -0.2746732 0.4460853 0.8517996 -0.2746722 0.4460891 0.8517979 -0.3461074 0.3932566 0.8517975 -0.346108 0.3932496 0.8518005 -0.4075896 0.3291012 0.8517999 -0.4075902 0.3291091 0.8517966 -0.4573466 0.255492 0.8517969 -0.4573469 0.2554931 0.8517964 -0.4939467 0.1745218 0.8517974 -0.493943 0.1745133 0.8518012 -0.5163302 0.08853536 0.8518008 -0.5163303 0.08853542 0.8518008 -0.5238649 0 0.8518014 -0.5238649 0 0.8518014 -0.5163284 -0.08853507 0.8518019 -0.5163307 -0.0885334 0.8518007 -0.4939412 -0.1745198 0.851801 -0.4939443 -0.1745182 0.8517995 -0.4573426 -0.2554897 0.8517997 -0.4573495 -0.2554876 0.8517966 -0.4075936 -0.3291044 0.8517968 -0.4075856 -0.3291054 0.8518002 -0.3461044 -0.3932532 0.8518003 -0.3461114 -0.3932534 0.8517973 -0.274667 -0.4460928 0.8517977 -0.2746614 -0.4460917 0.8518001 -0.1953306 -0.4860899 0.8517997 -0.1953359 -0.4860919 0.8517972 -0.1103714 -0.5121117 0.851798 -0.110361 -0.5121054 0.8518031 -0.02222585 -0.5233911 0.8518027 -0.02223086 -0.5233955 0.8517999 0.06653648 -0.5196249 0.8517999 0.06653225 -0.51963 0.8517971 0.1534061 -0.5009068 0.8517975 0.1534047 -0.5009091 0.8517963 0.2358438 -0.4677829 0.8517962 0.235846 -0.4677769 0.851799 0.3115099 -0.4211883 0.8517993 0.3115112 -0.4211816 0.8518021 0.3782078 -0.3624808 0.8518019 0.3782078 -0.3624857 0.8517998 0.4340316 -0.2933493 0.8517997 0.4340324 -0.2933544 0.8517975 0.4773653 -0.2157849 0.8517977 0.4773654 -0.2157852 0.8517975 0.5069671 -0.1320086 0.8517969 0.5069637 -0.1320022 0.8518 0.5219814 -0.04442447 0.8517993 0.5219815 -0.04442471 0.8517991 0.5219815 0.04442453 0.8517991 0.6484567 0.05518847 0.7592484 0.6298015 0.1639892 0.759248 0.6297969 0.1639921 0.7592513 0.593026 0.2680664 0.7592501 0.5930249 0.2680668 0.7592508 0.5391922 0.364431 0.7592509 0.5391997 0.3644293 0.7592464 0.4698568 0.4503102 0.7592464 0.4698485 0.4503107 0.7592514 0.3869802 0.523243 0.7592517 0.3869902 0.5232442 0.7592458 0.2929943 0.5811201 0.7592455 0.2929998 0.5811218 0.7592421 0.1905797 0.6222792 0.7592417 0.1905609 0.6222699 0.759254 0.08265995 0.6455228 0.7592545 0.08267194 0.6455316 0.7592459 -0.02762234 0.650217 0.7592462 -0.02762484 0.6502144 0.7592483 -0.1371172 0.636192 0.7592487 -0.1371144 0.6361961 0.7592459 -0.242649 0.603876 0.7592464 -0.2426487 0.6038768 0.7592459 -0.3412196 0.5541787 0.7592464 -0.341223 0.5541661 0.759254 -0.4299693 0.4885293 0.7592533 -0.4299682 0.4885415 0.7592461 -0.5063461 0.4088492 0.759247 -0.5063453 0.4088398 0.7592525 -0.5681565 0.3173872 0.7592519 -0.5681588 0.3173959 0.7592466 -0.6136269 0.2168095 0.7592467 -0.6136257 0.2168068 0.7592484 -0.6414402 0.1099866 0.759248 -0.6414412 0.1099882 0.7592468 -0.6508035 0 0.7592464 -0.6508034 0 0.7592463 -0.6414414 -0.1099868 0.7592468 -0.6414399 -0.109988 0.7592481 -0.6136251 -0.2168089 0.7592484 -0.6136278 -0.2168076 0.7592467 -0.5681617 -0.3173901 0.7592469 -0.568153 -0.3173928 0.7592522 -0.5063413 -0.4088453 0.7592523 -0.5063506 -0.4088441 0.7592467 -0.429968 -0.4885416 0.7592461 -0.4299683 -0.4885416 0.759246 -0.3412291 -0.5541744 0.7592453 -0.3412125 -0.554171 0.7592552 -0.242645 -0.6038661 0.7592556 -0.2426603 -0.6038722 0.759246 -0.1371179 -0.6361951 0.759246 -0.1371136 -0.6361926 0.7592488 -0.02762222 -0.6502147 0.7592483 -0.02761101 -0.650205 0.759257 0.0826717 -0.6455197 0.7592561 0.08265894 -0.6455352 0.7592443 0.1905679 -0.6222801 0.759244 0.1905741 -0.622269 0.7592515 0.2929912 -0.5811139 0.7592515 0.2929875 -0.5811241 0.7592452 0.3869841 -0.5232483 0.759246 0.3869859 -0.5232383 0.759252 0.4698529 -0.4503065 0.7592511 0.4698528 -0.4503149 0.7592462 0.5391963 -0.3644337 0.7592466 0.5391951 -0.3644263 0.7592511 0.5930252 -0.268066 0.7592507 0.5930256 -0.2680672 0.7592501 0.6297981 -0.1639883 0.7592511 0.6298007 -0.163993 0.759248 0.6484565 -0.05518996 0.7592484 0.6484552 -0.05518835 0.7592496 0.6484552 0.05518984 0.7592496 0.7588239 0.0645833 0.648086 0.7369936 0.1918965 0.6480866 0.7369897 0.1918991 0.6480902 0.6939595 0.3136858 0.6480907 0.6939532 0.3136886 0.648096 0.6309571 0.4264563 0.6480958 0.6309603 0.4264555 0.6480932 0.5498164 0.526951 0.6480931 0.5498237 0.5269504 0.6480875 0.4528521 0.6122971 0.6480873 0.4528422 0.6122963 0.648095 0.3428573 0.6800161 0.648095 0.3428565 0.6800159 0.6480956 0.2230008 0.7281777 0.6480957 0.2230141 0.7281837 0.6480843 0.09673607 0.7553999 0.6480841 0.09672927 0.7553953 0.6480905 -0.0323193 0.7608776 0.6480901 -0.03232324 0.7608737 0.6480943 -0.1604447 0.7444677 0.6480935 -0.1604516 0.7444585 0.6481026 -0.2839597 0.7066348 0.6481005 -0.2839485 0.7066572 0.648081 -0.3992884 0.648505 0.648082 -0.3992916 0.6484941 0.6480907 -0.5031465 0.5716842 0.6480902 -0.5031477 0.5716742 0.648098 -0.5925217 0.4784243 0.6480959 -0.592522 0.478432 0.64809 -0.6648581 0.3714082 0.6480892 -0.6648579 0.3714072 0.6480901 -0.7180582 0.2537155 0.6480901 -0.7180545 0.2537064 0.6480978 -0.7506043 0.1286989 0.648097 -0.7506083 0.1287055 0.648091 -0.7615616 0 0.6480925 -0.7615616 0 0.6480925 -0.7506089 -0.1287019 0.6480912 -0.7506051 -0.1287049 0.6480948 -0.7180575 -0.2537106 0.6480929 -0.718061 -0.2537087 0.6480898 -0.6648575 -0.3714079 0.6480901 -0.6648586 -0.3714076 0.6480892 -0.5925205 -0.4784339 0.6480898 -0.5925238 -0.4784334 0.6480873 -0.5031482 -0.5716862 0.648087 -0.503144 -0.5716862 0.6480903 -0.3992938 -0.6484927 0.6480908 -0.3993062 -0.6484948 0.6480811 -0.2839546 -0.7066545 0.6480813 -0.2839462 -0.7066515 0.6480882 -0.160458 -0.744469 0.6480889 -0.1604533 -0.7444663 0.6480932 -0.03231912 -0.7608741 0.6480942 -0.03232336 -0.7608776 0.64809 0.09673541 -0.7553948 0.6480903 0.09674239 -0.7553868 0.6480985 0.2230002 -0.7281756 0.6480982 0.2229983 -0.7281785 0.6480955 0.342857 -0.6800156 0.6480956 0.3428567 -0.6800163 0.648095 0.4528484 -0.6122921 0.6480948 0.4528464 -0.6123018 0.648087 0.5498197 -0.5269542 0.6480876 0.5498201 -0.526947 0.6480933 0.6309589 -0.4264575 0.6480932 0.6309584 -0.4264542 0.6480959 0.6939556 -0.313684 0.6480959 0.6939575 -0.3136906 0.6480904 0.7369907 -0.1918957 0.64809 0.7369928 -0.1918999 0.6480864 0.7588235 -0.06458628 0.6480861 0.7588211 -0.06458306 0.6480892 0.758821 0.06458604 0.6480891 0.850403 0.0723809 0.5211293 0.8259409 0.2150512 0.5211284 0.8259359 0.2150551 0.5211346 0.7777065 0.3515528 0.5211365 0.7777181 0.3515466 0.5211235 0.7071207 0.4779226 0.5211241 0.707109 0.4779266 0.5211362 0.6161667 0.5905546 0.5211372 0.616178 0.5905528 0.5211259 0.5075063 0.6861967 0.5211253 0.507508 0.6861967 0.5211235 0.3842389 0.7620955 0.5211247 0.3842411 0.7620959 0.5211226 0.249925 0.8160685 0.5211236 0.249916 0.8160651 0.5211332 0.1084094 0.8465619 0.5211339 0.1084103 0.8465624 0.5211328 -0.03622394 0.8527061 0.5211335 -0.03621995 0.8527094 0.5211282 -0.1798085 0.8343226 0.5211284 -0.1798096 0.8343213 0.5211302 -0.3182315 0.7919289 0.5211308 -0.3182336 0.7919255 0.5211348 -0.4474816 0.7267591 0.5211347 -0.4474771 0.7267708 0.5211222 -0.5638788 0.6406804 0.5211231 -0.5638774 0.6406877 0.5211157 -0.664034 0.5361855 0.5211179 -0.6640346 0.5361664 0.5211369 -0.745097 0.4162304 0.521136 -0.7450973 0.4162321 0.5211343 -0.8047218 0.2843263 0.5211347 -0.8047257 0.2843382 0.5211222 -0.8412047 0.1442349 0.5211248 -0.8412038 0.1442331 0.5211267 -0.8534799 0 0.5211256 -0.85348 0 0.5211256 -0.8412036 -0.1442347 0.5211266 -0.8412027 -0.1442354 0.5211278 -0.8047254 -0.2843275 0.5211286 -0.8047201 -0.2843311 0.521135 -0.7450948 -0.4162368 0.5211341 -0.7451009 -0.4162341 0.5211274 -0.6640359 -0.5361759 0.5211255 -0.6640326 -0.5361766 0.5211288 -0.5638763 -0.6406776 0.5211293 -0.5638689 -0.6406782 0.5211367 -0.4474806 -0.7267576 0.5211377 -0.4474838 -0.7267578 0.5211346 -0.3182189 -0.7919318 0.5211341 -0.3182218 -0.7919325 0.5211312 -0.1798083 -0.8343216 0.52113 -0.1798262 -0.83433 0.5211105 -0.03622454 -0.85272 0.5211107 -0.03622031 -0.852717 0.5211159 0.1083972 -0.8465745 0.5211158 0.1084102 -0.8465617 0.5211339 0.2499233 -0.8160631 0.5211329 0.2499177 -0.8160709 0.5211233 0.3842394 -0.7620965 0.5211226 0.3842404 -0.7620947 0.5211248 0.5075069 -0.6861975 0.5211236 0.5075074 -0.6861959 0.5211253 0.6161715 -0.5905593 0.5211262 0.6161729 -0.5905479 0.5211375 0.7071147 -0.4779186 0.5211359 0.7071154 -0.4779309 0.5211237 0.7777159 -0.3515508 0.5211236 0.7777146 -0.351545 0.5211296 0.8259389 -0.2150543 0.52113 0.8259397 -0.2150561 0.5211282 0.8504033 -0.07237911 0.5211292 0.8504045 -0.07238107 0.5211269 0.8504046 0.07237923 0.5211269 0.9210347 0.07839065 0.3815101 0.8945375 0.2329185 0.3815123 0.8945428 0.2329131 0.3815032 0.8423089 0.3807511 0.3815027 0.8423051 0.3807538 0.3815084 0.7658467 0.5176206 0.3815073 0.7658525 0.5176178 0.3814994 0.667353 0.6396081 0.3814991 0.6673489 0.6396093 0.3815043 0.5496619 0.7431862 0.381505 0.5496557 0.7431868 0.3815125 0.4161507 0.8253884 0.3815133 0.4161505 0.8253885 0.3815137 0.27067 0.8838467 0.3815137 0.2706834 0.8838499 0.3814968 0.1174123 0.9168831 0.3814966 0.1174147 0.9168842 0.3814933 -0.03922843 0.9235386 0.3814937 -0.0392329 0.9235358 0.3815002 -0.1947504 0.9036204 0.3815001 -0.1947444 0.903626 0.3814901 -0.3446591 0.857715 0.3814907 -0.3446645 0.857708 0.3815014 -0.48465 0.7871282 0.3815017 -0.484651 0.7871264 0.3815043 -0.6107048 0.6938967 0.3815063 -0.6107078 0.6938876 0.3815181 -0.7191849 0.5807049 0.3815165 -0.7191832 0.5807166 0.381502 -0.80699 0.4508032 0.3815018 -0.80699 0.4508054 0.381499 -0.8715662 0.3079466 0.3814986 -0.8715657 0.3079438 0.3815022 -0.9110727 0.1562176 0.3815004 -0.9110715 0.1562144 0.3815046 -0.924367 0 0.3815045 -0.924367 0 0.3815045 -0.911071 -0.1562173 0.3815045 -0.9110732 -0.1562147 0.3815003 -0.8715649 -0.3079462 0.3815021 -0.8715672 -0.3079442 0.3814985 -0.8069877 -0.4508099 0.3814989 -0.8069853 -0.4508112 0.381502 -0.719195 -0.5807015 0.3815026 -0.7191843 -0.5807055 0.3815166 -0.6107016 -0.6938931 0.3815178 -0.610711 -0.6938914 0.381506 -0.4846494 -0.7871273 0.3815042 -0.4846516 -0.7871273 0.3815016 -0.3446575 -0.857711 0.3815012 -0.3446503 -0.8577099 0.3815102 -0.1947495 -0.9036161 0.3815106 -0.1947417 -0.9036136 0.3815207 -0.03922796 -0.9235275 0.3815208 -0.03923267 -0.9235299 0.3815144 0.1174113 -0.916876 0.381514 0.1173999 -0.916885 0.3814962 0.270672 -0.8838533 0.3814972 0.2706813 -0.8838431 0.3815141 0.4161621 -0.8253827 0.3815132 0.416154 -0.8253955 0.3814948 0.5496549 -0.743196 0.3814961 0.5496577 -0.7431895 0.3815048 0.6673514 -0.6396066 0.3815042 0.6673505 -0.6396108 0.3814989 0.7658493 -0.5176224 0.3814995 0.7658497 -0.5176159 0.3815075 0.8423069 -0.3807502 0.3815083 0.8423066 -0.3807477 0.3815113 0.89454 -0.2329154 0.3815085 0.8945403 -0.2329164 0.3815072 0.9210353 -0.0783922 0.3815084 0.9210345 -0.07839065 0.3815105 0.9210345 0.07839089 0.3815104 0.9690582 0.08247828 0.2326444 0.9411816 0.2450618 0.2326413 0.9411805 0.2450633 0.2326439 0.8862263 0.4005993 0.2326439 0.8862236 0.400602 0.2326495 0.8057777 0.5446053 0.2326529 0.8057749 0.5446074 0.2326578 0.7021443 0.6729513 0.2326583 0.7021432 0.6729519 0.2326601 0.5783133 0.7819352 0.2326607 0.5783195 0.7819335 0.2326514 0.4378452 0.8684269 0.2326506 0.4378499 0.8684265 0.2326437 0.284786 0.9299324 0.232643 0.2847833 0.9299322 0.232647 0.1235353 0.964684 0.2326453 0.1235334 0.9646836 0.2326481 -0.04127162 0.9716853 0.2326464 -0.04127353 0.9716846 0.2326494 -0.2049007 0.9507315 0.2326486 -0.2049036 0.9507297 0.2326534 -0.3626239 0.902428 0.2326535 -0.3626257 0.9024263 0.2326571 -0.5099167 0.8281643 0.2326557 -0.5099168 0.8281645 0.2326558 -0.64255 0.7300695 0.2326544 -0.6425464 0.730076 0.2326437 -0.756686 0.6109846 0.2326458 -0.7566859 0.610985 0.2326452 -0.8490592 0.4743143 0.2326463 -0.8490607 0.4743049 0.2326601 -0.9170037 0.3239977 0.2326581 -0.9170037 0.3240008 0.2326536 -0.9585705 0.1643638 0.2326526 -0.9585701 0.1643618 0.2326554 -0.9725589 0 0.232657 -0.9725589 0 0.232657 -0.9585698 -0.1643636 0.2326554 -0.9585708 -0.1643619 0.2326526 -0.9170047 -0.3239981 0.2326536 -0.9170026 -0.3240005 0.2326582 -0.8490565 -0.4743127 0.2326599 -0.8490576 -0.4743116 0.2326574 -0.7566835 -0.6109825 0.2326596 -0.7566917 -0.6109776 0.2326457 -0.6425516 -0.7300714 0.2326439 -0.6425448 -0.7300741 0.2326545 -0.5099167 -0.8281643 0.2326558 -0.5099168 -0.8281645 0.2326557 -0.3626235 -0.9024271 0.2326571 -0.362626 -0.9024271 0.2326534 -0.2049005 -0.9507304 0.2326533 -0.2049038 -0.9507308 0.2326484 -0.04127162 -0.9716846 0.2326493 -0.04127353 -0.9716852 0.2326464 0.1235352 -0.9646834 0.2326481 0.1235334 -0.9646842 0.2326452 0.2847857 -0.9299314 0.232647 0.2847836 -0.9299331 0.232643 0.4378458 -0.8684284 0.2326438 0.4378589 -0.8684144 0.2326715 0.578312 -0.7819334 0.23267 0.5783084 -0.7819389 0.2326606 0.702144 -0.6729511 0.2326601 0.7021435 -0.6729522 0.2326583 0.8057814 -0.5445979 0.2326576 0.8057785 -0.5446097 0.2326399 0.8862246 -0.4006052 0.2326401 0.8862248 -0.4006025 0.2326439 0.941181 -0.2450616 0.2326439 0.9411807 -0.2450594 0.2326471 0.9690572 -0.08248484 0.2326465 0.9690557 -0.08247935 0.2326547 0.9690552 0.08248466 0.2326546 0.9933473 0.08455234 0.078179 0.9647706 0.2512078 0.0781812 0.9647721 0.2512043 0.07817512 0.9084431 0.4106335 0.07817459 0.908439 0.4106401 0.07818692 0.8259702 0.5582654 0.07818603 0.825977 0.5582575 0.07816952 0.7197436 0.6898253 0.07816797 0.7197471 0.6898224 0.07816064 0.5928213 0.8015323 0.07815951 0.5928113 0.8015379 0.07817792 0.448826 0.8901931 0.0781762 0.4488202 0.8901951 0.07818597 0.2919175 0.9532425 0.07818579 0.2919242 0.9532413 0.07817494 0.1266396 0.9888634 0.07817685 0.1266316 0.9888634 0.07818943 -0.04231756 0.9960401 0.07818943 -0.04230618 0.9960419 0.07817101 -0.2100326 0.9745643 0.07817143 -0.2100368 0.9745628 0.07817852 -0.3717123 0.9250504 0.07817822 -0.3717138 0.9250495 0.07818114 -0.5227001 0.8489243 0.0781809 -0.5226993 0.8489248 0.07817935 -0.6586595 0.7483687 0.07817852 -0.6586576 0.748371 0.07817363 -0.775653 0.6262998 0.07817399 -0.7756531 0.6262995 0.07817447 -0.870342 0.4862031 0.07817554 -0.8703418 0.4862034 0.078175 -0.939991 0.3321225 0.07817655 -0.9399916 0.3321199 0.07818078 -0.9826 0.1684777 0.07818192 -0.9825998 0.1684839 0.0781719 -0.99694 0 0.07817059 -0.99694 0 0.07817059 -0.9826008 -0.1684778 0.07817196 -0.982599 -0.1684839 0.07818192 -0.9399907 -0.3321223 0.07818078 -0.9399919 -0.33212 0.07817655 -0.870342 -0.4862031 0.078175 -0.8703418 -0.4862034 0.07817554 -0.7756529 -0.6262997 0.07817447 -0.7756531 -0.6262995 0.07817399 -0.6586514 -0.7483764 0.07817357 -0.6586582 -0.7483718 0.0781604 -0.5227119 -0.848919 0.07815891 -0.5226992 -0.8489247 0.0781809 -0.3717122 -0.9250501 0.07818114 -0.3717139 -0.9250497 0.07817822 -0.2100325 -0.9745637 0.07817852 -0.2100369 -0.9745634 0.07817137 -0.04231762 -0.9960414 0.07817107 -0.04230612 -0.9960405 0.07818949 0.1266394 -0.9888625 0.07818943 0.1266317 -0.9888644 0.07817679 0.2919178 -0.9532433 0.078175 0.2919239 -0.9532405 0.07818585 0.4488257 -0.8901924 0.07818591 0.4488206 -0.8901958 0.07817614 0.5928205 -0.8015311 0.0781778 0.5928122 -0.801539 0.07815945 0.719744 -0.6898257 0.07816064 0.7197468 -0.689822 0.07816803 0.825976 -0.5582591 0.07816952 0.8259807 -0.5582498 0.07818621 0.9084397 -0.4106387 0.07818686 0.9084374 -0.4106462 0.07817447 0.9647711 -0.2512079 0.07817518 0.9647716 -0.2512041 0.07818126 0.993348 -0.08454531 0.07817894 0.9933483 -0.08455246 0.07816755 0.9933488 0.08454537 0.07816761 -0.9990984 -0.04245424 0 -0.985617 -0.168995 0 -0.985617 -0.168995 0 -0.9428766 -0.3331421 0 -0.9428766 -0.3331421 0 -0.8730137 -0.4876956 0 -0.8730137 -0.4876956 0 -0.7780339 -0.6282223 0 -0.7780339 -0.6282223 0 -0.6606732 -0.7506737 0 -0.6606732 -0.7506737 0 -0.5243157 -0.8515239 0 -0.5243157 -0.8515239 0 -0.3728534 -0.9278903 0 -0.3728534 -0.9278903 0 -0.2106773 -0.9775556 0 -0.2106773 -0.9775556 0 -0.0424475 -0.9990987 0 -0.0424475 -0.9990987 0 0.1270283 -0.9918991 0 0.1270283 -0.9918991 0 0.2928139 -0.9561695 0 0.2928139 -0.9561695 0 0.4502039 -0.8929259 0 0.4502039 -0.8929259 0 0.5946404 -0.8039919 0 0.5946404 -0.8039919 0 0.7219526 -0.6919425 0 0.7219526 -0.6919425 0 0.8285111 -0.5599726 0 0.8285111 -0.5599726 0 0.9112292 -0.4118996 0 0.9112292 -0.4118996 0 0.9677327 -0.2519791 0 0.9677327 -0.2519791 0 0.9963976 -0.08480489 0 0.9963976 -0.08480489 0 0.9963976 0.08480489 0 0.9963976 0.08480489 0 0.9677327 0.2519791 0 0.9677327 0.2519791 0 0.9112317 0.411894 0 0.9112317 0.411894 0 0.8285064 0.5599796 0 0.8285064 0.5599796 0 0.7219526 0.6919425 0 0.7219526 0.6919425 0 0.5946404 0.8039919 0 0.5946404 0.8039919 0 0.4502039 0.8929259 0 0.4502039 0.8929259 0 0.2928139 0.9561695 0 0.2928139 0.9561695 0 0.1270283 0.9918991 0 0.1270283 0.9918991 0 -0.0424475 0.9990987 0 -0.0424475 0.9990987 0 -0.2106773 0.9775556 0 -0.2106773 0.9775556 0 -0.3728534 0.9278903 0 -0.3728534 0.9278903 0 -0.5243049 0.8515307 0 -0.5243049 0.8515307 0 -0.6606816 0.7506662 0 -0.6606816 0.7506662 0 -0.7780339 0.6282223 0 -0.7780339 0.6282223 0 -0.8730137 0.4876956 0 -0.8730137 0.4876956 0 -0.9428766 0.3331421 0 -0.9428766 0.3331421 0 -0.985617 0.168995 0 -0.985617 0.168995 0 -0.9990984 0.04245424 0 -0.9999991 0 0.001351296</float_array>
          <technique_common>
            <accessor source="#inlet2-mesh-normals-array" count="10950" stride="3">
              <param name="X" type="float"/>
              <param name="Y" type="float"/>
              <param name="Z" type="float"/>
            </accessor>
          </technique_common>
        </source>
        <vertices id="inlet2-mesh-vertices">
          <input semantic="POSITION" source="#inlet2-mesh-positions"/>
        </vertices>
        <triangles material="Material_001-material" count="10950">
          <input semantic="VERTEX" source="#inlet2-mesh-vertices" offset="0"/>
          <input semantic="NORMAL" source="#inlet2-mesh-normals" offset="1"/>
          <p>0 0 1 0 2 0 2 1 1 1 3 1 2 2 3 2 4 2 4 3 3 3 5 3 4 4 5 4 6 4 6 5 5 5 7 5 6 6 7 6 8 6 8 7 7 7 9 7 8 8 9 8 10 8 10 9 9 9 11 9 10 10 11 10 12 10 12 11 11 11 13 11 12 12 13 12 14 12 14 13 13 13 15 13 14 14 15 14 16 14 16 15 15 15 17 15 16 16 17 16 18 16 18 17 17 17 19 17 18 18 19 18 20 18 20 19 19 19 21 19 20 20 21 20 22 20 22 21 21 21 23 21 22 22 23 22 24 22 24 23 23 23 25 23 26 24 27 24 28 24 28 25 27 25 29 25 28 26 29 26 30 26 30 27 29 27 31 27 30 28 31 28 32 28 32 29 31 29 33 29 32 30 33 30 34 30 34 31 33 31 35 31 34 32 35 32 36 32 36 33 35 33 37 33 36 34 37 34 38 34 38 35 37 35 39 35 38 36 39 36 40 36 40 37 39 37 41 37 40 38 41 38 42 38 42 39 41 39 43 39 42 40 43 40 44 40 44 41 43 41 45 41 44 42 45 42 46 42 46 43 45 43 47 43 46 44 47 44 48 44 48 45 47 45 49 45 48 46 49 46 50 46 50 47 49 47 51 47 52 48 53 48 54 48 54 49 53 49 55 49 54 50 55 50 56 50 56 51 55 51 57 51 56 52 57 52 58 52 58 53 57 53 59 53 58 54 59 54 60 54 60 55 59 55 61 55 60 56 61 56 62 56 62 57 61 57 63 57 62 58 63 58 26 58 26 59 63 59 27 59 64 60 65 60 52 60 52 61 65 61 66 61 52 62 66 62 53 62 24 63 25 63 67 63 67 64 25 64 68 64 67 65 68 65 69 65 69 66 68 66 70 66 69 67 70 67 71 67 71 68 70 68 72 68 71 69 72 69 73 69 73 70 72 70 74 70 73 71 74 71 75 71 75 72 74 72 76 72 75 73 76 73 64 73 64 74 76 74 65 74 77 75 78 75 79 75 79 76 78 76 80 76 79 77 80 77 81 77 81 78 80 78 82 78 81 79 82 79 83 79 83 80 82 80 84 80 83 81 84 81 85 81 85 82 84 82 86 82 85 83 86 83 87 83 87 84 86 84 88 84 87 85 88 85 89 85 89 86 88 86 90 86 89 87 90 87 91 87 91 88 90 88 92 88 91 89 92 89 93 89 93 90 92 90 94 90 93 91 94 91 95 91 95 92 94 92 96 92 95 93 96 93 97 93 97 94 96 94 98 94 97 95 98 95 99 95 99 96 98 96 100 96 99 97 100 97 101 97 101 98 100 98 102 98 101 99 102 99 103 99 103 100 102 100 104 100 103 101 104 101 105 101 105 102 104 102 106 102 105 103 106 103 107 103 107 104 106 104 108 104 107 105 108 105 109 105 109 106 108 106 110 106 109 107 110 107 111 107 111 108 110 108 112 108 78 109 77 109 113 109 113 110 77 110 114 110 113 111 114 111 115 111 116 112 117 112 118 112 118 113 117 113 119 113 118 114 119 114 120 114 120 115 119 115 121 115 120 116 121 116 122 116 122 117 121 117 123 117 122 118 123 118 124 118 124 119 123 119 125 119 124 120 125 120 126 120 126 121 125 121 127 121 126 122 127 122 128 122 128 123 127 123 129 123 128 124 129 124 130 124 130 125 129 125 131 125 130 126 131 126 132 126 132 127 131 127 133 127 132 128 133 128 134 128 134 129 133 129 135 129 134 130 135 130 136 130 136 131 135 131 137 131 136 132 137 132 138 132 138 133 137 133 139 133 138 134 139 134 140 134 140 135 139 135 141 135 140 136 141 136 142 136 142 137 141 137 143 137 142 138 143 138 144 138 144 139 143 139 145 139 144 140 145 140 146 140 146 141 145 141 147 141 146 142 147 142 148 142 148 143 147 143 149 143 148 144 149 144 114 144 114 145 149 145 115 145 1 146 0 146 150 146 1 147 150 147 151 147 151 148 150 148 152 148 151 149 152 149 153 149 153 150 152 150 154 150 153 151 154 151 155 151 155 152 154 152 156 152 155 153 156 153 157 153 157 154 156 154 158 154 157 155 158 155 159 155 159 156 158 156 160 156 159 157 160 157 161 157 161 158 160 158 162 158 161 159 162 159 163 159 163 160 162 160 164 160 163 161 164 161 165 161 165 162 164 162 166 162 165 163 166 163 167 163 167 164 166 164 168 164 167 165 168 165 169 165 169 166 168 166 170 166 169 167 170 167 171 167 171 168 170 168 172 168 171 169 172 169 173 169 173 170 172 170 174 170 173 171 174 171 175 171 175 172 174 172 111 172 175 173 111 173 112 173 50 174 51 174 176 174 50 175 176 175 177 175 177 176 176 176 178 176 177 177 178 177 179 177 179 178 178 178 180 178 179 179 180 179 181 179 181 180 180 180 182 180 181 181 182 181 183 181 183 182 182 182 184 182 183 183 184 183 185 183 185 184 184 184 186 184 185 185 186 185 187 185 187 186 186 186 188 186 187 187 188 187 189 187 189 188 188 188 190 188 189 189 190 189 191 189 191 190 190 190 192 190 191 191 192 191 193 191 193 192 192 192 194 192 193 193 194 193 195 193 195 194 194 194 196 194 195 195 196 195 197 195 197 196 196 196 198 196 197 197 198 197 199 197 199 198 198 198 200 198 199 199 200 199 201 199 201 200 200 200 117 200 201 201 117 201 116 201 82 202 80 202 202 202 94 203 92 203 202 203 202 204 92 204 90 204 202 205 90 205 88 205 5 206 3 206 110 206 108 207 106 207 203 207 88 208 86 208 202 208 202 209 86 209 84 209 202 210 84 210 82 210 203 211 100 211 98 211 203 212 98 212 202 212 202 213 98 213 96 213 202 214 96 214 94 214 110 215 3 215 112 215 112 216 3 216 1 216 112 217 1 217 175 217 106 218 104 218 203 218 203 219 104 219 102 219 203 220 102 220 100 220 204 221 205 221 15 221 15 222 205 222 206 222 207 223 208 223 209 223 209 224 208 224 210 224 1 225 151 225 175 225 175 226 151 226 153 226 175 227 153 227 155 227 161 228 163 228 159 228 159 229 163 229 165 229 165 230 167 230 159 230 159 231 167 231 169 231 159 232 169 232 171 232 155 233 157 233 175 233 175 234 157 234 159 234 175 235 159 235 173 235 173 236 159 236 171 236 211 237 70 237 212 237 212 238 70 238 68 238 212 239 68 239 213 239 213 240 68 240 25 240 213 241 25 241 214 241 214 242 25 242 23 242 214 243 23 243 215 243 66 244 65 244 216 244 216 245 65 245 76 245 216 246 76 246 217 246 217 247 76 247 74 247 217 248 74 248 211 248 211 249 74 249 72 249 211 250 72 250 70 250 210 251 218 251 209 251 209 252 218 252 219 252 209 253 219 253 220 253 220 254 219 254 221 254 220 255 221 255 222 255 23 256 21 256 215 256 215 257 21 257 19 257 215 258 19 258 206 258 206 259 19 259 17 259 206 260 17 260 15 260 216 261 223 261 66 261 66 262 223 262 224 262 66 263 224 263 209 263 209 264 224 264 225 264 209 265 225 265 207 265 226 266 227 266 203 266 203 267 227 267 228 267 203 268 228 268 229 268 222 269 230 269 220 269 220 270 230 270 231 270 220 271 231 271 232 271 232 272 231 272 233 272 232 273 233 273 234 273 234 274 233 274 235 274 234 275 235 275 236 275 236 276 235 276 237 276 226 277 203 277 238 277 238 278 203 278 239 278 238 279 239 279 240 279 240 280 239 280 241 280 240 281 241 281 242 281 242 282 241 282 243 282 242 283 243 283 244 283 244 284 243 284 245 284 244 285 245 285 246 285 246 286 245 286 247 286 246 287 247 287 237 287 237 288 247 288 248 288 237 289 248 289 236 289 229 290 249 290 203 290 203 291 249 291 250 291 203 292 250 292 15 292 15 293 250 293 251 293 15 294 251 294 204 294 15 295 13 295 203 295 203 296 13 296 11 296 203 297 11 297 108 297 108 298 11 298 9 298 108 299 9 299 110 299 110 300 9 300 7 300 110 301 7 301 5 301 252 302 253 302 254 302 255 303 256 303 257 303 258 304 259 304 260 304 261 305 262 305 263 305 263 306 262 306 264 306 263 307 264 307 258 307 258 308 264 308 265 308 258 309 265 309 259 309 253 310 266 310 254 310 254 311 266 311 267 311 254 312 267 312 268 312 257 313 256 313 263 313 263 314 256 314 269 314 263 315 269 315 261 315 260 316 270 316 258 316 258 317 270 317 271 317 258 318 271 318 272 318 272 319 273 319 254 319 273 320 274 320 254 320 254 321 274 321 275 321 254 322 275 322 252 322 268 323 276 323 254 323 254 324 276 324 202 324 254 325 202 325 78 325 78 326 202 326 80 326 276 327 277 327 202 327 202 328 277 328 278 328 202 329 278 329 279 329 257 330 280 330 255 330 255 331 280 331 281 331 255 332 281 332 282 332 282 333 281 333 283 333 282 334 283 334 284 334 284 335 283 335 285 335 284 336 285 336 286 336 286 337 285 337 287 337 286 338 287 338 288 338 288 339 287 339 289 339 288 340 289 340 290 340 290 341 289 341 291 341 290 342 291 342 292 342 292 343 291 343 293 343 292 344 293 344 294 344 294 345 293 345 295 345 279 346 296 346 202 346 202 347 296 347 297 347 202 348 297 348 298 348 298 349 299 349 202 349 202 350 299 350 300 350 202 351 300 351 295 351 295 352 300 352 301 352 295 353 301 353 294 353 302 354 303 354 304 354 304 355 303 355 305 355 302 356 306 356 303 356 303 357 306 357 307 357 303 358 307 358 308 358 309 359 310 359 254 359 311 360 312 360 258 360 258 361 312 361 313 361 258 362 313 362 314 362 314 363 313 363 315 363 308 364 316 364 303 364 303 365 316 365 317 365 303 366 317 366 254 366 254 367 317 367 318 367 254 368 318 368 309 368 315 369 319 369 314 369 314 370 319 370 320 370 314 371 320 371 321 371 321 372 320 372 322 372 321 373 322 373 323 373 323 374 322 374 324 374 323 375 324 375 325 375 325 376 324 376 326 376 325 377 326 377 327 377 327 378 326 378 328 378 327 379 328 379 329 379 329 380 328 380 330 380 329 381 330 381 331 381 331 382 330 382 332 382 331 383 332 383 333 383 333 384 332 384 334 384 333 385 334 385 335 385 335 386 334 386 336 386 335 387 336 387 337 387 337 388 336 388 338 388 337 389 338 389 339 389 339 390 338 390 340 390 339 391 340 391 303 391 303 392 340 392 341 392 303 393 341 393 305 393 272 394 254 394 258 394 258 395 254 395 342 395 258 396 342 396 343 396 343 397 344 397 258 397 258 398 344 398 345 398 258 399 345 399 311 399 310 400 346 400 254 400 254 401 346 401 347 401 254 402 347 402 348 402 348 403 349 403 254 403 254 404 349 404 350 404 254 405 350 405 342 405 127 406 125 406 351 406 147 407 145 407 303 407 139 408 137 408 303 408 303 409 137 409 135 409 78 410 113 410 254 410 254 411 113 411 115 411 254 412 115 412 303 412 303 413 115 413 149 413 303 414 149 414 147 414 145 415 143 415 303 415 303 416 143 416 141 416 303 417 141 417 139 417 135 418 133 418 303 418 303 419 133 419 131 419 303 420 131 420 351 420 351 421 131 421 129 421 351 422 129 422 127 422 352 423 353 423 351 423 354 424 355 424 37 424 37 425 355 425 356 425 356 426 357 426 37 426 37 427 357 427 358 427 37 428 358 428 359 428 178 429 176 429 117 429 37 430 35 430 354 430 354 431 35 431 33 431 354 432 33 432 360 432 43 433 41 433 121 433 121 434 41 434 351 434 121 435 351 435 123 435 123 436 351 436 125 436 200 437 192 437 117 437 117 438 192 438 190 438 190 439 188 439 117 439 117 440 188 440 186 440 117 441 186 441 184 441 176 442 51 442 117 442 117 443 51 443 49 443 117 444 49 444 119 444 119 445 49 445 47 445 119 446 47 446 121 446 121 447 47 447 45 447 121 448 45 448 43 448 359 449 352 449 37 449 37 450 352 450 351 450 37 451 351 451 39 451 39 452 351 452 41 452 361 453 362 453 363 453 363 454 362 454 364 454 363 455 364 455 365 455 365 456 364 456 366 456 365 457 366 457 367 457 367 458 366 458 368 458 367 459 368 459 369 459 369 460 368 460 370 460 369 461 370 461 371 461 371 462 370 462 372 462 371 463 372 463 373 463 373 464 372 464 374 464 373 465 374 465 375 465 375 466 374 466 376 466 375 467 376 467 377 467 377 468 376 468 378 468 377 469 378 469 379 469 379 470 378 470 380 470 379 471 380 471 381 471 381 472 380 472 351 472 381 473 351 473 382 473 382 474 351 474 353 474 383 475 209 475 384 475 384 476 209 476 362 476 384 477 362 477 385 477 385 478 362 478 361 478 200 479 198 479 192 479 192 480 198 480 196 480 192 481 196 481 194 481 184 482 182 482 117 482 117 483 182 483 180 483 117 484 180 484 178 484 386 485 387 485 55 485 383 486 388 486 209 486 209 487 388 487 389 487 209 488 389 488 390 488 391 489 66 489 392 489 392 490 66 490 209 490 392 491 209 491 393 491 393 492 209 492 390 492 391 493 394 493 66 493 66 494 394 494 386 494 66 495 386 495 53 495 53 496 386 496 55 496 33 497 31 497 360 497 360 498 31 498 29 498 360 499 29 499 395 499 395 500 29 500 27 500 395 501 27 501 396 501 396 502 27 502 63 502 396 503 63 503 397 503 397 504 63 504 61 504 397 505 61 505 398 505 398 506 61 506 59 506 398 507 59 507 387 507 387 508 59 508 57 508 387 509 57 509 55 509 399 510 400 510 401 510 402 511 403 511 404 511 404 512 403 512 405 512 404 513 405 513 406 513 406 514 407 514 404 514 404 515 407 515 408 515 404 516 408 516 409 516 410 517 411 517 412 517 409 518 413 518 404 518 404 519 413 519 414 519 404 520 414 520 410 520 410 521 414 521 415 521 410 522 415 522 411 522 400 523 399 523 416 523 416 524 399 524 417 524 416 525 417 525 418 525 418 526 417 526 419 526 418 527 419 527 420 527 420 528 419 528 421 528 420 529 421 529 422 529 422 530 421 530 423 530 422 531 423 531 424 531 424 532 423 532 425 532 424 533 425 533 426 533 426 534 425 534 427 534 426 535 427 535 428 535 428 536 427 536 429 536 428 537 429 537 430 537 430 538 429 538 431 538 430 539 431 539 432 539 432 540 431 540 433 540 432 541 433 541 434 541 434 542 433 542 435 542 434 543 435 543 436 543 412 544 437 544 410 544 410 545 437 545 438 545 410 546 438 546 439 546 440 547 441 547 442 547 442 548 443 548 435 548 435 549 443 549 444 549 435 550 444 550 436 550 439 551 445 551 410 551 410 552 445 552 446 552 410 553 446 553 442 553 442 554 446 554 447 554 442 555 447 555 440 555 441 556 448 556 442 556 442 557 448 557 449 557 442 558 449 558 443 558 401 559 402 559 399 559 399 560 402 560 404 560 399 561 404 561 450 561 450 562 404 562 451 562 450 563 451 563 452 563 452 564 451 564 453 564 452 565 453 565 454 565 455 566 456 566 457 566 457 567 456 567 458 567 457 568 458 568 454 568 454 569 458 569 459 569 454 570 459 570 452 570 460 571 461 571 410 571 410 572 461 572 462 572 410 573 462 573 463 573 464 574 442 574 465 574 465 575 442 575 466 575 464 576 467 576 442 576 442 577 467 577 468 577 442 578 468 578 410 578 410 579 468 579 469 579 410 580 469 580 460 580 463 581 470 581 410 581 410 582 470 582 471 582 410 583 471 583 457 583 471 584 472 584 457 584 457 585 472 585 473 585 457 586 473 586 474 586 475 587 476 587 455 587 455 588 476 588 477 588 478 589 479 589 480 589 481 590 482 590 483 590 483 591 482 591 484 591 483 592 484 592 442 592 442 593 484 593 485 593 442 594 485 594 466 594 474 595 486 595 457 595 457 596 486 596 487 596 457 597 487 597 488 597 480 598 479 598 483 598 483 599 479 599 489 599 483 600 489 600 481 600 488 601 490 601 457 601 457 602 490 602 491 602 457 603 491 603 455 603 455 604 491 604 492 604 455 605 492 605 475 605 480 606 493 606 478 606 478 607 493 607 494 607 478 608 494 608 495 608 495 609 494 609 496 609 495 610 496 610 497 610 497 611 496 611 498 611 497 612 498 612 499 612 499 613 498 613 500 613 499 614 500 614 501 614 501 615 500 615 502 615 501 616 502 616 503 616 503 617 502 617 455 617 503 618 455 618 504 618 504 619 455 619 477 619 505 620 506 620 450 620 506 621 507 621 450 621 450 622 507 622 508 622 450 623 508 623 509 623 509 624 510 624 450 624 450 625 510 625 511 625 450 626 511 626 512 626 512 627 511 627 513 627 512 628 513 628 514 628 514 629 513 629 515 629 514 630 515 630 516 630 516 631 515 631 517 631 516 632 517 632 518 632 518 633 517 633 519 633 518 634 519 634 520 634 520 635 519 635 521 635 520 636 521 636 522 636 522 637 521 637 523 637 522 638 523 638 524 638 524 639 523 639 525 639 524 640 525 640 526 640 526 641 525 641 527 641 526 642 527 642 528 642 528 643 527 643 529 643 528 644 529 644 530 644 530 645 529 645 531 645 530 646 531 646 532 646 532 647 531 647 533 647 534 648 535 648 452 648 452 649 535 649 536 649 452 650 536 650 537 650 537 651 538 651 452 651 452 652 538 652 539 652 452 653 539 653 450 653 450 654 539 654 540 654 450 655 540 655 505 655 541 656 542 656 543 656 543 657 542 657 532 657 543 658 532 658 544 658 544 659 532 659 533 659 541 660 545 660 542 660 542 661 545 661 546 661 542 662 546 662 547 662 547 663 548 663 542 663 542 664 548 664 549 664 542 665 549 665 452 665 452 666 549 666 550 666 452 667 550 667 551 667 551 668 552 668 452 668 452 669 552 669 553 669 452 670 553 670 534 670 554 671 555 671 452 671 556 672 557 672 542 672 542 673 557 673 558 673 555 674 559 674 452 674 452 675 559 675 560 675 452 676 560 676 542 676 542 677 560 677 561 677 542 678 561 678 556 678 558 679 562 679 542 679 542 680 562 680 563 680 542 681 563 681 564 681 564 682 563 682 565 682 564 683 565 683 566 683 567 684 568 684 452 684 452 685 568 685 569 685 452 686 569 686 554 686 570 687 571 687 572 687 573 688 459 688 574 688 574 689 459 689 575 689 573 690 576 690 459 690 459 691 576 691 577 691 459 692 577 692 452 692 452 693 577 693 578 693 452 694 578 694 567 694 566 695 579 695 564 695 564 696 579 696 580 696 564 697 580 697 581 697 581 698 580 698 582 698 581 699 582 699 583 699 583 700 582 700 584 700 583 701 584 701 585 701 585 702 584 702 586 702 572 703 571 703 587 703 587 704 571 704 588 704 587 705 588 705 589 705 589 706 588 706 590 706 589 707 590 707 591 707 591 708 590 708 592 708 591 709 592 709 593 709 593 710 592 710 594 710 593 711 594 711 586 711 586 712 594 712 595 712 586 713 595 713 585 713 596 714 597 714 459 714 459 715 597 715 598 715 459 716 598 716 575 716 572 717 599 717 570 717 570 718 599 718 600 718 570 719 600 719 459 719 459 720 600 720 601 720 459 721 601 721 596 721 399 722 351 722 380 722 399 723 380 723 417 723 417 724 380 724 378 724 417 725 378 725 419 725 419 726 378 726 376 726 419 727 376 727 421 727 421 728 376 728 374 728 421 729 374 729 423 729 423 730 374 730 372 730 423 731 372 731 425 731 425 732 372 732 370 732 425 733 370 733 427 733 427 734 370 734 368 734 427 735 368 735 429 735 429 736 368 736 366 736 429 737 366 737 431 737 431 738 366 738 364 738 431 739 364 739 433 739 433 740 364 740 362 740 433 741 362 741 435 741 220 742 483 742 209 742 209 743 483 743 442 743 209 744 442 744 362 744 362 745 442 745 435 745 483 746 220 746 232 746 483 747 232 747 480 747 480 748 232 748 234 748 480 749 234 749 493 749 493 750 234 750 236 750 493 751 236 751 494 751 494 752 236 752 248 752 494 753 248 753 496 753 496 754 248 754 247 754 496 755 247 755 498 755 498 756 247 756 245 756 498 757 245 757 500 757 500 758 245 758 243 758 500 759 243 759 502 759 502 760 243 760 241 760 502 761 241 761 455 761 455 762 241 762 239 762 455 763 239 763 456 763 456 764 239 764 203 764 456 765 203 765 458 765 295 766 570 766 202 766 202 767 570 767 459 767 202 768 459 768 203 768 203 769 459 769 458 769 570 770 295 770 293 770 570 771 293 771 571 771 571 772 293 772 291 772 571 773 291 773 588 773 588 774 291 774 289 774 588 775 289 775 590 775 590 776 289 776 287 776 590 777 287 777 592 777 592 778 287 778 285 778 592 779 285 779 594 779 594 780 285 780 283 780 594 781 283 781 595 781 595 782 283 782 281 782 595 783 281 783 585 783 585 784 281 784 280 784 585 785 280 785 583 785 583 786 280 786 257 786 583 787 257 787 581 787 581 788 257 788 263 788 581 789 263 789 564 789 314 790 532 790 258 790 258 791 532 791 542 791 258 792 542 792 263 792 263 793 542 793 564 793 532 794 314 794 321 794 532 795 321 795 530 795 530 796 321 796 323 796 530 797 323 797 528 797 528 798 323 798 325 798 528 799 325 799 526 799 526 800 325 800 327 800 526 801 327 801 524 801 524 802 327 802 329 802 524 803 329 803 522 803 522 804 329 804 331 804 522 805 331 805 520 805 520 806 331 806 333 806 520 807 333 807 518 807 518 808 333 808 335 808 518 809 335 809 516 809 516 810 335 810 337 810 516 811 337 811 514 811 514 812 337 812 339 812 514 813 339 813 512 813 599 814 294 814 600 814 600 815 294 815 301 815 600 816 301 816 601 816 601 817 301 817 300 817 601 818 300 818 596 818 596 819 300 819 299 819 596 820 299 820 597 820 597 821 299 821 298 821 597 822 298 822 598 822 598 823 298 823 297 823 598 824 297 824 575 824 575 825 297 825 296 825 575 826 296 826 574 826 574 827 296 827 279 827 574 828 279 828 573 828 573 829 279 829 278 829 573 830 278 830 576 830 576 831 278 831 277 831 576 832 277 832 577 832 577 833 277 833 276 833 577 834 276 834 578 834 578 835 276 835 268 835 578 836 268 836 567 836 567 837 268 837 267 837 567 838 267 838 568 838 568 839 267 839 266 839 568 840 266 840 569 840 569 841 266 841 253 841 569 842 253 842 554 842 554 843 253 843 252 843 554 844 252 844 555 844 555 845 252 845 275 845 555 846 275 846 559 846 559 847 275 847 274 847 559 848 274 848 560 848 560 849 274 849 273 849 560 850 273 850 561 850 561 851 273 851 272 851 561 852 272 852 556 852 556 853 272 853 271 853 556 854 271 854 557 854 557 855 271 855 270 855 557 856 270 856 558 856 558 857 270 857 260 857 558 858 260 858 562 858 562 859 260 859 259 859 562 860 259 860 563 860 563 861 259 861 265 861 563 862 265 862 565 862 565 863 265 863 264 863 565 864 264 864 566 864 566 865 264 865 262 865 566 866 262 866 579 866 579 867 262 867 261 867 579 868 261 868 580 868 580 869 261 869 269 869 580 870 269 870 582 870 582 871 269 871 256 871 582 872 256 872 584 872 584 873 256 873 255 873 584 874 255 874 586 874 586 875 255 875 282 875 586 876 282 876 593 876 593 877 282 877 284 877 593 878 284 878 591 878 591 879 284 879 286 879 591 880 286 880 589 880 589 881 286 881 288 881 589 882 288 882 587 882 587 883 288 883 290 883 587 884 290 884 572 884 572 885 290 885 292 885 572 886 292 886 599 886 599 887 292 887 294 887 446 888 391 888 447 888 447 889 391 889 392 889 447 890 392 890 440 890 440 891 392 891 393 891 440 892 393 892 441 892 441 893 393 893 390 893 441 894 390 894 448 894 448 895 390 895 389 895 448 896 389 896 449 896 449 897 389 897 388 897 449 898 388 898 443 898 443 899 388 899 383 899 443 900 383 900 444 900 444 901 383 901 384 901 444 902 384 902 436 902 436 903 384 903 385 903 436 904 385 904 434 904 434 905 385 905 361 905 434 906 361 906 432 906 432 907 361 907 363 907 432 908 363 908 430 908 430 909 363 909 365 909 430 910 365 910 428 910 428 911 365 911 367 911 428 912 367 912 426 912 426 913 367 913 369 913 426 914 369 914 424 914 424 915 369 915 371 915 424 916 371 916 422 916 422 917 371 917 373 917 422 918 373 918 420 918 420 919 373 919 375 919 420 920 375 920 418 920 418 921 375 921 377 921 418 922 377 922 416 922 416 923 377 923 379 923 416 924 379 924 400 924 400 925 379 925 381 925 400 926 381 926 401 926 401 927 381 927 382 927 401 928 382 928 402 928 402 929 382 929 353 929 402 930 353 930 403 930 403 931 353 931 352 931 403 932 352 932 405 932 405 933 352 933 359 933 405 934 359 934 406 934 406 935 359 935 358 935 406 936 358 936 407 936 407 937 358 937 357 937 407 938 357 938 408 938 408 939 357 939 356 939 408 940 356 940 409 940 409 941 356 941 355 941 409 942 355 942 413 942 413 943 355 943 354 943 413 944 354 944 414 944 414 945 354 945 360 945 414 946 360 946 415 946 415 947 360 947 395 947 415 948 395 948 411 948 411 949 395 949 396 949 411 950 396 950 412 950 412 951 396 951 397 951 412 952 397 952 437 952 437 953 397 953 398 953 437 954 398 954 438 954 438 955 398 955 387 955 438 956 387 956 439 956 439 957 387 957 386 957 439 958 386 958 445 958 445 959 386 959 394 959 445 960 394 960 446 960 446 961 394 961 391 961 477 962 226 962 504 962 504 963 226 963 238 963 504 964 238 964 503 964 503 965 238 965 240 965 503 966 240 966 501 966 501 967 240 967 242 967 501 968 242 968 499 968 499 969 242 969 244 969 499 970 244 970 497 970 497 971 244 971 246 971 497 972 246 972 495 972 495 973 246 973 237 973 495 974 237 974 478 974 478 975 237 975 235 975 478 976 235 976 479 976 479 977 235 977 233 977 479 978 233 978 489 978 489 979 233 979 231 979 489 980 231 980 481 980 481 981 231 981 230 981 481 982 230 982 482 982 482 983 230 983 222 983 482 984 222 984 484 984 484 985 222 985 221 985 484 986 221 986 485 986 485 987 221 987 219 987 485 988 219 988 466 988 466 989 219 989 218 989 466 990 218 990 465 990 465 991 218 991 210 991 465 992 210 992 464 992 464 993 210 993 208 993 464 994 208 994 467 994 467 995 208 995 207 995 467 996 207 996 468 996 468 997 207 997 225 997 468 998 225 998 469 998 469 999 225 999 224 999 469 1000 224 1000 460 1000 460 1001 224 1001 223 1001 460 1002 223 1002 461 1002 461 1003 223 1003 216 1003 461 1004 216 1004 462 1004 462 1005 216 1005 217 1005 462 1006 217 1006 463 1006 463 1007 217 1007 211 1007 463 1008 211 1008 470 1008 470 1009 211 1009 212 1009 470 1010 212 1010 471 1010 471 1011 212 1011 213 1011 471 1012 213 1012 472 1012 472 1013 213 1013 214 1013 472 1014 214 1014 473 1014 473 1015 214 1015 215 1015 473 1016 215 1016 474 1016 474 1017 215 1017 206 1017 474 1018 206 1018 486 1018 486 1019 206 1019 205 1019 486 1020 205 1020 487 1020 487 1021 205 1021 204 1021 487 1022 204 1022 488 1022 488 1023 204 1023 251 1023 488 1024 251 1024 490 1024 490 1025 251 1025 250 1025 490 1026 250 1026 491 1026 491 1027 250 1027 249 1027 491 1028 249 1028 492 1028 492 1029 249 1029 229 1029 492 1030 229 1030 475 1030 475 1031 229 1031 228 1031 475 1032 228 1032 476 1032 476 1033 228 1033 227 1033 476 1034 227 1034 477 1034 477 1035 227 1035 226 1035 351 1036 399 1036 303 1036 303 1037 399 1037 450 1037 303 1038 450 1038 339 1038 339 1039 450 1039 512 1039 550 1040 342 1040 551 1040 551 1041 342 1041 350 1041 551 1042 350 1042 552 1042 552 1043 350 1043 349 1043 552 1044 349 1044 553 1044 553 1045 349 1045 348 1045 553 1046 348 1046 534 1046 534 1047 348 1047 347 1047 534 1048 347 1048 535 1048 535 1049 347 1049 346 1049 535 1050 346 1050 536 1050 536 1051 346 1051 310 1051 536 1052 310 1052 537 1052 537 1053 310 1053 309 1053 537 1054 309 1054 538 1054 538 1055 309 1055 318 1055 538 1056 318 1056 539 1056 539 1057 318 1057 317 1057 539 1058 317 1058 540 1058 540 1059 317 1059 316 1059 540 1060 316 1060 505 1060 505 1061 316 1061 308 1061 505 1062 308 1062 506 1062 506 1063 308 1063 307 1063 506 1064 307 1064 507 1064 507 1065 307 1065 306 1065 507 1066 306 1066 508 1066 508 1067 306 1067 302 1067 508 1068 302 1068 509 1068 509 1069 302 1069 304 1069 509 1070 304 1070 510 1070 510 1071 304 1071 305 1071 510 1072 305 1072 511 1072 511 1073 305 1073 341 1073 511 1074 341 1074 513 1074 513 1075 341 1075 340 1075 513 1076 340 1076 515 1076 515 1077 340 1077 338 1077 515 1078 338 1078 517 1078 517 1079 338 1079 336 1079 517 1080 336 1080 519 1080 519 1081 336 1081 334 1081 519 1082 334 1082 521 1082 521 1083 334 1083 332 1083 521 1084 332 1084 523 1084 523 1085 332 1085 330 1085 523 1086 330 1086 525 1086 525 1087 330 1087 328 1087 525 1088 328 1088 527 1088 527 1089 328 1089 326 1089 527 1090 326 1090 529 1090 529 1091 326 1091 324 1091 529 1092 324 1092 531 1092 531 1093 324 1093 322 1093 531 1094 322 1094 533 1094 533 1095 322 1095 320 1095 533 1096 320 1096 544 1096 544 1097 320 1097 319 1097 544 1098 319 1098 543 1098 543 1099 319 1099 315 1099 543 1100 315 1100 541 1100 541 1101 315 1101 313 1101 541 1102 313 1102 545 1102 545 1103 313 1103 312 1103 545 1104 312 1104 546 1104 546 1105 312 1105 311 1105 546 1106 311 1106 547 1106 547 1107 311 1107 345 1107 547 1108 345 1108 548 1108 548 1109 345 1109 344 1109 548 1110 344 1110 549 1110 549 1111 344 1111 343 1111 549 1112 343 1112 550 1112 550 1113 343 1113 342 1113 602 1114 603 1114 404 1114 404 1115 603 1115 451 1115 457 1116 604 1116 410 1116 410 1117 604 1117 602 1117 410 1118 602 1118 404 1118 605 1119 604 1119 454 1119 454 1120 604 1120 457 1120 605 1121 454 1121 603 1121 603 1122 454 1122 453 1122 603 1123 453 1123 451 1123 604 1124 605 1124 602 1124 602 1125 605 1125 603 1125 170 1126 168 1126 606 1126 2 1127 4 1127 0 1127 0 1128 4 1128 150 1128 607 1129 608 1129 14 1129 183 1130 609 1130 610 1130 158 1131 156 1131 609 1131 10 1132 152 1132 8 1132 8 1133 152 1133 150 1133 8 1134 150 1134 6 1134 6 1135 150 1135 4 1135 170 1136 606 1136 172 1136 172 1137 606 1137 611 1137 172 1138 611 1138 174 1138 195 1139 612 1139 613 1139 610 1140 614 1140 183 1140 183 1141 614 1141 615 1141 183 1142 615 1142 181 1142 181 1143 615 1143 616 1143 181 1144 616 1144 179 1144 179 1145 616 1145 617 1145 179 1146 617 1146 177 1146 160 1147 158 1147 187 1147 187 1148 158 1148 609 1148 187 1149 609 1149 185 1149 185 1150 609 1150 183 1150 14 1151 608 1151 12 1151 12 1152 608 1152 618 1152 12 1153 618 1153 619 1153 168 1154 166 1154 606 1154 606 1155 166 1155 164 1155 606 1156 164 1156 162 1156 620 1157 621 1157 154 1157 154 1158 621 1158 622 1158 154 1159 622 1159 156 1159 156 1160 622 1160 623 1160 156 1161 623 1161 609 1161 10 1162 12 1162 152 1162 152 1163 12 1163 619 1163 152 1164 619 1164 154 1164 154 1165 619 1165 624 1165 154 1166 624 1166 620 1166 612 1167 195 1167 625 1167 160 1168 187 1168 162 1168 162 1169 187 1169 189 1169 162 1170 189 1170 606 1170 606 1171 189 1171 191 1171 606 1172 191 1172 613 1172 613 1173 191 1173 193 1173 613 1174 193 1174 195 1174 118 1175 120 1175 116 1175 116 1176 120 1176 201 1176 120 1177 122 1177 201 1177 201 1178 122 1178 124 1178 201 1179 124 1179 199 1179 128 1180 626 1180 627 1180 124 1181 126 1181 199 1181 199 1182 126 1182 128 1182 199 1183 128 1183 197 1183 197 1184 128 1184 627 1184 197 1185 627 1185 195 1185 195 1186 627 1186 628 1186 195 1187 628 1187 625 1187 611 1188 629 1188 174 1188 174 1189 629 1189 630 1189 174 1190 630 1190 111 1190 111 1191 630 1191 631 1191 111 1192 631 1192 109 1192 109 1193 631 1193 632 1193 109 1194 632 1194 107 1194 107 1195 632 1195 633 1195 107 1196 633 1196 105 1196 105 1197 633 1197 634 1197 105 1198 634 1198 103 1198 103 1199 634 1199 635 1199 103 1200 635 1200 101 1200 101 1201 635 1201 636 1201 101 1202 636 1202 99 1202 99 1203 636 1203 637 1203 99 1204 637 1204 97 1204 97 1205 637 1205 638 1205 97 1206 638 1206 95 1206 95 1207 638 1207 639 1207 95 1208 639 1208 93 1208 93 1209 639 1209 640 1209 93 1210 640 1210 91 1210 91 1211 640 1211 641 1211 91 1212 641 1212 89 1212 89 1213 641 1213 642 1213 89 1214 642 1214 87 1214 87 1215 642 1215 643 1215 87 1216 643 1216 85 1216 85 1217 643 1217 644 1217 85 1218 644 1218 83 1218 83 1219 644 1219 645 1219 83 1220 645 1220 81 1220 81 1221 645 1221 646 1221 81 1222 646 1222 79 1222 79 1223 646 1223 647 1223 79 1224 647 1224 77 1224 77 1225 647 1225 648 1225 77 1226 648 1226 114 1226 114 1227 648 1227 649 1227 114 1228 649 1228 148 1228 148 1229 649 1229 650 1229 148 1230 650 1230 146 1230 146 1231 650 1231 651 1231 146 1232 651 1232 144 1232 144 1233 651 1233 652 1233 144 1234 652 1234 142 1234 142 1235 652 1235 653 1235 142 1236 653 1236 140 1236 140 1237 653 1237 654 1237 140 1238 654 1238 138 1238 138 1239 654 1239 655 1239 138 1240 655 1240 136 1240 136 1241 655 1241 656 1241 136 1242 656 1242 134 1242 134 1243 656 1243 657 1243 134 1244 657 1244 132 1244 132 1245 657 1245 658 1245 132 1246 658 1246 130 1246 130 1247 658 1247 659 1247 130 1248 659 1248 128 1248 128 1249 659 1249 660 1249 128 1250 660 1250 626 1250 661 1251 44 1251 662 1251 662 1252 44 1252 46 1252 662 1253 46 1253 663 1253 663 1254 46 1254 48 1254 663 1255 48 1255 617 1255 617 1256 48 1256 50 1256 617 1257 50 1257 177 1257 664 1258 32 1258 665 1258 665 1259 32 1259 34 1259 665 1260 34 1260 666 1260 666 1261 34 1261 36 1261 666 1262 36 1262 667 1262 667 1263 36 1263 38 1263 667 1264 38 1264 668 1264 668 1265 38 1265 40 1265 668 1266 40 1266 661 1266 661 1267 40 1267 42 1267 661 1268 42 1268 44 1268 14 1269 16 1269 607 1269 607 1270 16 1270 18 1270 607 1271 18 1271 669 1271 669 1272 18 1272 20 1272 669 1273 20 1273 670 1273 670 1274 20 1274 22 1274 670 1275 22 1275 671 1275 671 1276 22 1276 24 1276 671 1277 24 1277 672 1277 672 1278 24 1278 67 1278 672 1279 67 1279 673 1279 673 1280 67 1280 69 1280 673 1281 69 1281 674 1281 674 1282 69 1282 71 1282 674 1283 71 1283 675 1283 675 1284 71 1284 73 1284 675 1285 73 1285 676 1285 676 1286 73 1286 75 1286 676 1287 75 1287 677 1287 677 1288 75 1288 64 1288 677 1289 64 1289 678 1289 678 1290 64 1290 52 1290 678 1291 52 1291 679 1291 679 1292 52 1292 54 1292 679 1293 54 1293 680 1293 680 1294 54 1294 56 1294 680 1295 56 1295 681 1295 681 1296 56 1296 58 1296 681 1297 58 1297 682 1297 682 1298 58 1298 60 1298 682 1299 60 1299 683 1299 683 1300 60 1300 62 1300 683 1301 62 1301 684 1301 684 1302 62 1302 26 1302 684 1303 26 1303 685 1303 685 1304 26 1304 28 1304 685 1305 28 1305 664 1305 664 1306 28 1306 30 1306 664 1307 30 1307 32 1307 686 1308 687 1308 688 1308 688 1309 687 1309 689 1309 688 1310 689 1310 690 1310 690 1311 689 1311 691 1311 690 1312 691 1312 692 1312 692 1313 691 1313 693 1313 692 1314 693 1314 694 1314 694 1315 693 1315 695 1315 694 1316 695 1316 696 1316 696 1317 695 1317 697 1317 696 1318 697 1318 698 1318 698 1319 697 1319 699 1319 698 1320 699 1320 700 1320 700 1321 699 1321 701 1321 700 1322 701 1322 702 1322 702 1323 701 1323 703 1323 702 1324 703 1324 704 1324 704 1325 703 1325 705 1325 704 1326 705 1326 706 1326 706 1327 705 1327 707 1327 706 1328 707 1328 708 1328 708 1329 707 1329 709 1329 708 1330 709 1330 710 1330 710 1331 709 1331 711 1331 710 1332 711 1332 712 1332 712 1333 711 1333 713 1333 712 1334 713 1334 714 1334 714 1335 713 1335 715 1335 714 1336 715 1336 716 1336 716 1337 715 1337 717 1337 716 1338 717 1338 718 1338 718 1339 717 1339 719 1339 718 1340 719 1340 720 1340 720 1341 719 1341 721 1341 720 1342 721 1342 722 1342 722 1343 721 1343 723 1343 722 1344 723 1344 724 1344 724 1345 723 1345 725 1345 724 1346 725 1346 726 1346 726 1347 725 1347 727 1347 726 1348 727 1348 728 1348 728 1349 727 1349 729 1349 728 1350 729 1350 730 1350 730 1351 729 1351 731 1351 730 1352 731 1352 732 1352 732 1353 731 1353 733 1353 732 1354 733 1354 734 1354 734 1355 733 1355 735 1355 734 1356 735 1356 736 1356 736 1357 735 1357 737 1357 736 1358 737 1358 738 1358 738 1359 737 1359 739 1359 738 1360 739 1360 740 1360 740 1361 739 1361 741 1361 740 1362 741 1362 742 1362 742 1363 741 1363 743 1363 742 1364 743 1364 744 1364 744 1365 743 1365 745 1365 744 1366 745 1366 746 1366 746 1367 745 1367 747 1367 746 1368 747 1368 748 1368 748 1369 747 1369 749 1369 748 1370 749 1370 750 1370 750 1371 749 1371 751 1371 750 1372 751 1372 752 1372 752 1373 751 1373 753 1373 752 1374 753 1374 754 1374 754 1375 753 1375 755 1375 754 1376 755 1376 756 1376 756 1377 755 1377 757 1377 756 1378 757 1378 758 1378 758 1379 757 1379 759 1379 758 1380 759 1380 760 1380 760 1381 759 1381 686 1381 760 1382 686 1382 688 1382 648 1383 761 1383 649 1383 649 1384 761 1384 762 1384 649 1385 762 1385 763 1385 649 1386 763 1386 650 1386 650 1387 763 1387 764 1387 650 1388 764 1388 651 1388 651 1389 764 1389 765 1389 651 1390 765 1390 652 1390 652 1391 765 1391 766 1391 652 1392 766 1392 653 1392 653 1393 766 1393 767 1393 653 1394 767 1394 654 1394 654 1395 767 1395 768 1395 654 1396 768 1396 655 1396 655 1397 768 1397 769 1397 655 1398 769 1398 656 1398 656 1399 769 1399 770 1399 656 1400 770 1400 657 1400 657 1401 770 1401 771 1401 657 1402 771 1402 658 1402 658 1403 771 1403 772 1403 658 1404 772 1404 659 1404 659 1405 772 1405 773 1405 659 1406 773 1406 660 1406 660 1407 773 1407 774 1407 660 1408 774 1408 626 1408 626 1409 774 1409 775 1409 626 1410 775 1410 627 1410 627 1411 775 1411 776 1411 627 1412 776 1412 628 1412 628 1413 776 1413 777 1413 628 1414 777 1414 625 1414 625 1415 777 1415 778 1415 625 1416 778 1416 612 1416 612 1417 778 1417 779 1417 612 1418 779 1418 613 1418 613 1419 779 1419 780 1419 613 1420 780 1420 606 1420 606 1421 780 1421 781 1421 606 1422 781 1422 611 1422 781 1423 782 1423 611 1423 611 1424 782 1424 629 1424 629 1425 782 1425 783 1425 629 1426 783 1426 630 1426 630 1427 783 1427 784 1427 630 1428 784 1428 631 1428 631 1429 784 1429 785 1429 631 1430 785 1430 632 1430 632 1431 785 1431 786 1431 632 1432 786 1432 633 1432 633 1433 786 1433 787 1433 633 1434 787 1434 634 1434 634 1435 787 1435 788 1435 634 1436 788 1436 635 1436 635 1437 788 1437 789 1437 635 1438 789 1438 636 1438 636 1439 789 1439 790 1439 636 1440 790 1440 637 1440 637 1441 790 1441 791 1441 637 1442 791 1442 638 1442 638 1443 791 1443 792 1443 638 1444 792 1444 639 1444 639 1445 792 1445 793 1445 639 1446 793 1446 640 1446 640 1447 793 1447 794 1447 640 1448 794 1448 641 1448 641 1449 794 1449 795 1449 641 1450 795 1450 642 1450 642 1451 795 1451 796 1451 642 1452 796 1452 643 1452 643 1453 796 1453 797 1453 643 1454 797 1454 644 1454 644 1455 797 1455 798 1455 644 1456 798 1456 645 1456 645 1457 798 1457 799 1457 645 1458 799 1458 646 1458 646 1459 799 1459 800 1459 646 1460 800 1460 647 1460 647 1461 800 1461 761 1461 647 1462 761 1462 648 1462 726 1463 728 1463 793 1463 761 1464 801 1464 802 1464 802 1465 803 1465 761 1465 761 1466 803 1466 804 1466 761 1467 804 1467 762 1467 793 1468 728 1468 794 1468 794 1469 728 1469 730 1469 794 1470 730 1470 795 1470 795 1471 730 1471 732 1471 795 1472 732 1472 796 1472 796 1473 732 1473 734 1473 796 1474 734 1474 797 1474 797 1475 734 1475 736 1475 797 1476 736 1476 798 1476 798 1477 736 1477 738 1477 798 1478 738 1478 799 1478 799 1479 738 1479 740 1479 799 1480 740 1480 800 1480 800 1481 740 1481 742 1481 800 1482 742 1482 761 1482 761 1483 742 1483 744 1483 761 1484 744 1484 746 1484 746 1485 748 1485 761 1485 761 1486 748 1486 750 1486 761 1487 750 1487 801 1487 801 1488 750 1488 752 1488 801 1489 752 1489 754 1489 805 1490 782 1490 806 1490 806 1491 782 1491 781 1491 805 1492 807 1492 782 1492 782 1493 807 1493 808 1493 782 1494 808 1494 809 1494 756 1495 810 1495 754 1495 754 1496 810 1496 811 1496 754 1497 811 1497 801 1497 804 1498 812 1498 762 1498 762 1499 812 1499 813 1499 762 1500 813 1500 763 1500 763 1501 813 1501 814 1501 763 1502 814 1502 764 1502 764 1503 814 1503 815 1503 764 1504 815 1504 765 1504 765 1505 815 1505 816 1505 765 1506 816 1506 766 1506 766 1507 816 1507 817 1507 766 1508 817 1508 767 1508 767 1509 817 1509 818 1509 767 1510 818 1510 768 1510 768 1511 818 1511 819 1511 768 1512 819 1512 769 1512 769 1513 819 1513 820 1513 769 1514 820 1514 770 1514 770 1515 820 1515 821 1515 770 1516 821 1516 771 1516 771 1517 821 1517 822 1517 771 1518 822 1518 772 1518 772 1519 822 1519 823 1519 772 1520 823 1520 773 1520 773 1521 823 1521 824 1521 773 1522 824 1522 774 1522 774 1523 824 1523 825 1523 774 1524 825 1524 775 1524 775 1525 825 1525 826 1525 775 1526 826 1526 776 1526 776 1527 826 1527 827 1527 776 1528 827 1528 777 1528 777 1529 827 1529 828 1529 777 1530 828 1530 778 1530 778 1531 828 1531 829 1531 778 1532 829 1532 779 1532 779 1533 829 1533 830 1533 779 1534 830 1534 780 1534 780 1535 830 1535 831 1535 780 1536 831 1536 781 1536 781 1537 831 1537 832 1537 781 1538 832 1538 806 1538 758 1539 833 1539 756 1539 756 1540 833 1540 834 1540 756 1541 834 1541 810 1541 793 1542 792 1542 726 1542 726 1543 792 1543 791 1543 726 1544 791 1544 724 1544 724 1545 791 1545 790 1545 724 1546 790 1546 722 1546 722 1547 790 1547 789 1547 722 1548 789 1548 720 1548 720 1549 789 1549 788 1549 720 1550 788 1550 718 1550 718 1551 788 1551 787 1551 718 1552 787 1552 716 1552 716 1553 787 1553 786 1553 716 1554 786 1554 714 1554 714 1555 786 1555 785 1555 714 1556 785 1556 712 1556 712 1557 785 1557 784 1557 712 1558 784 1558 710 1558 710 1559 784 1559 783 1559 710 1560 783 1560 708 1560 708 1561 783 1561 782 1561 708 1562 782 1562 706 1562 758 1563 760 1563 833 1563 833 1564 760 1564 688 1564 833 1565 688 1565 835 1565 688 1566 690 1566 835 1566 835 1567 690 1567 692 1567 835 1568 692 1568 836 1568 836 1569 692 1569 694 1569 836 1570 694 1570 837 1570 837 1571 694 1571 809 1571 809 1572 694 1572 696 1572 809 1573 696 1573 698 1573 698 1574 700 1574 809 1574 809 1575 700 1575 702 1575 809 1576 702 1576 782 1576 782 1577 702 1577 704 1577 782 1578 704 1578 706 1578 838 1579 839 1579 822 1579 822 1580 839 1580 840 1580 822 1581 840 1581 823 1581 823 1582 840 1582 841 1582 823 1583 841 1583 824 1583 824 1584 841 1584 842 1584 824 1585 842 1585 825 1585 825 1586 842 1586 843 1586 825 1587 843 1587 826 1587 826 1588 843 1588 844 1588 826 1589 844 1589 827 1589 827 1590 844 1590 845 1590 827 1591 845 1591 828 1591 828 1592 845 1592 846 1592 828 1593 846 1593 829 1593 829 1594 846 1594 847 1594 829 1595 847 1595 830 1595 830 1596 847 1596 848 1596 830 1597 848 1597 831 1597 831 1598 848 1598 849 1598 831 1599 849 1599 832 1599 832 1600 849 1600 850 1600 832 1601 850 1601 806 1601 806 1602 850 1602 851 1602 806 1603 851 1603 805 1603 805 1604 851 1604 852 1604 805 1605 852 1605 807 1605 807 1606 852 1606 853 1606 807 1607 853 1607 808 1607 808 1608 853 1608 854 1608 808 1609 854 1609 809 1609 809 1610 854 1610 855 1610 809 1611 855 1611 837 1611 837 1612 855 1612 856 1612 837 1613 856 1613 836 1613 836 1614 856 1614 857 1614 836 1615 857 1615 835 1615 835 1616 857 1616 858 1616 835 1617 858 1617 833 1617 833 1618 858 1618 859 1618 833 1619 859 1619 834 1619 834 1620 859 1620 860 1620 834 1621 860 1621 810 1621 810 1622 860 1622 861 1622 810 1623 861 1623 811 1623 811 1624 861 1624 862 1624 811 1625 862 1625 801 1625 801 1626 862 1626 863 1626 801 1627 863 1627 802 1627 802 1628 863 1628 864 1628 802 1629 864 1629 803 1629 803 1630 864 1630 865 1630 803 1631 865 1631 804 1631 804 1632 865 1632 866 1632 804 1633 866 1633 812 1633 812 1634 866 1634 867 1634 812 1635 867 1635 813 1635 813 1636 867 1636 868 1636 813 1637 868 1637 814 1637 814 1638 868 1638 869 1638 814 1639 869 1639 815 1639 815 1640 869 1640 870 1640 815 1641 870 1641 816 1641 816 1642 870 1642 871 1642 816 1643 871 1643 817 1643 817 1644 871 1644 872 1644 817 1645 872 1645 818 1645 818 1646 872 1646 873 1646 818 1647 873 1647 819 1647 819 1648 873 1648 874 1648 819 1649 874 1649 820 1649 820 1650 874 1650 875 1650 820 1651 875 1651 821 1651 821 1652 875 1652 838 1652 821 1653 838 1653 822 1653 876 1654 689 1654 877 1654 877 1655 689 1655 687 1655 877 1656 687 1656 878 1656 878 1657 687 1657 686 1657 878 1658 686 1658 879 1658 879 1659 686 1659 759 1659 879 1660 759 1660 880 1660 880 1661 759 1661 757 1661 880 1662 757 1662 881 1662 881 1663 757 1663 755 1663 881 1664 755 1664 882 1664 882 1665 755 1665 753 1665 882 1666 753 1666 883 1666 883 1667 753 1667 751 1667 883 1668 751 1668 884 1668 884 1669 751 1669 749 1669 884 1670 749 1670 885 1670 885 1671 749 1671 747 1671 885 1672 747 1672 886 1672 886 1673 747 1673 745 1673 886 1674 745 1674 887 1674 887 1675 745 1675 743 1675 887 1676 743 1676 888 1676 888 1677 743 1677 741 1677 888 1678 741 1678 889 1678 889 1679 741 1679 739 1679 889 1680 739 1680 890 1680 890 1681 739 1681 737 1681 890 1682 737 1682 891 1682 891 1683 737 1683 735 1683 891 1684 735 1684 892 1684 892 1685 735 1685 733 1685 892 1686 733 1686 893 1686 893 1687 733 1687 731 1687 893 1688 731 1688 894 1688 894 1689 731 1689 729 1689 894 1690 729 1690 895 1690 895 1691 729 1691 727 1691 895 1692 727 1692 896 1692 896 1693 727 1693 725 1693 896 1694 725 1694 897 1694 897 1695 725 1695 723 1695 897 1696 723 1696 898 1696 898 1697 723 1697 721 1697 898 1698 721 1698 899 1698 899 1699 721 1699 719 1699 899 1700 719 1700 900 1700 900 1701 719 1701 717 1701 900 1702 717 1702 901 1702 901 1703 717 1703 715 1703 901 1704 715 1704 902 1704 902 1705 715 1705 713 1705 902 1706 713 1706 903 1706 903 1707 713 1707 711 1707 903 1708 711 1708 904 1708 904 1709 711 1709 709 1709 904 1710 709 1710 905 1710 905 1711 709 1711 707 1711 905 1712 707 1712 906 1712 906 1713 707 1713 705 1713 906 1714 705 1714 907 1714 907 1715 705 1715 703 1715 907 1716 703 1716 908 1716 908 1717 703 1717 701 1717 908 1718 701 1718 909 1718 909 1719 701 1719 699 1719 909 1720 699 1720 910 1720 910 1721 699 1721 697 1721 910 1722 697 1722 911 1722 911 1723 697 1723 695 1723 911 1724 695 1724 912 1724 912 1725 695 1725 693 1725 912 1726 693 1726 913 1726 913 1727 693 1727 691 1727 913 1728 691 1728 876 1728 876 1729 691 1729 689 1729 914 1730 915 1730 916 1730 917 1731 918 1731 916 1731 916 1732 918 1732 919 1732 916 1733 919 1733 914 1733 920 1734 921 1734 916 1734 916 1735 921 1735 922 1735 916 1736 922 1736 917 1736 923 1737 924 1737 916 1737 916 1738 924 1738 925 1738 916 1739 925 1739 920 1739 926 1740 927 1740 916 1740 916 1741 927 1741 928 1741 916 1742 928 1742 923 1742 929 1743 930 1743 916 1743 916 1744 930 1744 931 1744 916 1745 931 1745 926 1745 932 1746 933 1746 916 1746 916 1747 933 1747 934 1747 916 1748 934 1748 929 1748 935 1749 936 1749 916 1749 916 1750 936 1750 937 1750 916 1751 937 1751 932 1751 938 1752 939 1752 916 1752 916 1753 939 1753 940 1753 916 1754 940 1754 935 1754 941 1755 942 1755 916 1755 916 1756 942 1756 943 1756 916 1757 943 1757 938 1757 944 1758 945 1758 916 1758 916 1759 945 1759 946 1759 916 1760 946 1760 941 1760 947 1761 948 1761 916 1761 916 1762 948 1762 949 1762 916 1763 949 1763 944 1763 915 1764 950 1764 916 1764 916 1765 950 1765 951 1765 916 1766 951 1766 947 1766 914 1767 952 1767 915 1767 915 1768 952 1768 953 1768 915 1769 953 1769 950 1769 950 1770 953 1770 954 1770 950 1771 954 1771 951 1771 951 1772 954 1772 955 1772 951 1773 955 1773 947 1773 947 1774 955 1774 956 1774 947 1775 956 1775 948 1775 948 1776 956 1776 957 1776 948 1777 957 1777 949 1777 949 1778 957 1778 958 1778 949 1779 958 1779 944 1779 944 1780 958 1780 959 1780 944 1781 959 1781 945 1781 945 1782 959 1782 960 1782 945 1783 960 1783 946 1783 946 1784 960 1784 961 1784 946 1785 961 1785 941 1785 941 1786 961 1786 962 1786 941 1787 962 1787 942 1787 942 1788 962 1788 963 1788 942 1789 963 1789 943 1789 943 1790 963 1790 964 1790 943 1791 964 1791 938 1791 938 1792 964 1792 965 1792 938 1793 965 1793 939 1793 939 1794 965 1794 966 1794 939 1795 966 1795 940 1795 940 1796 966 1796 967 1796 940 1797 967 1797 935 1797 935 1798 967 1798 968 1798 935 1799 968 1799 936 1799 936 1800 968 1800 969 1800 936 1801 969 1801 937 1801 937 1802 969 1802 970 1802 937 1803 970 1803 932 1803 932 1804 970 1804 971 1804 932 1805 971 1805 933 1805 933 1806 971 1806 972 1806 933 1807 972 1807 934 1807 934 1808 972 1808 973 1808 934 1809 973 1809 929 1809 929 1810 973 1810 974 1810 929 1811 974 1811 930 1811 930 1812 974 1812 975 1812 930 1813 975 1813 931 1813 931 1814 975 1814 976 1814 931 1815 976 1815 926 1815 926 1816 976 1816 977 1816 926 1817 977 1817 927 1817 927 1818 977 1818 978 1818 927 1819 978 1819 928 1819 928 1820 978 1820 979 1820 928 1821 979 1821 923 1821 923 1822 979 1822 980 1822 923 1823 980 1823 924 1823 924 1824 980 1824 981 1824 924 1825 981 1825 925 1825 925 1826 981 1826 982 1826 925 1827 982 1827 920 1827 920 1828 982 1828 983 1828 920 1829 983 1829 921 1829 921 1830 983 1830 984 1830 921 1831 984 1831 922 1831 922 1832 984 1832 985 1832 922 1833 985 1833 917 1833 917 1834 985 1834 986 1834 917 1835 986 1835 918 1835 918 1836 986 1836 987 1836 918 1837 987 1837 919 1837 919 1838 987 1838 988 1838 919 1839 988 1839 914 1839 914 1840 988 1840 952 1840 988 1841 989 1841 952 1841 952 1842 989 1842 990 1842 952 1843 990 1843 953 1843 953 1844 990 1844 991 1844 953 1845 991 1845 954 1845 954 1846 991 1846 992 1846 954 1847 992 1847 955 1847 955 1848 992 1848 993 1848 955 1849 993 1849 956 1849 956 1850 993 1850 994 1850 956 1851 994 1851 957 1851 957 1852 994 1852 995 1852 957 1853 995 1853 958 1853 958 1854 995 1854 996 1854 958 1855 996 1855 959 1855 959 1856 996 1856 997 1856 959 1857 997 1857 960 1857 960 1858 997 1858 998 1858 960 1859 998 1859 961 1859 961 1860 998 1860 999 1860 961 1861 999 1861 962 1861 962 1862 999 1862 1000 1862 962 1863 1000 1863 963 1863 963 1864 1000 1864 1001 1864 963 1865 1001 1865 964 1865 964 1866 1001 1866 1002 1866 964 1867 1002 1867 965 1867 965 1868 1002 1868 1003 1868 965 1869 1003 1869 966 1869 966 1870 1003 1870 1004 1870 966 1871 1004 1871 967 1871 967 1872 1004 1872 1005 1872 967 1873 1005 1873 968 1873 968 1874 1005 1874 1006 1874 968 1875 1006 1875 969 1875 969 1876 1006 1876 1007 1876 969 1877 1007 1877 970 1877 970 1878 1007 1878 1008 1878 970 1879 1008 1879 971 1879 971 1880 1008 1880 1009 1880 971 1881 1009 1881 972 1881 972 1882 1009 1882 1010 1882 972 1883 1010 1883 973 1883 973 1884 1010 1884 1011 1884 973 1885 1011 1885 974 1885 974 1886 1011 1886 1012 1886 974 1887 1012 1887 975 1887 975 1888 1012 1888 1013 1888 975 1889 1013 1889 976 1889 976 1890 1013 1890 1014 1890 976 1891 1014 1891 977 1891 977 1892 1014 1892 1015 1892 977 1893 1015 1893 978 1893 978 1894 1015 1894 1016 1894 978 1895 1016 1895 979 1895 979 1896 1016 1896 1017 1896 979 1897 1017 1897 980 1897 980 1898 1017 1898 1018 1898 980 1899 1018 1899 981 1899 981 1900 1018 1900 1019 1900 981 1901 1019 1901 982 1901 982 1902 1019 1902 1020 1902 982 1903 1020 1903 983 1903 983 1904 1020 1904 1021 1904 983 1905 1021 1905 984 1905 984 1906 1021 1906 1022 1906 984 1907 1022 1907 985 1907 985 1908 1022 1908 1023 1908 985 1909 1023 1909 986 1909 986 1910 1023 1910 1024 1910 986 1911 1024 1911 987 1911 987 1912 1024 1912 1025 1912 987 1913 1025 1913 988 1913 988 1914 1025 1914 989 1914 1025 1915 1026 1915 989 1915 989 1916 1026 1916 1027 1916 989 1917 1027 1917 990 1917 990 1918 1027 1918 1028 1918 990 1919 1028 1919 991 1919 991 1920 1028 1920 1029 1920 991 1921 1029 1921 992 1921 992 1922 1029 1922 1030 1922 992 1923 1030 1923 993 1923 993 1924 1030 1924 1031 1924 993 1925 1031 1925 994 1925 994 1926 1031 1926 1032 1926 994 1927 1032 1927 995 1927 995 1928 1032 1928 1033 1928 995 1929 1033 1929 996 1929 996 1930 1033 1930 1034 1930 996 1931 1034 1931 997 1931 997 1932 1034 1932 1035 1932 997 1933 1035 1933 998 1933 998 1934 1035 1934 1036 1934 998 1935 1036 1935 999 1935 999 1936 1036 1936 1037 1936 999 1937 1037 1937 1000 1937 1000 1938 1037 1938 1038 1938 1000 1939 1038 1939 1001 1939 1001 1940 1038 1940 1039 1940 1001 1941 1039 1941 1002 1941 1002 1942 1039 1942 1040 1942 1002 1943 1040 1943 1003 1943 1003 1944 1040 1944 1041 1944 1003 1945 1041 1945 1004 1945 1004 1946 1041 1946 1042 1946 1004 1947 1042 1947 1005 1947 1005 1948 1042 1948 1043 1948 1005 1949 1043 1949 1006 1949 1006 1950 1043 1950 1044 1950 1006 1951 1044 1951 1007 1951 1007 1952 1044 1952 1045 1952 1007 1953 1045 1953 1008 1953 1008 1954 1045 1954 1046 1954 1008 1955 1046 1955 1009 1955 1009 1956 1046 1956 1047 1956 1009 1957 1047 1957 1010 1957 1010 1958 1047 1958 1048 1958 1010 1959 1048 1959 1011 1959 1011 1960 1048 1960 1049 1960 1011 1961 1049 1961 1012 1961 1012 1962 1049 1962 1050 1962 1012 1963 1050 1963 1013 1963 1013 1964 1050 1964 1051 1964 1013 1965 1051 1965 1014 1965 1014 1966 1051 1966 1052 1966 1014 1967 1052 1967 1015 1967 1015 1968 1052 1968 1053 1968 1015 1969 1053 1969 1016 1969 1016 1970 1053 1970 1054 1970 1016 1971 1054 1971 1017 1971 1017 1972 1054 1972 1055 1972 1017 1973 1055 1973 1018 1973 1018 1974 1055 1974 1056 1974 1018 1975 1056 1975 1019 1975 1019 1976 1056 1976 1057 1976 1019 1977 1057 1977 1020 1977 1020 1978 1057 1978 1058 1978 1020 1979 1058 1979 1021 1979 1021 1980 1058 1980 1059 1980 1021 1981 1059 1981 1022 1981 1022 1982 1059 1982 1060 1982 1022 1983 1060 1983 1023 1983 1023 1984 1060 1984 1061 1984 1023 1985 1061 1985 1024 1985 1024 1986 1061 1986 1062 1986 1024 1987 1062 1987 1025 1987 1025 1988 1062 1988 1026 1988 1062 1989 1063 1989 1026 1989 1026 1990 1063 1990 1064 1990 1026 1991 1064 1991 1027 1991 1027 1992 1064 1992 1065 1992 1027 1993 1065 1993 1028 1993 1028 1994 1065 1994 1066 1994 1028 1995 1066 1995 1029 1995 1029 1996 1066 1996 1067 1996 1029 1997 1067 1997 1030 1997 1030 1998 1067 1998 1068 1998 1030 1999 1068 1999 1031 1999 1031 2000 1068 2000 1069 2000 1031 2001 1069 2001 1032 2001 1032 2002 1069 2002 1070 2002 1032 2003 1070 2003 1033 2003 1033 2004 1070 2004 1071 2004 1033 2005 1071 2005 1034 2005 1034 2006 1071 2006 1072 2006 1034 2007 1072 2007 1035 2007 1035 2008 1072 2008 1073 2008 1035 2009 1073 2009 1036 2009 1036 2010 1073 2010 1074 2010 1036 2011 1074 2011 1037 2011 1037 2012 1074 2012 1075 2012 1037 2013 1075 2013 1038 2013 1038 2014 1075 2014 1076 2014 1038 2015 1076 2015 1039 2015 1039 2016 1076 2016 1077 2016 1039 2017 1077 2017 1040 2017 1040 2018 1077 2018 1078 2018 1040 2019 1078 2019 1041 2019 1041 2020 1078 2020 1079 2020 1041 2021 1079 2021 1042 2021 1042 2022 1079 2022 1080 2022 1042 2023 1080 2023 1043 2023 1043 2024 1080 2024 1081 2024 1043 2025 1081 2025 1044 2025 1044 2026 1081 2026 1082 2026 1044 2027 1082 2027 1045 2027 1045 2028 1082 2028 1083 2028 1045 2029 1083 2029 1046 2029 1046 2030 1083 2030 1084 2030 1046 2031 1084 2031 1047 2031 1047 2032 1084 2032 1085 2032 1047 2033 1085 2033 1048 2033 1048 2034 1085 2034 1086 2034 1048 2035 1086 2035 1049 2035 1049 2036 1086 2036 1087 2036 1049 2037 1087 2037 1050 2037 1050 2038 1087 2038 1088 2038 1050 2039 1088 2039 1051 2039 1051 2040 1088 2040 1089 2040 1051 2041 1089 2041 1052 2041 1052 2042 1089 2042 1090 2042 1052 2043 1090 2043 1053 2043 1053 2044 1090 2044 1091 2044 1053 2045 1091 2045 1054 2045 1054 2046 1091 2046 1092 2046 1054 2047 1092 2047 1055 2047 1055 2048 1092 2048 1093 2048 1055 2049 1093 2049 1056 2049 1056 2050 1093 2050 1094 2050 1056 2051 1094 2051 1057 2051 1057 2052 1094 2052 1095 2052 1057 2053 1095 2053 1058 2053 1058 2054 1095 2054 1096 2054 1058 2055 1096 2055 1059 2055 1059 2056 1096 2056 1097 2056 1059 2057 1097 2057 1060 2057 1060 2058 1097 2058 1098 2058 1060 2059 1098 2059 1061 2059 1061 2060 1098 2060 1099 2060 1061 2061 1099 2061 1062 2061 1062 2062 1099 2062 1063 2062 1099 2063 1100 2063 1063 2063 1063 2064 1100 2064 1101 2064 1063 2065 1101 2065 1064 2065 1064 2066 1101 2066 1102 2066 1064 2067 1102 2067 1065 2067 1065 2068 1102 2068 1103 2068 1065 2069 1103 2069 1066 2069 1066 2070 1103 2070 1104 2070 1066 2071 1104 2071 1067 2071 1067 2072 1104 2072 1105 2072 1067 2073 1105 2073 1068 2073 1068 2074 1105 2074 1106 2074 1068 2075 1106 2075 1069 2075 1069 2076 1106 2076 1107 2076 1069 2077 1107 2077 1070 2077 1070 2078 1107 2078 1108 2078 1070 2079 1108 2079 1071 2079 1071 2080 1108 2080 1109 2080 1071 2081 1109 2081 1072 2081 1072 2082 1109 2082 1110 2082 1072 2083 1110 2083 1073 2083 1073 2084 1110 2084 1111 2084 1073 2085 1111 2085 1074 2085 1074 2086 1111 2086 1112 2086 1074 2087 1112 2087 1075 2087 1075 2088 1112 2088 1113 2088 1075 2089 1113 2089 1076 2089 1076 2090 1113 2090 1114 2090 1076 2091 1114 2091 1077 2091 1077 2092 1114 2092 1115 2092 1077 2093 1115 2093 1078 2093 1078 2094 1115 2094 1116 2094 1078 2095 1116 2095 1079 2095 1079 2096 1116 2096 1117 2096 1079 2097 1117 2097 1080 2097 1080 2098 1117 2098 1118 2098 1080 2099 1118 2099 1081 2099 1081 2100 1118 2100 1119 2100 1081 2101 1119 2101 1082 2101 1082 2102 1119 2102 1120 2102 1082 2103 1120 2103 1083 2103 1083 2104 1120 2104 1121 2104 1083 2105 1121 2105 1084 2105 1084 2106 1121 2106 1122 2106 1084 2107 1122 2107 1085 2107 1085 2108 1122 2108 1123 2108 1085 2109 1123 2109 1086 2109 1086 2110 1123 2110 1124 2110 1086 2111 1124 2111 1087 2111 1087 2112 1124 2112 1125 2112 1087 2113 1125 2113 1088 2113 1088 2114 1125 2114 1126 2114 1088 2115 1126 2115 1089 2115 1089 2116 1126 2116 1127 2116 1089 2117 1127 2117 1090 2117 1090 2118 1127 2118 1128 2118 1090 2119 1128 2119 1091 2119 1091 2120 1128 2120 1129 2120 1091 2121 1129 2121 1092 2121 1092 2122 1129 2122 1130 2122 1092 2123 1130 2123 1093 2123 1093 2124 1130 2124 1131 2124 1093 2125 1131 2125 1094 2125 1094 2126 1131 2126 1132 2126 1094 2127 1132 2127 1095 2127 1095 2128 1132 2128 1133 2128 1095 2129 1133 2129 1096 2129 1096 2130 1133 2130 1134 2130 1096 2131 1134 2131 1097 2131 1097 2132 1134 2132 1135 2132 1097 2133 1135 2133 1098 2133 1098 2134 1135 2134 1136 2134 1098 2135 1136 2135 1099 2135 1099 2136 1136 2136 1100 2136 1136 2137 1137 2137 1100 2137 1100 2138 1137 2138 1138 2138 1100 2139 1138 2139 1101 2139 1101 2140 1138 2140 1139 2140 1101 2141 1139 2141 1102 2141 1102 2142 1139 2142 1140 2142 1102 2143 1140 2143 1103 2143 1103 2144 1140 2144 1141 2144 1103 2145 1141 2145 1104 2145 1104 2146 1141 2146 1142 2146 1104 2147 1142 2147 1105 2147 1105 2148 1142 2148 1143 2148 1105 2149 1143 2149 1106 2149 1106 2150 1143 2150 1144 2150 1106 2151 1144 2151 1107 2151 1107 2152 1144 2152 1145 2152 1107 2153 1145 2153 1108 2153 1108 2154 1145 2154 1146 2154 1108 2155 1146 2155 1109 2155 1109 2156 1146 2156 1147 2156 1109 2157 1147 2157 1110 2157 1110 2158 1147 2158 1148 2158 1110 2159 1148 2159 1111 2159 1111 2160 1148 2160 1149 2160 1111 2161 1149 2161 1112 2161 1112 2162 1149 2162 1150 2162 1112 2163 1150 2163 1113 2163 1113 2164 1150 2164 1151 2164 1113 2165 1151 2165 1114 2165 1114 2166 1151 2166 1152 2166 1114 2167 1152 2167 1115 2167 1115 2168 1152 2168 1153 2168 1115 2169 1153 2169 1116 2169 1116 2170 1153 2170 1154 2170 1116 2171 1154 2171 1117 2171 1117 2172 1154 2172 1155 2172 1117 2173 1155 2173 1118 2173 1118 2174 1155 2174 1156 2174 1118 2175 1156 2175 1119 2175 1119 2176 1156 2176 1157 2176 1119 2177 1157 2177 1120 2177 1120 2178 1157 2178 1158 2178 1120 2179 1158 2179 1121 2179 1121 2180 1158 2180 1159 2180 1121 2181 1159 2181 1122 2181 1122 2182 1159 2182 1160 2182 1122 2183 1160 2183 1123 2183 1123 2184 1160 2184 1161 2184 1123 2185 1161 2185 1124 2185 1124 2186 1161 2186 1162 2186 1124 2187 1162 2187 1125 2187 1125 2188 1162 2188 1163 2188 1125 2189 1163 2189 1126 2189 1126 2190 1163 2190 1164 2190 1126 2191 1164 2191 1127 2191 1127 2192 1164 2192 1165 2192 1127 2193 1165 2193 1128 2193 1128 2194 1165 2194 1166 2194 1128 2195 1166 2195 1129 2195 1129 2196 1166 2196 1167 2196 1129 2197 1167 2197 1130 2197 1130 2198 1167 2198 1168 2198 1130 2199 1168 2199 1131 2199 1131 2200 1168 2200 1169 2200 1131 2201 1169 2201 1132 2201 1132 2202 1169 2202 1170 2202 1132 2203 1170 2203 1133 2203 1133 2204 1170 2204 1171 2204 1133 2205 1171 2205 1134 2205 1134 2206 1171 2206 1172 2206 1134 2207 1172 2207 1135 2207 1135 2208 1172 2208 1173 2208 1135 2209 1173 2209 1136 2209 1136 2210 1173 2210 1137 2210 1173 2211 1174 2211 1137 2211 1137 2212 1174 2212 1175 2212 1137 2213 1175 2213 1138 2213 1138 2214 1175 2214 1176 2214 1138 2215 1176 2215 1139 2215 1139 2216 1176 2216 1177 2216 1139 2217 1177 2217 1140 2217 1140 2218 1177 2218 1178 2218 1140 2219 1178 2219 1141 2219 1141 2220 1178 2220 1179 2220 1141 2221 1179 2221 1142 2221 1142 2222 1179 2222 1180 2222 1142 2223 1180 2223 1143 2223 1143 2224 1180 2224 1181 2224 1143 2225 1181 2225 1144 2225 1144 2226 1181 2226 1182 2226 1144 2227 1182 2227 1145 2227 1145 2228 1182 2228 1183 2228 1145 2229 1183 2229 1146 2229 1146 2230 1183 2230 1184 2230 1146 2231 1184 2231 1147 2231 1147 2232 1184 2232 1185 2232 1147 2233 1185 2233 1148 2233 1148 2234 1185 2234 1186 2234 1148 2235 1186 2235 1149 2235 1149 2236 1186 2236 1187 2236 1149 2237 1187 2237 1150 2237 1150 2238 1187 2238 1188 2238 1150 2239 1188 2239 1151 2239 1151 2240 1188 2240 1189 2240 1151 2241 1189 2241 1152 2241 1152 2242 1189 2242 1190 2242 1152 2243 1190 2243 1153 2243 1153 2244 1190 2244 1191 2244 1153 2245 1191 2245 1154 2245 1154 2246 1191 2246 1192 2246 1154 2247 1192 2247 1155 2247 1155 2248 1192 2248 1193 2248 1155 2249 1193 2249 1156 2249 1156 2250 1193 2250 1194 2250 1156 2251 1194 2251 1157 2251 1157 2252 1194 2252 1195 2252 1157 2253 1195 2253 1158 2253 1158 2254 1195 2254 1196 2254 1158 2255 1196 2255 1159 2255 1159 2256 1196 2256 1197 2256 1159 2257 1197 2257 1160 2257 1160 2258 1197 2258 1198 2258 1160 2259 1198 2259 1161 2259 1161 2260 1198 2260 1199 2260 1161 2261 1199 2261 1162 2261 1162 2262 1199 2262 1200 2262 1162 2263 1200 2263 1163 2263 1163 2264 1200 2264 1201 2264 1163 2265 1201 2265 1164 2265 1164 2266 1201 2266 1202 2266 1164 2267 1202 2267 1165 2267 1165 2268 1202 2268 1203 2268 1165 2269 1203 2269 1166 2269 1166 2270 1203 2270 1204 2270 1166 2271 1204 2271 1167 2271 1167 2272 1204 2272 1205 2272 1167 2273 1205 2273 1168 2273 1168 2274 1205 2274 1206 2274 1168 2275 1206 2275 1169 2275 1169 2276 1206 2276 1207 2276 1169 2277 1207 2277 1170 2277 1170 2278 1207 2278 1208 2278 1170 2279 1208 2279 1171 2279 1171 2280 1208 2280 1209 2280 1171 2281 1209 2281 1172 2281 1172 2282 1209 2282 1210 2282 1172 2283 1210 2283 1173 2283 1173 2284 1210 2284 1174 2284 1210 2285 1211 2285 1174 2285 1174 2286 1211 2286 1212 2286 1174 2287 1212 2287 1175 2287 1175 2288 1212 2288 1213 2288 1175 2289 1213 2289 1176 2289 1176 2290 1213 2290 1214 2290 1176 2291 1214 2291 1177 2291 1177 2292 1214 2292 1215 2292 1177 2293 1215 2293 1178 2293 1178 2294 1215 2294 1216 2294 1178 2295 1216 2295 1179 2295 1179 2296 1216 2296 1217 2296 1179 2297 1217 2297 1180 2297 1180 2298 1217 2298 1218 2298 1180 2299 1218 2299 1181 2299 1181 2300 1218 2300 1219 2300 1181 2301 1219 2301 1182 2301 1182 2302 1219 2302 1220 2302 1182 2303 1220 2303 1183 2303 1183 2304 1220 2304 1221 2304 1183 2305 1221 2305 1184 2305 1184 2306 1221 2306 1222 2306 1184 2307 1222 2307 1185 2307 1185 2308 1222 2308 1223 2308 1185 2309 1223 2309 1186 2309 1186 2310 1223 2310 1224 2310 1186 2311 1224 2311 1187 2311 1187 2312 1224 2312 1225 2312 1187 2313 1225 2313 1188 2313 1188 2314 1225 2314 1226 2314 1188 2315 1226 2315 1189 2315 1189 2316 1226 2316 1227 2316 1189 2317 1227 2317 1190 2317 1190 2318 1227 2318 1228 2318 1190 2319 1228 2319 1191 2319 1191 2320 1228 2320 1229 2320 1191 2321 1229 2321 1192 2321 1192 2322 1229 2322 1230 2322 1192 2323 1230 2323 1193 2323 1193 2324 1230 2324 1231 2324 1193 2325 1231 2325 1194 2325 1194 2326 1231 2326 1232 2326 1194 2327 1232 2327 1195 2327 1195 2328 1232 2328 1233 2328 1195 2329 1233 2329 1196 2329 1196 2330 1233 2330 1234 2330 1196 2331 1234 2331 1197 2331 1197 2332 1234 2332 1235 2332 1197 2333 1235 2333 1198 2333 1198 2334 1235 2334 1236 2334 1198 2335 1236 2335 1199 2335 1199 2336 1236 2336 1237 2336 1199 2337 1237 2337 1200 2337 1200 2338 1237 2338 1238 2338 1200 2339 1238 2339 1201 2339 1201 2340 1238 2340 1239 2340 1201 2341 1239 2341 1202 2341 1202 2342 1239 2342 1240 2342 1202 2343 1240 2343 1203 2343 1203 2344 1240 2344 1241 2344 1203 2345 1241 2345 1204 2345 1204 2346 1241 2346 1242 2346 1204 2347 1242 2347 1205 2347 1205 2348 1242 2348 1243 2348 1205 2349 1243 2349 1206 2349 1206 2350 1243 2350 1244 2350 1206 2351 1244 2351 1207 2351 1207 2352 1244 2352 1245 2352 1207 2353 1245 2353 1208 2353 1208 2354 1245 2354 1246 2354 1208 2355 1246 2355 1209 2355 1209 2356 1246 2356 1247 2356 1209 2357 1247 2357 1210 2357 1210 2358 1247 2358 1211 2358 1247 2359 1248 2359 1211 2359 1211 2360 1248 2360 1249 2360 1211 2361 1249 2361 1212 2361 1212 2362 1249 2362 1250 2362 1212 2363 1250 2363 1213 2363 1213 2364 1250 2364 1251 2364 1213 2365 1251 2365 1214 2365 1214 2366 1251 2366 1252 2366 1214 2367 1252 2367 1215 2367 1215 2368 1252 2368 1253 2368 1215 2369 1253 2369 1216 2369 1216 2370 1253 2370 1254 2370 1216 2371 1254 2371 1217 2371 1217 2372 1254 2372 1255 2372 1217 2373 1255 2373 1218 2373 1218 2374 1255 2374 1256 2374 1218 2375 1256 2375 1219 2375 1219 2376 1256 2376 1257 2376 1219 2377 1257 2377 1220 2377 1220 2378 1257 2378 1258 2378 1220 2379 1258 2379 1221 2379 1221 2380 1258 2380 1259 2380 1221 2381 1259 2381 1222 2381 1222 2382 1259 2382 1260 2382 1222 2383 1260 2383 1223 2383 1223 2384 1260 2384 1261 2384 1223 2385 1261 2385 1224 2385 1224 2386 1261 2386 1262 2386 1224 2387 1262 2387 1225 2387 1225 2388 1262 2388 1263 2388 1225 2389 1263 2389 1226 2389 1226 2390 1263 2390 1264 2390 1226 2391 1264 2391 1227 2391 1227 2392 1264 2392 1265 2392 1227 2393 1265 2393 1228 2393 1228 2394 1265 2394 1266 2394 1228 2395 1266 2395 1229 2395 1229 2396 1266 2396 1267 2396 1229 2397 1267 2397 1230 2397 1230 2398 1267 2398 1268 2398 1230 2399 1268 2399 1231 2399 1231 2400 1268 2400 1269 2400 1231 2401 1269 2401 1232 2401 1232 2402 1269 2402 1270 2402 1232 2403 1270 2403 1233 2403 1233 2404 1270 2404 1271 2404 1233 2405 1271 2405 1234 2405 1234 2406 1271 2406 1272 2406 1234 2407 1272 2407 1235 2407 1235 2408 1272 2408 1273 2408 1235 2409 1273 2409 1236 2409 1236 2410 1273 2410 1274 2410 1236 2411 1274 2411 1237 2411 1237 2412 1274 2412 1275 2412 1237 2413 1275 2413 1238 2413 1238 2414 1275 2414 1276 2414 1238 2415 1276 2415 1239 2415 1239 2416 1276 2416 1277 2416 1239 2417 1277 2417 1240 2417 1240 2418 1277 2418 1278 2418 1240 2419 1278 2419 1241 2419 1241 2420 1278 2420 1279 2420 1241 2421 1279 2421 1242 2421 1242 2422 1279 2422 1280 2422 1242 2423 1280 2423 1243 2423 1243 2424 1280 2424 1281 2424 1243 2425 1281 2425 1244 2425 1244 2426 1281 2426 1282 2426 1244 2427 1282 2427 1245 2427 1245 2428 1282 2428 1283 2428 1245 2429 1283 2429 1246 2429 1246 2430 1283 2430 1284 2430 1246 2431 1284 2431 1247 2431 1247 2432 1284 2432 1248 2432 1284 2433 1285 2433 1248 2433 1248 2434 1285 2434 1286 2434 1248 2435 1286 2435 1249 2435 1249 2436 1286 2436 1287 2436 1249 2437 1287 2437 1250 2437 1250 2438 1287 2438 1288 2438 1250 2439 1288 2439 1251 2439 1251 2440 1288 2440 1289 2440 1251 2441 1289 2441 1252 2441 1252 2442 1289 2442 1290 2442 1252 2443 1290 2443 1253 2443 1253 2444 1290 2444 1291 2444 1253 2445 1291 2445 1254 2445 1254 2446 1291 2446 1292 2446 1254 2447 1292 2447 1255 2447 1255 2448 1292 2448 1293 2448 1255 2449 1293 2449 1256 2449 1256 2450 1293 2450 1294 2450 1256 2451 1294 2451 1257 2451 1257 2452 1294 2452 1295 2452 1257 2453 1295 2453 1258 2453 1258 2454 1295 2454 1296 2454 1258 2455 1296 2455 1259 2455 1259 2456 1296 2456 1297 2456 1259 2457 1297 2457 1260 2457 1260 2458 1297 2458 1298 2458 1260 2459 1298 2459 1261 2459 1261 2460 1298 2460 1299 2460 1261 2461 1299 2461 1262 2461 1262 2462 1299 2462 1300 2462 1262 2463 1300 2463 1263 2463 1263 2464 1300 2464 1301 2464 1263 2465 1301 2465 1264 2465 1264 2466 1301 2466 1302 2466 1264 2467 1302 2467 1265 2467 1265 2468 1302 2468 1303 2468 1265 2469 1303 2469 1266 2469 1266 2470 1303 2470 1304 2470 1266 2471 1304 2471 1267 2471 1267 2472 1304 2472 1305 2472 1267 2473 1305 2473 1268 2473 1268 2474 1305 2474 1306 2474 1268 2475 1306 2475 1269 2475 1269 2476 1306 2476 1307 2476 1269 2477 1307 2477 1270 2477 1270 2478 1307 2478 1308 2478 1270 2479 1308 2479 1271 2479 1271 2480 1308 2480 1309 2480 1271 2481 1309 2481 1272 2481 1272 2482 1309 2482 1310 2482 1272 2483 1310 2483 1273 2483 1273 2484 1310 2484 1311 2484 1273 2485 1311 2485 1274 2485 1274 2486 1311 2486 1312 2486 1274 2487 1312 2487 1275 2487 1275 2488 1312 2488 1313 2488 1275 2489 1313 2489 1276 2489 1276 2490 1313 2490 1314 2490 1276 2491 1314 2491 1277 2491 1277 2492 1314 2492 1315 2492 1277 2493 1315 2493 1278 2493 1278 2494 1315 2494 1316 2494 1278 2495 1316 2495 1279 2495 1279 2496 1316 2496 1317 2496 1279 2497 1317 2497 1280 2497 1280 2498 1317 2498 1318 2498 1280 2499 1318 2499 1281 2499 1281 2500 1318 2500 1319 2500 1281 2501 1319 2501 1282 2501 1282 2502 1319 2502 1320 2502 1282 2503 1320 2503 1283 2503 1283 2504 1320 2504 1321 2504 1283 2505 1321 2505 1284 2505 1284 2506 1321 2506 1285 2506 876 2507 877 2507 1303 2507 1303 2508 877 2508 878 2508 1303 2509 878 2509 1304 2509 1304 2510 878 2510 879 2510 1304 2511 879 2511 1305 2511 1305 2512 879 2512 880 2512 1305 2513 880 2513 1306 2513 1306 2514 880 2514 881 2514 1306 2515 881 2515 1307 2515 1307 2516 881 2516 882 2516 1307 2517 882 2517 1308 2517 1308 2518 882 2518 883 2518 1308 2519 883 2519 1309 2519 1309 2520 883 2520 884 2520 1309 2521 884 2521 1310 2521 1310 2522 884 2522 885 2522 1310 2523 885 2523 1311 2523 1311 2524 885 2524 886 2524 1311 2525 886 2525 1312 2525 1312 2526 886 2526 887 2526 1312 2527 887 2527 1313 2527 1313 2528 887 2528 888 2528 1313 2529 888 2529 1314 2529 1314 2530 888 2530 889 2530 1314 2531 889 2531 1315 2531 1315 2532 889 2532 890 2532 1315 2533 890 2533 1316 2533 1316 2534 890 2534 891 2534 1316 2535 891 2535 1317 2535 1317 2536 891 2536 892 2536 1317 2537 892 2537 1318 2537 1318 2538 892 2538 893 2538 1318 2539 893 2539 1319 2539 1319 2540 893 2540 894 2540 1319 2541 894 2541 1320 2541 1320 2542 894 2542 895 2542 1320 2543 895 2543 1321 2543 1321 2544 895 2544 896 2544 1321 2545 896 2545 1285 2545 1285 2546 896 2546 897 2546 1285 2547 897 2547 1286 2547 1286 2548 897 2548 898 2548 1286 2549 898 2549 1287 2549 1287 2550 898 2550 899 2550 1287 2551 899 2551 1288 2551 1288 2552 899 2552 900 2552 1288 2553 900 2553 1289 2553 1289 2554 900 2554 901 2554 1289 2555 901 2555 1290 2555 1290 2556 901 2556 902 2556 1290 2557 902 2557 1291 2557 1291 2558 902 2558 903 2558 1291 2559 903 2559 1292 2559 1292 2560 903 2560 904 2560 1292 2561 904 2561 1293 2561 1293 2562 904 2562 905 2562 1293 2563 905 2563 1294 2563 1294 2564 905 2564 906 2564 1294 2565 906 2565 1295 2565 1295 2566 906 2566 907 2566 1295 2567 907 2567 1296 2567 1296 2568 907 2568 908 2568 1296 2569 908 2569 1297 2569 1297 2570 908 2570 909 2570 1297 2571 909 2571 1298 2571 1298 2572 909 2572 910 2572 1298 2573 910 2573 1299 2573 1299 2574 910 2574 911 2574 1299 2575 911 2575 1300 2575 1300 2576 911 2576 912 2576 1300 2577 912 2577 1301 2577 1301 2578 912 2578 913 2578 1301 2579 913 2579 1302 2579 1302 2580 913 2580 876 2580 1302 2581 876 2581 1303 2581 1322 2582 1323 2582 1324 2582 1324 2583 1323 2583 1325 2583 1324 2584 1325 2584 1326 2584 1326 2585 1325 2585 1327 2585 1326 2586 1327 2586 1328 2586 1328 2587 1327 2587 1329 2587 1328 2588 1329 2588 1330 2588 1330 2589 1329 2589 1331 2589 1330 2590 1331 2590 1332 2590 1332 2591 1331 2591 1333 2591 1332 2592 1333 2592 1334 2592 1334 2593 1333 2593 1335 2593 1334 2594 1335 2594 1336 2594 1336 2595 1335 2595 1337 2595 1336 2596 1337 2596 1338 2596 1338 2597 1337 2597 1339 2597 1338 2598 1339 2598 1340 2598 1340 2599 1339 2599 1341 2599 1340 2600 1341 2600 1342 2600 1342 2601 1341 2601 1343 2601 1342 2602 1343 2602 1344 2602 1344 2603 1343 2603 1345 2603 1344 2604 1345 2604 1346 2604 1346 2605 1345 2605 1347 2605 1346 2606 1347 2606 1348 2606 1348 2607 1347 2607 1349 2607 1348 2608 1349 2608 1350 2608 1350 2609 1349 2609 1351 2609 1350 2610 1351 2610 1352 2610 1352 2611 1351 2611 1353 2611 1352 2612 1353 2612 1354 2612 1354 2613 1353 2613 1355 2613 1354 2614 1355 2614 1356 2614 1356 2615 1355 2615 1357 2615 1356 2616 1357 2616 1358 2616 1358 2617 1357 2617 1359 2617 1358 2618 1359 2618 1360 2618 1360 2619 1359 2619 1361 2619 1360 2620 1361 2620 1362 2620 1362 2621 1361 2621 1363 2621 1362 2622 1363 2622 1364 2622 1364 2623 1363 2623 1365 2623 1364 2624 1365 2624 1366 2624 1366 2625 1365 2625 1367 2625 1366 2626 1367 2626 1368 2626 1368 2627 1367 2627 1369 2627 1368 2628 1369 2628 1370 2628 1370 2629 1369 2629 1371 2629 1370 2630 1371 2630 1372 2630 1372 2631 1371 2631 1373 2631 1372 2632 1373 2632 1374 2632 1374 2633 1373 2633 1375 2633 1374 2634 1375 2634 1376 2634 1376 2635 1375 2635 1377 2635 1376 2636 1377 2636 1378 2636 1378 2637 1377 2637 1379 2637 1378 2638 1379 2638 1380 2638 1380 2639 1379 2639 1381 2639 1380 2640 1381 2640 1382 2640 1382 2641 1381 2641 1383 2641 1382 2642 1383 2642 1384 2642 1384 2643 1383 2643 1385 2643 1384 2644 1385 2644 1386 2644 1386 2645 1385 2645 1387 2645 1386 2646 1387 2646 1388 2646 1388 2647 1387 2647 1389 2647 1388 2648 1389 2648 1390 2648 1390 2649 1389 2649 1391 2649 1390 2650 1391 2650 1392 2650 1392 2651 1391 2651 1393 2651 1392 2652 1393 2652 1394 2652 1394 2653 1393 2653 1395 2653 1394 2654 1395 2654 1396 2654 1396 2655 1395 2655 1397 2655 1396 2656 1397 2656 1322 2656 1322 2657 1397 2657 1323 2657 684 2658 1398 2658 1399 2658 684 2659 1399 2659 683 2659 683 2660 1399 2660 1400 2660 683 2661 1400 2661 682 2661 682 2662 1400 2662 1401 2662 682 2663 1401 2663 681 2663 681 2664 1401 2664 1402 2664 681 2665 1402 2665 680 2665 680 2666 1402 2666 1403 2666 680 2667 1403 2667 679 2667 679 2668 1403 2668 1404 2668 679 2669 1404 2669 678 2669 1405 2670 1406 2670 677 2670 678 2671 1404 2671 1407 2671 1407 2672 1408 2672 678 2672 678 2673 1408 2673 1409 2673 678 2674 1409 2674 677 2674 677 2675 1409 2675 1410 2675 677 2676 1410 2676 1405 2676 677 2677 1406 2677 1411 2677 677 2678 1411 2678 676 2678 676 2679 1411 2679 1412 2679 676 2680 1412 2680 675 2680 675 2681 1412 2681 1413 2681 675 2682 1413 2682 674 2682 674 2683 1413 2683 1414 2683 674 2684 1414 2684 673 2684 673 2685 1414 2685 1415 2685 673 2686 1415 2686 672 2686 672 2687 1415 2687 1416 2687 672 2688 1416 2688 671 2688 671 2689 1416 2689 1417 2689 671 2690 1417 2690 670 2690 670 2691 1417 2691 1418 2691 670 2692 1418 2692 669 2692 669 2693 1418 2693 1419 2693 669 2694 1419 2694 607 2694 607 2695 1419 2695 1420 2695 607 2696 1420 2696 608 2696 608 2697 1420 2697 1421 2697 608 2698 1421 2698 618 2698 618 2699 1421 2699 1422 2699 618 2700 1422 2700 619 2700 619 2701 1422 2701 1423 2701 619 2702 1423 2702 624 2702 624 2703 1423 2703 1424 2703 624 2704 1424 2704 620 2704 620 2705 1424 2705 1425 2705 620 2706 1425 2706 621 2706 621 2707 1425 2707 1426 2707 621 2708 1426 2708 622 2708 622 2709 1426 2709 1427 2709 622 2710 1427 2710 623 2710 623 2711 1427 2711 1428 2711 623 2712 1428 2712 609 2712 609 2713 1428 2713 1429 2713 609 2714 1429 2714 610 2714 610 2715 1429 2715 1430 2715 610 2716 1430 2716 614 2716 1430 2717 1431 2717 614 2717 614 2718 1431 2718 1432 2718 614 2719 1432 2719 615 2719 615 2720 1432 2720 1433 2720 615 2721 1433 2721 616 2721 616 2722 1433 2722 1434 2722 616 2723 1434 2723 617 2723 617 2724 1434 2724 1435 2724 617 2725 1435 2725 663 2725 663 2726 1435 2726 1436 2726 663 2727 1436 2727 662 2727 662 2728 1436 2728 1437 2728 662 2729 1437 2729 661 2729 661 2730 1437 2730 1438 2730 661 2731 1438 2731 668 2731 668 2732 1438 2732 1439 2732 668 2733 1439 2733 667 2733 667 2734 1439 2734 1440 2734 667 2735 1440 2735 666 2735 666 2736 1440 2736 1441 2736 666 2737 1441 2737 665 2737 665 2738 1441 2738 1442 2738 665 2739 1442 2739 664 2739 664 2740 1442 2740 1443 2740 664 2741 1443 2741 685 2741 685 2742 1443 2742 1398 2742 685 2743 1398 2743 684 2743 1444 2744 1445 2744 1446 2744 1446 2745 1445 2745 1447 2745 1446 2746 1447 2746 1448 2746 1448 2747 1447 2747 1449 2747 1448 2748 1449 2748 1450 2748 1450 2749 1449 2749 1451 2749 1450 2750 1451 2750 1452 2750 1452 2751 1451 2751 1453 2751 1452 2752 1453 2752 1454 2752 1454 2753 1453 2753 1455 2753 1454 2754 1455 2754 1456 2754 1456 2755 1455 2755 1457 2755 1456 2756 1457 2756 1458 2756 1458 2757 1457 2757 1459 2757 1458 2758 1459 2758 1460 2758 1460 2759 1459 2759 1461 2759 1460 2760 1461 2760 1462 2760 1462 2761 1461 2761 1463 2761 1462 2762 1463 2762 1464 2762 1464 2763 1463 2763 1465 2763 1464 2764 1465 2764 1466 2764 1466 2765 1465 2765 1467 2765 1466 2766 1467 2766 1468 2766 1468 2767 1467 2767 1469 2767 1468 2768 1469 2768 1470 2768 1470 2769 1469 2769 1471 2769 1470 2770 1471 2770 1472 2770 1472 2771 1471 2771 1473 2771 1472 2772 1473 2772 1474 2772 1474 2773 1473 2773 1475 2773 1474 2774 1475 2774 1476 2774 1476 2775 1475 2775 1477 2775 1476 2776 1477 2776 1478 2776 1478 2777 1477 2777 1479 2777 1478 2778 1479 2778 1480 2778 1480 2779 1479 2779 1481 2779 1480 2780 1481 2780 1482 2780 1482 2781 1481 2781 1483 2781 1482 2782 1483 2782 1484 2782 1484 2783 1483 2783 1485 2783 1484 2784 1485 2784 1486 2784 1486 2785 1485 2785 1487 2785 1486 2786 1487 2786 1488 2786 1488 2787 1487 2787 1489 2787 1488 2788 1489 2788 1490 2788 1490 2789 1489 2789 1491 2789 1490 2790 1491 2790 1492 2790 1492 2791 1491 2791 1493 2791 1492 2792 1493 2792 1494 2792 1494 2793 1493 2793 1495 2793 1494 2794 1495 2794 1496 2794 1496 2795 1495 2795 1497 2795 1496 2796 1497 2796 1498 2796 1498 2797 1497 2797 1499 2797 1498 2798 1499 2798 1500 2798 1500 2799 1499 2799 1501 2799 1500 2800 1501 2800 1502 2800 1502 2801 1501 2801 1503 2801 1502 2802 1503 2802 1504 2802 1504 2803 1503 2803 1505 2803 1504 2804 1505 2804 1506 2804 1506 2805 1505 2805 1507 2805 1506 2806 1507 2806 1508 2806 1508 2807 1507 2807 1509 2807 1508 2808 1509 2808 1510 2808 1510 2809 1509 2809 1511 2809 1510 2810 1511 2810 1512 2810 1512 2811 1511 2811 1513 2811 1512 2812 1513 2812 1514 2812 1514 2813 1513 2813 1515 2813 1514 2814 1515 2814 1516 2814 1516 2815 1515 2815 1517 2815 1516 2816 1517 2816 1518 2816 1518 2817 1517 2817 1444 2817 1518 2818 1444 2818 1446 2818 1519 2819 1520 2819 1521 2819 1521 2820 1520 2820 1522 2820 1521 2821 1522 2821 1523 2821 1523 2822 1522 2822 1524 2822 1523 2823 1524 2823 1525 2823 1525 2824 1524 2824 1526 2824 1525 2825 1526 2825 1527 2825 1527 2826 1526 2826 1528 2826 1527 2827 1528 2827 1529 2827 1529 2828 1528 2828 1530 2828 1529 2829 1530 2829 1531 2829 1531 2830 1530 2830 1532 2830 1531 2831 1532 2831 1533 2831 1533 2832 1532 2832 1534 2832 1533 2833 1534 2833 1535 2833 1535 2834 1534 2834 1536 2834 1535 2835 1536 2835 1537 2835 1537 2836 1536 2836 1538 2836 1537 2837 1538 2837 1539 2837 1539 2838 1538 2838 1540 2838 1539 2839 1540 2839 1541 2839 1541 2840 1540 2840 1542 2840 1541 2841 1542 2841 1543 2841 1543 2842 1542 2842 1544 2842 1543 2843 1544 2843 1545 2843 1545 2844 1544 2844 1546 2844 1545 2845 1546 2845 1547 2845 1547 2846 1546 2846 1548 2846 1547 2847 1548 2847 1549 2847 1549 2848 1548 2848 1550 2848 1549 2849 1550 2849 1551 2849 1551 2850 1550 2850 1552 2850 1551 2851 1552 2851 1553 2851 1553 2852 1552 2852 1554 2852 1553 2853 1554 2853 1555 2853 1555 2854 1554 2854 1556 2854 1555 2855 1556 2855 1557 2855 1557 2856 1556 2856 1558 2856 1557 2857 1558 2857 1559 2857 1559 2858 1558 2858 1560 2858 1559 2859 1560 2859 1561 2859 1561 2860 1560 2860 1562 2860 1561 2861 1562 2861 1563 2861 1563 2862 1562 2862 1564 2862 1563 2863 1564 2863 1565 2863 1565 2864 1564 2864 1566 2864 1565 2865 1566 2865 1567 2865 1567 2866 1566 2866 1568 2866 1567 2867 1568 2867 1569 2867 1569 2868 1568 2868 1570 2868 1569 2869 1570 2869 1571 2869 1571 2870 1570 2870 1572 2870 1571 2871 1572 2871 1573 2871 1573 2872 1572 2872 1574 2872 1573 2873 1574 2873 1575 2873 1575 2874 1574 2874 1576 2874 1575 2875 1576 2875 1577 2875 1577 2876 1576 2876 1578 2876 1577 2877 1578 2877 1579 2877 1579 2878 1578 2878 1580 2878 1579 2879 1580 2879 1581 2879 1581 2880 1580 2880 1582 2880 1581 2881 1582 2881 1583 2881 1583 2882 1582 2882 1584 2882 1583 2883 1584 2883 1585 2883 1585 2884 1584 2884 1586 2884 1585 2885 1586 2885 1587 2885 1587 2886 1586 2886 1588 2886 1587 2887 1588 2887 1589 2887 1589 2888 1588 2888 1590 2888 1589 2889 1590 2889 1591 2889 1591 2890 1590 2890 1592 2890 1591 2891 1592 2891 1593 2891 1593 2892 1592 2892 1519 2892 1593 2893 1519 2893 1521 2893 1594 2894 1595 2894 1596 2894 1596 2895 1595 2895 1597 2895 1596 2896 1597 2896 1598 2896 1598 2897 1597 2897 1599 2897 1598 2898 1599 2898 1600 2898 1600 2899 1599 2899 1601 2899 1600 2900 1601 2900 1602 2900 1602 2901 1601 2901 1603 2901 1602 2902 1603 2902 1604 2902 1604 2903 1603 2903 1605 2903 1604 2904 1605 2904 1606 2904 1606 2905 1605 2905 1607 2905 1606 2906 1607 2906 1608 2906 1608 2907 1607 2907 1609 2907 1608 2908 1609 2908 1610 2908 1610 2909 1609 2909 1611 2909 1610 2910 1611 2910 1612 2910 1612 2911 1611 2911 1613 2911 1612 2912 1613 2912 1614 2912 1614 2913 1613 2913 1615 2913 1614 2914 1615 2914 1616 2914 1616 2915 1615 2915 1617 2915 1616 2916 1617 2916 1618 2916 1618 2917 1617 2917 1619 2917 1618 2918 1619 2918 1620 2918 1620 2919 1619 2919 1621 2919 1620 2920 1621 2920 1622 2920 1622 2921 1621 2921 1623 2921 1622 2922 1623 2922 1624 2922 1624 2923 1623 2923 1625 2923 1624 2924 1625 2924 1626 2924 1626 2925 1625 2925 1627 2925 1626 2926 1627 2926 1628 2926 1628 2927 1627 2927 1629 2927 1628 2928 1629 2928 1630 2928 1630 2929 1629 2929 1631 2929 1630 2930 1631 2930 1632 2930 1632 2931 1631 2931 1633 2931 1632 2932 1633 2932 1634 2932 1634 2933 1633 2933 1635 2933 1634 2934 1635 2934 1636 2934 1636 2935 1635 2935 1637 2935 1636 2936 1637 2936 1638 2936 1638 2937 1637 2937 1639 2937 1638 2938 1639 2938 1640 2938 1640 2939 1639 2939 1641 2939 1640 2940 1641 2940 1642 2940 1642 2941 1641 2941 1643 2941 1642 2942 1643 2942 1644 2942 1644 2943 1643 2943 1645 2943 1644 2944 1645 2944 1646 2944 1646 2945 1645 2945 1647 2945 1646 2946 1647 2946 1648 2946 1648 2947 1647 2947 1649 2947 1648 2948 1649 2948 1650 2948 1650 2949 1649 2949 1651 2949 1650 2950 1651 2950 1652 2950 1652 2951 1651 2951 1653 2951 1652 2952 1653 2952 1654 2952 1654 2953 1653 2953 1655 2953 1654 2954 1655 2954 1656 2954 1656 2955 1655 2955 1657 2955 1656 2956 1657 2956 1658 2956 1658 2957 1657 2957 1659 2957 1658 2958 1659 2958 1660 2958 1660 2959 1659 2959 1661 2959 1660 2960 1661 2960 1662 2960 1662 2961 1661 2961 1663 2961 1662 2962 1663 2962 1664 2962 1664 2963 1663 2963 1665 2963 1664 2964 1665 2964 1666 2964 1666 2965 1665 2965 1667 2965 1666 2966 1667 2966 1668 2966 1668 2967 1667 2967 1594 2967 1668 2968 1594 2968 1596 2968 1669 2969 1670 2969 1671 2969 1671 2970 1670 2970 1672 2970 1671 2971 1672 2971 1673 2971 1673 2972 1672 2972 1674 2972 1673 2973 1674 2973 1675 2973 1675 2974 1674 2974 1676 2974 1675 2975 1676 2975 1677 2975 1677 2976 1676 2976 1678 2976 1677 2977 1678 2977 1679 2977 1679 2978 1678 2978 1680 2978 1679 2979 1680 2979 1681 2979 1681 2980 1680 2980 1682 2980 1681 2981 1682 2981 1683 2981 1683 2982 1682 2982 1684 2982 1683 2983 1684 2983 1685 2983 1685 2984 1684 2984 1686 2984 1685 2985 1686 2985 1687 2985 1687 2986 1686 2986 1688 2986 1687 2987 1688 2987 1689 2987 1689 2988 1688 2988 1690 2988 1689 2989 1690 2989 1691 2989 1691 2990 1690 2990 1692 2990 1691 2991 1692 2991 1693 2991 1693 2992 1692 2992 1694 2992 1693 2993 1694 2993 1695 2993 1695 2994 1694 2994 1696 2994 1695 2995 1696 2995 1697 2995 1697 2996 1696 2996 1698 2996 1697 2997 1698 2997 1699 2997 1699 2998 1698 2998 1700 2998 1699 2999 1700 2999 1701 2999 1701 3000 1700 3000 1702 3000 1701 3001 1702 3001 1703 3001 1703 3002 1702 3002 1704 3002 1703 3003 1704 3003 1705 3003 1705 3004 1704 3004 1706 3004 1705 3005 1706 3005 1707 3005 1707 3006 1706 3006 1708 3006 1707 3007 1708 3007 1709 3007 1709 3008 1708 3008 1710 3008 1709 3009 1710 3009 1711 3009 1711 3010 1710 3010 1712 3010 1711 3011 1712 3011 1713 3011 1713 3012 1712 3012 1714 3012 1713 3013 1714 3013 1715 3013 1715 3014 1714 3014 1716 3014 1715 3015 1716 3015 1717 3015 1717 3016 1716 3016 1718 3016 1717 3017 1718 3017 1719 3017 1719 3018 1718 3018 1720 3018 1719 3019 1720 3019 1721 3019 1721 3020 1720 3020 1722 3020 1721 3021 1722 3021 1723 3021 1723 3022 1722 3022 1724 3022 1723 3023 1724 3023 1725 3023 1725 3024 1724 3024 1726 3024 1725 3025 1726 3025 1727 3025 1727 3026 1726 3026 1728 3026 1727 3027 1728 3027 1729 3027 1729 3028 1728 3028 1730 3028 1729 3029 1730 3029 1731 3029 1731 3030 1730 3030 1732 3030 1731 3031 1732 3031 1733 3031 1733 3032 1732 3032 1734 3032 1733 3033 1734 3033 1735 3033 1735 3034 1734 3034 1736 3034 1735 3035 1736 3035 1737 3035 1737 3036 1736 3036 1738 3036 1737 3037 1738 3037 1739 3037 1739 3038 1738 3038 1740 3038 1739 3039 1740 3039 1741 3039 1741 3040 1740 3040 1742 3040 1741 3041 1742 3041 1743 3041 1743 3042 1742 3042 1669 3042 1743 3043 1669 3043 1671 3043 1744 3044 1745 3044 1746 3044 1746 3045 1745 3045 1747 3045 1746 3046 1747 3046 1748 3046 1748 3047 1747 3047 1749 3047 1748 3048 1749 3048 1750 3048 1750 3049 1749 3049 1751 3049 1750 3050 1751 3050 1752 3050 1752 3051 1751 3051 1753 3051 1752 3052 1753 3052 1754 3052 1754 3053 1753 3053 1755 3053 1754 3054 1755 3054 1756 3054 1756 3055 1755 3055 1757 3055 1756 3056 1757 3056 1758 3056 1758 3057 1757 3057 1759 3057 1758 3058 1759 3058 1760 3058 1760 3059 1759 3059 1761 3059 1760 3060 1761 3060 1762 3060 1762 3061 1761 3061 1763 3061 1762 3062 1763 3062 1764 3062 1764 3063 1763 3063 1765 3063 1764 3064 1765 3064 1766 3064 1766 3065 1765 3065 1767 3065 1766 3066 1767 3066 1768 3066 1768 3067 1767 3067 1769 3067 1768 3068 1769 3068 1770 3068 1770 3069 1769 3069 1771 3069 1770 3070 1771 3070 1772 3070 1772 3071 1771 3071 1773 3071 1772 3072 1773 3072 1774 3072 1774 3073 1773 3073 1775 3073 1774 3074 1775 3074 1776 3074 1776 3075 1775 3075 1777 3075 1776 3076 1777 3076 1778 3076 1778 3077 1777 3077 1779 3077 1778 3078 1779 3078 1780 3078 1780 3079 1779 3079 1781 3079 1780 3080 1781 3080 1782 3080 1782 3081 1781 3081 1783 3081 1782 3082 1783 3082 1784 3082 1784 3083 1783 3083 1785 3083 1784 3084 1785 3084 1786 3084 1786 3085 1785 3085 1787 3085 1786 3086 1787 3086 1788 3086 1788 3087 1787 3087 1789 3087 1788 3088 1789 3088 1790 3088 1790 3089 1789 3089 1791 3089 1790 3090 1791 3090 1792 3090 1792 3091 1791 3091 1793 3091 1792 3092 1793 3092 1794 3092 1794 3093 1793 3093 1795 3093 1794 3094 1795 3094 1796 3094 1796 3095 1795 3095 1797 3095 1796 3096 1797 3096 1798 3096 1798 3097 1797 3097 1799 3097 1798 3098 1799 3098 1800 3098 1800 3099 1799 3099 1801 3099 1800 3100 1801 3100 1802 3100 1802 3101 1801 3101 1803 3101 1802 3102 1803 3102 1804 3102 1804 3103 1803 3103 1805 3103 1804 3104 1805 3104 1806 3104 1806 3105 1805 3105 1807 3105 1806 3106 1807 3106 1808 3106 1808 3107 1807 3107 1809 3107 1808 3108 1809 3108 1810 3108 1810 3109 1809 3109 1811 3109 1810 3110 1811 3110 1812 3110 1812 3111 1811 3111 1813 3111 1812 3112 1813 3112 1814 3112 1814 3113 1813 3113 1815 3113 1814 3114 1815 3114 1816 3114 1816 3115 1815 3115 1817 3115 1816 3116 1817 3116 1818 3116 1818 3117 1817 3117 1744 3117 1818 3118 1744 3118 1746 3118 1398 3119 1443 3119 1819 3119 1820 3120 1821 3120 1502 3120 1557 3121 1559 3121 1417 3121 1325 3122 1323 3122 1822 3122 1381 3123 1379 3123 1823 3123 1823 3124 1379 3124 1707 3124 1367 3125 1365 3125 1819 3125 1819 3126 1365 3126 1363 3126 1377 3127 1703 3127 1379 3127 1379 3128 1703 3128 1705 3128 1379 3129 1705 3129 1707 3129 1695 3130 1371 3130 1369 3130 1371 3131 1695 3131 1373 3131 1373 3132 1695 3132 1697 3132 1373 3133 1697 3133 1375 3133 1375 3134 1697 3134 1699 3134 1375 3135 1699 3135 1377 3135 1377 3136 1699 3136 1701 3136 1377 3137 1701 3137 1703 3137 1397 3138 1395 3138 1616 3138 1383 3139 1604 3139 1606 3139 1616 3140 1395 3140 1614 3140 1614 3141 1395 3141 1393 3141 1614 3142 1393 3142 1612 3142 1612 3143 1393 3143 1391 3143 1612 3144 1391 3144 1610 3144 1610 3145 1391 3145 1389 3145 1610 3146 1389 3146 1608 3146 1608 3147 1389 3147 1387 3147 1608 3148 1387 3148 1606 3148 1606 3149 1387 3149 1385 3149 1606 3150 1385 3150 1383 3150 1408 3151 1341 3151 1339 3151 1408 3152 1339 3152 1409 3152 1339 3153 1337 3153 1409 3153 1409 3154 1337 3154 1335 3154 1409 3155 1335 3155 1333 3155 1325 3156 1822 3156 1327 3156 1333 3157 1331 3157 1409 3157 1409 3158 1331 3158 1329 3158 1409 3159 1329 3159 1327 3159 1357 3160 1355 3160 1407 3160 1363 3161 1361 3161 1819 3161 1819 3162 1361 3162 1359 3162 1819 3163 1359 3163 1357 3163 1355 3164 1353 3164 1407 3164 1407 3165 1353 3165 1351 3165 1407 3166 1351 3166 1349 3166 1349 3167 1347 3167 1407 3167 1407 3168 1347 3168 1345 3168 1407 3169 1345 3169 1408 3169 1408 3170 1345 3170 1343 3170 1408 3171 1343 3171 1341 3171 1545 3172 1406 3172 1543 3172 1543 3173 1406 3173 1405 3173 1543 3174 1405 3174 1541 3174 1417 3175 1416 3175 1557 3175 1557 3176 1416 3176 1415 3176 1557 3177 1415 3177 1555 3177 1555 3178 1415 3178 1414 3178 1555 3179 1414 3179 1553 3179 1545 3180 1547 3180 1406 3180 1406 3181 1547 3181 1549 3181 1406 3182 1549 3182 1411 3182 1411 3183 1549 3183 1551 3183 1411 3184 1551 3184 1412 3184 1412 3185 1551 3185 1553 3185 1412 3186 1553 3186 1413 3186 1413 3187 1553 3187 1414 3187 1577 3188 1452 3188 1454 3188 1420 3189 1419 3189 1482 3189 1559 3190 1466 3190 1417 3190 1417 3191 1466 3191 1468 3191 1417 3192 1468 3192 1470 3192 1470 3193 1472 3193 1417 3193 1417 3194 1472 3194 1474 3194 1417 3195 1474 3195 1418 3195 1460 3196 1462 3196 1565 3196 1565 3197 1462 3197 1464 3197 1565 3198 1464 3198 1563 3198 1563 3199 1464 3199 1466 3199 1563 3200 1466 3200 1561 3200 1561 3201 1466 3201 1559 3201 1474 3202 1476 3202 1418 3202 1418 3203 1476 3203 1478 3203 1418 3204 1478 3204 1419 3204 1419 3205 1478 3205 1480 3205 1419 3206 1480 3206 1482 3206 1565 3207 1567 3207 1460 3207 1460 3208 1567 3208 1569 3208 1460 3209 1569 3209 1458 3209 1458 3210 1569 3210 1571 3210 1458 3211 1571 3211 1456 3211 1456 3212 1571 3212 1573 3212 1456 3213 1573 3213 1454 3213 1454 3214 1573 3214 1575 3214 1454 3215 1575 3215 1577 3215 1502 3216 1821 3216 1500 3216 1490 3217 1492 3217 1421 3217 1421 3218 1492 3218 1422 3218 1518 3219 1446 3219 1824 3219 1824 3220 1446 3220 1448 3220 1824 3221 1448 3221 1577 3221 1577 3222 1448 3222 1450 3222 1577 3223 1450 3223 1452 3223 1482 3224 1484 3224 1420 3224 1420 3225 1484 3225 1486 3225 1420 3226 1486 3226 1421 3226 1421 3227 1486 3227 1488 3227 1421 3228 1488 3228 1490 3228 1498 3229 1423 3229 1496 3229 1496 3230 1423 3230 1422 3230 1496 3231 1422 3231 1494 3231 1494 3232 1422 3232 1492 3232 1516 3233 1825 3233 1514 3233 1514 3234 1825 3234 1826 3234 1514 3235 1826 3235 1512 3235 1512 3236 1826 3236 1827 3236 1512 3237 1827 3237 1510 3237 1506 3238 1828 3238 1504 3238 1504 3239 1828 3239 1829 3239 1504 3240 1829 3240 1502 3240 1502 3241 1829 3241 1830 3241 1502 3242 1830 3242 1820 3242 1510 3243 1827 3243 1508 3243 1508 3244 1827 3244 1831 3244 1508 3245 1831 3245 1506 3245 1506 3246 1831 3246 1832 3246 1506 3247 1832 3247 1828 3247 1498 3248 1500 3248 1423 3248 1423 3249 1500 3249 1821 3249 1423 3250 1821 3250 1424 3250 1821 3251 1833 3251 1424 3251 1424 3252 1833 3252 1834 3252 1424 3253 1834 3253 1425 3253 1834 3254 1835 3254 1425 3254 1425 3255 1835 3255 1836 3255 1425 3256 1836 3256 1426 3256 1837 3257 1427 3257 1838 3257 1838 3258 1427 3258 1426 3258 1838 3259 1426 3259 1839 3259 1839 3260 1426 3260 1836 3260 1837 3261 1840 3261 1427 3261 1427 3262 1840 3262 1841 3262 1427 3263 1841 3263 1428 3263 1841 3264 1842 3264 1428 3264 1428 3265 1842 3265 1843 3265 1428 3266 1843 3266 1429 3266 1429 3267 1843 3267 1844 3267 1429 3268 1844 3268 1845 3268 1845 3269 1846 3269 1429 3269 1429 3270 1846 3270 1847 3270 1429 3271 1847 3271 1430 3271 1790 3272 1792 3272 1430 3272 1430 3273 1792 3273 1794 3273 1430 3274 1794 3274 1431 3274 1848 3275 1786 3275 1430 3275 1430 3276 1786 3276 1788 3276 1430 3277 1788 3277 1790 3277 1802 3278 1433 3278 1800 3278 1800 3279 1433 3279 1432 3279 1800 3280 1432 3280 1798 3280 1798 3281 1432 3281 1431 3281 1798 3282 1431 3282 1796 3282 1796 3283 1431 3283 1794 3283 1802 3284 1804 3284 1433 3284 1433 3285 1804 3285 1806 3285 1433 3286 1806 3286 1434 3286 1434 3287 1806 3287 1808 3287 1434 3288 1808 3288 1810 3288 1810 3289 1812 3289 1434 3289 1434 3290 1812 3290 1814 3290 1434 3291 1814 3291 1435 3291 1435 3292 1814 3292 1816 3292 1435 3293 1816 3293 1436 3293 1750 3294 1752 3294 1727 3294 1439 3295 1741 3295 1743 3295 1439 3296 1743 3296 1849 3296 1727 3297 1752 3297 1725 3297 1725 3298 1752 3298 1754 3298 1725 3299 1754 3299 1723 3299 1816 3300 1818 3300 1436 3300 1436 3301 1818 3301 1746 3301 1436 3302 1746 3302 1727 3302 1727 3303 1746 3303 1748 3303 1727 3304 1748 3304 1750 3304 1727 3305 1729 3305 1436 3305 1436 3306 1729 3306 1731 3306 1436 3307 1731 3307 1437 3307 1437 3308 1731 3308 1733 3308 1437 3309 1733 3309 1438 3309 1733 3310 1735 3310 1438 3310 1438 3311 1735 3311 1737 3311 1438 3312 1737 3312 1439 3312 1439 3313 1737 3313 1739 3313 1439 3314 1739 3314 1741 3314 1442 3315 1441 3315 1849 3315 1849 3316 1441 3316 1440 3316 1849 3317 1440 3317 1439 3317 1743 3318 1671 3318 1849 3318 1849 3319 1671 3319 1673 3319 1849 3320 1673 3320 1442 3320 1442 3321 1673 3321 1675 3321 1442 3322 1675 3322 1677 3322 1369 3323 1367 3323 1695 3323 1695 3324 1367 3324 1819 3324 1695 3325 1819 3325 1693 3325 1693 3326 1819 3326 1691 3326 1677 3327 1679 3327 1442 3327 1442 3328 1679 3328 1681 3328 1442 3329 1681 3329 1443 3329 1443 3330 1681 3330 1683 3330 1683 3331 1685 3331 1443 3331 1443 3332 1685 3332 1687 3332 1443 3333 1687 3333 1819 3333 1819 3334 1687 3334 1689 3334 1819 3335 1689 3335 1691 3335 1402 3336 1401 3336 1819 3336 1402 3337 1819 3337 1403 3337 1357 3338 1407 3338 1819 3338 1819 3339 1407 3339 1404 3339 1819 3340 1404 3340 1403 3340 1401 3341 1400 3341 1819 3341 1819 3342 1400 3342 1399 3342 1819 3343 1399 3343 1398 3343 1527 3344 1529 3344 1410 3344 1410 3345 1529 3345 1531 3345 1410 3346 1531 3346 1533 3346 1521 3347 1523 3347 1850 3347 1850 3348 1523 3348 1525 3348 1533 3349 1535 3349 1410 3349 1410 3350 1535 3350 1537 3350 1410 3351 1537 3351 1405 3351 1405 3352 1537 3352 1539 3352 1405 3353 1539 3353 1541 3353 1581 3354 1628 3354 1579 3354 1579 3355 1628 3355 1630 3355 1579 3356 1630 3356 1577 3356 1577 3357 1630 3357 1824 3357 1824 3358 1630 3358 1632 3358 1824 3359 1632 3359 1634 3359 1587 3360 1589 3360 1620 3360 1620 3361 1589 3361 1591 3361 1620 3362 1591 3362 1850 3362 1850 3363 1591 3363 1593 3363 1850 3364 1593 3364 1521 3364 1587 3365 1620 3365 1585 3365 1585 3366 1620 3366 1622 3366 1585 3367 1622 3367 1583 3367 1583 3368 1622 3368 1624 3368 1583 3369 1624 3369 1581 3369 1581 3370 1624 3370 1626 3370 1581 3371 1626 3371 1628 3371 1634 3372 1636 3372 1824 3372 1824 3373 1636 3373 1825 3373 1824 3374 1825 3374 1518 3374 1518 3375 1825 3375 1516 3375 1648 3376 1851 3376 1646 3376 1646 3377 1851 3377 1852 3377 1646 3378 1852 3378 1644 3378 1644 3379 1852 3379 1853 3379 1644 3380 1853 3380 1642 3380 1642 3381 1853 3381 1854 3381 1642 3382 1854 3382 1640 3382 1640 3383 1854 3383 1825 3383 1640 3384 1825 3384 1638 3384 1638 3385 1825 3385 1636 3385 1323 3386 1397 3386 1822 3386 1822 3387 1397 3387 1616 3387 1822 3388 1616 3388 1850 3388 1850 3389 1616 3389 1618 3389 1850 3390 1618 3390 1620 3390 1766 3391 1666 3391 1668 3391 1666 3392 1766 3392 1664 3392 1664 3393 1766 3393 1768 3393 1664 3394 1768 3394 1662 3394 1662 3395 1768 3395 1770 3395 1662 3396 1770 3396 1660 3396 1668 3397 1596 3397 1823 3397 1823 3398 1596 3398 1598 3398 1823 3399 1598 3399 1381 3399 1381 3400 1598 3400 1600 3400 1381 3401 1600 3401 1383 3401 1383 3402 1600 3402 1602 3402 1383 3403 1602 3403 1604 3403 1780 3404 1782 3404 1848 3404 1848 3405 1782 3405 1784 3405 1848 3406 1784 3406 1786 3406 1660 3407 1770 3407 1658 3407 1658 3408 1770 3408 1772 3408 1658 3409 1772 3409 1656 3409 1656 3410 1772 3410 1774 3410 1656 3411 1774 3411 1654 3411 1654 3412 1774 3412 1776 3412 1654 3413 1776 3413 1778 3413 1847 3414 1855 3414 1430 3414 1430 3415 1855 3415 1856 3415 1430 3416 1856 3416 1848 3416 1848 3417 1856 3417 1857 3417 1848 3418 1857 3418 1858 3418 1778 3419 1780 3419 1654 3419 1654 3420 1780 3420 1848 3420 1654 3421 1848 3421 1652 3421 1652 3422 1848 3422 1858 3422 1858 3423 1859 3423 1652 3423 1652 3424 1859 3424 1860 3424 1652 3425 1860 3425 1650 3425 1650 3426 1860 3426 1861 3426 1650 3427 1861 3427 1648 3427 1648 3428 1861 3428 1862 3428 1648 3429 1862 3429 1851 3429 1707 3430 1709 3430 1823 3430 1823 3431 1709 3431 1711 3431 1823 3432 1711 3432 1713 3432 1754 3433 1756 3433 1723 3433 1723 3434 1756 3434 1758 3434 1723 3435 1758 3435 1721 3435 1721 3436 1758 3436 1760 3436 1721 3437 1760 3437 1719 3437 1719 3438 1760 3438 1762 3438 1719 3439 1762 3439 1717 3439 1717 3440 1762 3440 1764 3440 1668 3441 1823 3441 1766 3441 1766 3442 1823 3442 1713 3442 1766 3443 1713 3443 1764 3443 1764 3444 1713 3444 1715 3444 1764 3445 1715 3445 1717 3445 1327 3446 1822 3446 1409 3446 1409 3447 1822 3447 1850 3447 1409 3448 1850 3448 1410 3448 1410 3449 1850 3449 1525 3449 1410 3450 1525 3450 1527 3450 1863 3451 1864 3451 1857 3451 1857 3452 1864 3452 1865 3452 1857 3453 1865 3453 1858 3453 1858 3454 1865 3454 1866 3454 1858 3455 1866 3455 1859 3455 1859 3456 1866 3456 1867 3456 1859 3457 1867 3457 1860 3457 1860 3458 1867 3458 1868 3458 1860 3459 1868 3459 1861 3459 1861 3460 1868 3460 1869 3460 1861 3461 1869 3461 1862 3461 1862 3462 1869 3462 1870 3462 1862 3463 1870 3463 1851 3463 1851 3464 1870 3464 1871 3464 1851 3465 1871 3465 1852 3465 1852 3466 1871 3466 1872 3466 1852 3467 1872 3467 1853 3467 1853 3468 1872 3468 1873 3468 1853 3469 1873 3469 1854 3469 1854 3470 1873 3470 1874 3470 1854 3471 1874 3471 1825 3471 1825 3472 1874 3472 1875 3472 1825 3473 1875 3473 1826 3473 1826 3474 1875 3474 1876 3474 1826 3475 1876 3475 1827 3475 1827 3476 1876 3476 1877 3476 1827 3477 1877 3477 1831 3477 1831 3478 1877 3478 1878 3478 1831 3479 1878 3479 1832 3479 1832 3480 1878 3480 1879 3480 1832 3481 1879 3481 1828 3481 1828 3482 1879 3482 1880 3482 1828 3483 1880 3483 1829 3483 1829 3484 1880 3484 1881 3484 1829 3485 1881 3485 1830 3485 1830 3486 1881 3486 1882 3486 1830 3487 1882 3487 1820 3487 1820 3488 1882 3488 1883 3488 1820 3489 1883 3489 1821 3489 1821 3490 1883 3490 1884 3490 1821 3491 1884 3491 1833 3491 1833 3492 1884 3492 1885 3492 1833 3493 1885 3493 1834 3493 1834 3494 1885 3494 1886 3494 1834 3495 1886 3495 1835 3495 1835 3496 1886 3496 1887 3496 1835 3497 1887 3497 1836 3497 1836 3498 1887 3498 1888 3498 1836 3499 1888 3499 1839 3499 1839 3500 1888 3500 1889 3500 1839 3501 1889 3501 1838 3501 1838 3502 1889 3502 1890 3502 1838 3503 1890 3503 1837 3503 1837 3504 1890 3504 1891 3504 1837 3505 1891 3505 1840 3505 1840 3506 1891 3506 1892 3506 1840 3507 1892 3507 1841 3507 1841 3508 1892 3508 1893 3508 1841 3509 1893 3509 1842 3509 1842 3510 1893 3510 1894 3510 1842 3511 1894 3511 1843 3511 1843 3512 1894 3512 1895 3512 1843 3513 1895 3513 1844 3513 1844 3514 1895 3514 1896 3514 1844 3515 1896 3515 1845 3515 1845 3516 1896 3516 1897 3516 1845 3517 1897 3517 1846 3517 1846 3518 1897 3518 1898 3518 1846 3519 1898 3519 1847 3519 1847 3520 1898 3520 1899 3520 1847 3521 1899 3521 1855 3521 1855 3522 1899 3522 1900 3522 1855 3523 1900 3523 1856 3523 1856 3524 1900 3524 1863 3524 1856 3525 1863 3525 1857 3525 1901 3526 1747 3526 1902 3526 1902 3527 1747 3527 1745 3527 1902 3528 1745 3528 1903 3528 1903 3529 1745 3529 1744 3529 1903 3530 1744 3530 1904 3530 1904 3531 1744 3531 1817 3531 1904 3532 1817 3532 1905 3532 1905 3533 1817 3533 1815 3533 1905 3534 1815 3534 1906 3534 1906 3535 1815 3535 1813 3535 1906 3536 1813 3536 1907 3536 1907 3537 1813 3537 1811 3537 1907 3538 1811 3538 1908 3538 1908 3539 1811 3539 1809 3539 1908 3540 1809 3540 1909 3540 1909 3541 1809 3541 1807 3541 1909 3542 1807 3542 1910 3542 1910 3543 1807 3543 1805 3543 1910 3544 1805 3544 1911 3544 1911 3545 1805 3545 1803 3545 1911 3546 1803 3546 1912 3546 1912 3547 1803 3547 1801 3547 1912 3548 1801 3548 1913 3548 1913 3549 1801 3549 1799 3549 1913 3550 1799 3550 1914 3550 1914 3551 1799 3551 1797 3551 1914 3552 1797 3552 1915 3552 1915 3553 1797 3553 1795 3553 1915 3554 1795 3554 1916 3554 1916 3555 1795 3555 1793 3555 1916 3556 1793 3556 1917 3556 1917 3557 1793 3557 1791 3557 1917 3558 1791 3558 1918 3558 1918 3559 1791 3559 1789 3559 1918 3560 1789 3560 1919 3560 1919 3561 1789 3561 1787 3561 1919 3562 1787 3562 1920 3562 1920 3563 1787 3563 1785 3563 1920 3564 1785 3564 1921 3564 1921 3565 1785 3565 1783 3565 1921 3566 1783 3566 1922 3566 1922 3567 1783 3567 1781 3567 1922 3568 1781 3568 1923 3568 1923 3569 1781 3569 1779 3569 1923 3570 1779 3570 1924 3570 1924 3571 1779 3571 1777 3571 1924 3572 1777 3572 1925 3572 1925 3573 1777 3573 1775 3573 1925 3574 1775 3574 1926 3574 1926 3575 1775 3575 1773 3575 1926 3576 1773 3576 1927 3576 1927 3577 1773 3577 1771 3577 1927 3578 1771 3578 1928 3578 1928 3579 1771 3579 1769 3579 1928 3580 1769 3580 1929 3580 1929 3581 1769 3581 1767 3581 1929 3582 1767 3582 1930 3582 1930 3583 1767 3583 1765 3583 1930 3584 1765 3584 1931 3584 1931 3585 1765 3585 1763 3585 1931 3586 1763 3586 1932 3586 1932 3587 1763 3587 1761 3587 1932 3588 1761 3588 1933 3588 1933 3589 1761 3589 1759 3589 1933 3590 1759 3590 1934 3590 1934 3591 1759 3591 1757 3591 1934 3592 1757 3592 1935 3592 1935 3593 1757 3593 1755 3593 1935 3594 1755 3594 1936 3594 1936 3595 1755 3595 1753 3595 1936 3596 1753 3596 1937 3596 1937 3597 1753 3597 1751 3597 1937 3598 1751 3598 1938 3598 1938 3599 1751 3599 1749 3599 1938 3600 1749 3600 1901 3600 1901 3601 1749 3601 1747 3601 1939 3602 1940 3602 1941 3602 1942 3603 1943 3603 1941 3603 1941 3604 1943 3604 1944 3604 1941 3605 1944 3605 1939 3605 1945 3606 1946 3606 1941 3606 1941 3607 1946 3607 1947 3607 1941 3608 1947 3608 1942 3608 1948 3609 1949 3609 1941 3609 1941 3610 1949 3610 1950 3610 1941 3611 1950 3611 1945 3611 1951 3612 1952 3612 1941 3612 1941 3613 1952 3613 1953 3613 1941 3614 1953 3614 1948 3614 1954 3615 1955 3615 1941 3615 1941 3616 1955 3616 1956 3616 1941 3617 1956 3617 1951 3617 1957 3618 1958 3618 1941 3618 1941 3619 1958 3619 1959 3619 1941 3620 1959 3620 1954 3620 1960 3621 1961 3621 1941 3621 1941 3622 1961 3622 1962 3622 1941 3623 1962 3623 1957 3623 1963 3624 1964 3624 1941 3624 1941 3625 1964 3625 1965 3625 1941 3626 1965 3626 1960 3626 1966 3627 1967 3627 1941 3627 1941 3628 1967 3628 1968 3628 1941 3629 1968 3629 1963 3629 1969 3630 1970 3630 1941 3630 1941 3631 1970 3631 1971 3631 1941 3632 1971 3632 1966 3632 1972 3633 1973 3633 1941 3633 1941 3634 1973 3634 1974 3634 1941 3635 1974 3635 1969 3635 1940 3636 1975 3636 1941 3636 1941 3637 1975 3637 1976 3637 1941 3638 1976 3638 1972 3638 1939 3639 1977 3639 1940 3639 1940 3640 1977 3640 1978 3640 1940 3641 1978 3641 1975 3641 1975 3642 1978 3642 1979 3642 1975 3643 1979 3643 1976 3643 1976 3644 1979 3644 1980 3644 1976 3645 1980 3645 1972 3645 1972 3646 1980 3646 1981 3646 1972 3647 1981 3647 1973 3647 1973 3648 1981 3648 1982 3648 1973 3649 1982 3649 1974 3649 1974 3650 1982 3650 1983 3650 1974 3651 1983 3651 1969 3651 1969 3652 1983 3652 1984 3652 1969 3653 1984 3653 1970 3653 1970 3654 1984 3654 1985 3654 1970 3655 1985 3655 1971 3655 1971 3656 1985 3656 1986 3656 1971 3657 1986 3657 1966 3657 1966 3658 1986 3658 1987 3658 1966 3659 1987 3659 1967 3659 1967 3660 1987 3660 1988 3660 1967 3661 1988 3661 1968 3661 1968 3662 1988 3662 1989 3662 1968 3663 1989 3663 1963 3663 1963 3664 1989 3664 1990 3664 1963 3665 1990 3665 1964 3665 1964 3666 1990 3666 1991 3666 1964 3667 1991 3667 1965 3667 1965 3668 1991 3668 1992 3668 1965 3669 1992 3669 1960 3669 1960 3670 1992 3670 1993 3670 1960 3671 1993 3671 1961 3671 1961 3672 1993 3672 1994 3672 1961 3673 1994 3673 1962 3673 1962 3674 1994 3674 1995 3674 1962 3675 1995 3675 1957 3675 1957 3676 1995 3676 1996 3676 1957 3677 1996 3677 1958 3677 1958 3678 1996 3678 1997 3678 1958 3679 1997 3679 1959 3679 1959 3680 1997 3680 1998 3680 1959 3681 1998 3681 1954 3681 1954 3682 1998 3682 1999 3682 1954 3683 1999 3683 1955 3683 1955 3684 1999 3684 2000 3684 1955 3685 2000 3685 1956 3685 1956 3686 2000 3686 2001 3686 1956 3687 2001 3687 1951 3687 1951 3688 2001 3688 2002 3688 1951 3689 2002 3689 1952 3689 1952 3690 2002 3690 2003 3690 1952 3691 2003 3691 1953 3691 1953 3692 2003 3692 2004 3692 1953 3693 2004 3693 1948 3693 1948 3694 2004 3694 2005 3694 1948 3695 2005 3695 1949 3695 1949 3696 2005 3696 2006 3696 1949 3697 2006 3697 1950 3697 1950 3698 2006 3698 2007 3698 1950 3699 2007 3699 1945 3699 1945 3700 2007 3700 2008 3700 1945 3701 2008 3701 1946 3701 1946 3702 2008 3702 2009 3702 1946 3703 2009 3703 1947 3703 1947 3704 2009 3704 2010 3704 1947 3705 2010 3705 1942 3705 1942 3706 2010 3706 2011 3706 1942 3707 2011 3707 1943 3707 1943 3708 2011 3708 2012 3708 1943 3709 2012 3709 1944 3709 1944 3710 2012 3710 2013 3710 1944 3711 2013 3711 1939 3711 1939 3712 2013 3712 1977 3712 2013 3713 2014 3713 1977 3713 1977 3714 2014 3714 2015 3714 1977 3715 2015 3715 1978 3715 1978 3716 2015 3716 2016 3716 1978 3717 2016 3717 1979 3717 1979 3718 2016 3718 2017 3718 1979 3719 2017 3719 1980 3719 1980 3720 2017 3720 2018 3720 1980 3721 2018 3721 1981 3721 1981 3722 2018 3722 2019 3722 1981 3723 2019 3723 1982 3723 1982 3724 2019 3724 2020 3724 1982 3725 2020 3725 1983 3725 1983 3726 2020 3726 2021 3726 1983 3727 2021 3727 1984 3727 1984 3728 2021 3728 2022 3728 1984 3729 2022 3729 1985 3729 1985 3730 2022 3730 2023 3730 1985 3731 2023 3731 1986 3731 1986 3732 2023 3732 2024 3732 1986 3733 2024 3733 1987 3733 1987 3734 2024 3734 2025 3734 1987 3735 2025 3735 1988 3735 1988 3736 2025 3736 2026 3736 1988 3737 2026 3737 1989 3737 1989 3738 2026 3738 2027 3738 1989 3739 2027 3739 1990 3739 1990 3740 2027 3740 2028 3740 1990 3741 2028 3741 1991 3741 1991 3742 2028 3742 2029 3742 1991 3743 2029 3743 1992 3743 1992 3744 2029 3744 2030 3744 1992 3745 2030 3745 1993 3745 1993 3746 2030 3746 2031 3746 1993 3747 2031 3747 1994 3747 1994 3748 2031 3748 2032 3748 1994 3749 2032 3749 1995 3749 1995 3750 2032 3750 2033 3750 1995 3751 2033 3751 1996 3751 1996 3752 2033 3752 2034 3752 1996 3753 2034 3753 1997 3753 1997 3754 2034 3754 2035 3754 1997 3755 2035 3755 1998 3755 1998 3756 2035 3756 2036 3756 1998 3757 2036 3757 1999 3757 1999 3758 2036 3758 2037 3758 1999 3759 2037 3759 2000 3759 2000 3760 2037 3760 2038 3760 2000 3761 2038 3761 2001 3761 2001 3762 2038 3762 2039 3762 2001 3763 2039 3763 2002 3763 2002 3764 2039 3764 2040 3764 2002 3765 2040 3765 2003 3765 2003 3766 2040 3766 2041 3766 2003 3767 2041 3767 2004 3767 2004 3768 2041 3768 2042 3768 2004 3769 2042 3769 2005 3769 2005 3770 2042 3770 2043 3770 2005 3771 2043 3771 2006 3771 2006 3772 2043 3772 2044 3772 2006 3773 2044 3773 2007 3773 2007 3774 2044 3774 2045 3774 2007 3775 2045 3775 2008 3775 2008 3776 2045 3776 2046 3776 2008 3777 2046 3777 2009 3777 2009 3778 2046 3778 2047 3778 2009 3779 2047 3779 2010 3779 2010 3780 2047 3780 2048 3780 2010 3781 2048 3781 2011 3781 2011 3782 2048 3782 2049 3782 2011 3783 2049 3783 2012 3783 2012 3784 2049 3784 2050 3784 2012 3785 2050 3785 2013 3785 2013 3786 2050 3786 2014 3786 2050 3787 2051 3787 2014 3787 2014 3788 2051 3788 2052 3788 2014 3789 2052 3789 2015 3789 2015 3790 2052 3790 2053 3790 2015 3791 2053 3791 2016 3791 2016 3792 2053 3792 2054 3792 2016 3793 2054 3793 2017 3793 2017 3794 2054 3794 2055 3794 2017 3795 2055 3795 2018 3795 2018 3796 2055 3796 2056 3796 2018 3797 2056 3797 2019 3797 2019 3798 2056 3798 2057 3798 2019 3799 2057 3799 2020 3799 2020 3800 2057 3800 2058 3800 2020 3801 2058 3801 2021 3801 2021 3802 2058 3802 2059 3802 2021 3803 2059 3803 2022 3803 2022 3804 2059 3804 2060 3804 2022 3805 2060 3805 2023 3805 2023 3806 2060 3806 2061 3806 2023 3807 2061 3807 2024 3807 2024 3808 2061 3808 2062 3808 2024 3809 2062 3809 2025 3809 2025 3810 2062 3810 2063 3810 2025 3811 2063 3811 2026 3811 2026 3812 2063 3812 2064 3812 2026 3813 2064 3813 2027 3813 2027 3814 2064 3814 2065 3814 2027 3815 2065 3815 2028 3815 2028 3816 2065 3816 2066 3816 2028 3817 2066 3817 2029 3817 2029 3818 2066 3818 2067 3818 2029 3819 2067 3819 2030 3819 2030 3820 2067 3820 2068 3820 2030 3821 2068 3821 2031 3821 2031 3822 2068 3822 2069 3822 2031 3823 2069 3823 2032 3823 2032 3824 2069 3824 2070 3824 2032 3825 2070 3825 2033 3825 2033 3826 2070 3826 2071 3826 2033 3827 2071 3827 2034 3827 2034 3828 2071 3828 2072 3828 2034 3829 2072 3829 2035 3829 2035 3830 2072 3830 2073 3830 2035 3831 2073 3831 2036 3831 2036 3832 2073 3832 2074 3832 2036 3833 2074 3833 2037 3833 2037 3834 2074 3834 2075 3834 2037 3835 2075 3835 2038 3835 2038 3836 2075 3836 2076 3836 2038 3837 2076 3837 2039 3837 2039 3838 2076 3838 2077 3838 2039 3839 2077 3839 2040 3839 2040 3840 2077 3840 2078 3840 2040 3841 2078 3841 2041 3841 2041 3842 2078 3842 2079 3842 2041 3843 2079 3843 2042 3843 2042 3844 2079 3844 2080 3844 2042 3845 2080 3845 2043 3845 2043 3846 2080 3846 2081 3846 2043 3847 2081 3847 2044 3847 2044 3848 2081 3848 2082 3848 2044 3849 2082 3849 2045 3849 2045 3850 2082 3850 2083 3850 2045 3851 2083 3851 2046 3851 2046 3852 2083 3852 2084 3852 2046 3853 2084 3853 2047 3853 2047 3854 2084 3854 2085 3854 2047 3855 2085 3855 2048 3855 2048 3856 2085 3856 2086 3856 2048 3857 2086 3857 2049 3857 2049 3858 2086 3858 2087 3858 2049 3859 2087 3859 2050 3859 2050 3860 2087 3860 2051 3860 2087 3861 2088 3861 2051 3861 2051 3862 2088 3862 2089 3862 2051 3863 2089 3863 2052 3863 2052 3864 2089 3864 2090 3864 2052 3865 2090 3865 2053 3865 2053 3866 2090 3866 2091 3866 2053 3867 2091 3867 2054 3867 2054 3868 2091 3868 2092 3868 2054 3869 2092 3869 2055 3869 2055 3870 2092 3870 2093 3870 2055 3871 2093 3871 2056 3871 2056 3872 2093 3872 2094 3872 2056 3873 2094 3873 2057 3873 2057 3874 2094 3874 2095 3874 2057 3875 2095 3875 2058 3875 2058 3876 2095 3876 2096 3876 2058 3877 2096 3877 2059 3877 2059 3878 2096 3878 2097 3878 2059 3879 2097 3879 2060 3879 2060 3880 2097 3880 2098 3880 2060 3881 2098 3881 2061 3881 2061 3882 2098 3882 2099 3882 2061 3883 2099 3883 2062 3883 2062 3884 2099 3884 2100 3884 2062 3885 2100 3885 2063 3885 2063 3886 2100 3886 2101 3886 2063 3887 2101 3887 2064 3887 2064 3888 2101 3888 2102 3888 2064 3889 2102 3889 2065 3889 2065 3890 2102 3890 2103 3890 2065 3891 2103 3891 2066 3891 2066 3892 2103 3892 2104 3892 2066 3893 2104 3893 2067 3893 2067 3894 2104 3894 2105 3894 2067 3895 2105 3895 2068 3895 2068 3896 2105 3896 2106 3896 2068 3897 2106 3897 2069 3897 2069 3898 2106 3898 2107 3898 2069 3899 2107 3899 2070 3899 2070 3900 2107 3900 2108 3900 2070 3901 2108 3901 2071 3901 2071 3902 2108 3902 2109 3902 2071 3903 2109 3903 2072 3903 2072 3904 2109 3904 2110 3904 2072 3905 2110 3905 2073 3905 2073 3906 2110 3906 2111 3906 2073 3907 2111 3907 2074 3907 2074 3908 2111 3908 2112 3908 2074 3909 2112 3909 2075 3909 2075 3910 2112 3910 2113 3910 2075 3911 2113 3911 2076 3911 2076 3912 2113 3912 2114 3912 2076 3913 2114 3913 2077 3913 2077 3914 2114 3914 2115 3914 2077 3915 2115 3915 2078 3915 2078 3916 2115 3916 2116 3916 2078 3917 2116 3917 2079 3917 2079 3918 2116 3918 2117 3918 2079 3919 2117 3919 2080 3919 2080 3920 2117 3920 2118 3920 2080 3921 2118 3921 2081 3921 2081 3922 2118 3922 2119 3922 2081 3923 2119 3923 2082 3923 2082 3924 2119 3924 2120 3924 2082 3925 2120 3925 2083 3925 2083 3926 2120 3926 2121 3926 2083 3927 2121 3927 2084 3927 2084 3928 2121 3928 2122 3928 2084 3929 2122 3929 2085 3929 2085 3930 2122 3930 2123 3930 2085 3931 2123 3931 2086 3931 2086 3932 2123 3932 2124 3932 2086 3933 2124 3933 2087 3933 2087 3934 2124 3934 2088 3934 2124 3935 2125 3935 2088 3935 2088 3936 2125 3936 2126 3936 2088 3937 2126 3937 2089 3937 2089 3938 2126 3938 2127 3938 2089 3939 2127 3939 2090 3939 2090 3940 2127 3940 2128 3940 2090 3941 2128 3941 2091 3941 2091 3942 2128 3942 2129 3942 2091 3943 2129 3943 2092 3943 2092 3944 2129 3944 2130 3944 2092 3945 2130 3945 2093 3945 2093 3946 2130 3946 2131 3946 2093 3947 2131 3947 2094 3947 2094 3948 2131 3948 2132 3948 2094 3949 2132 3949 2095 3949 2095 3950 2132 3950 2133 3950 2095 3951 2133 3951 2096 3951 2096 3952 2133 3952 2134 3952 2096 3953 2134 3953 2097 3953 2097 3954 2134 3954 2135 3954 2097 3955 2135 3955 2098 3955 2098 3956 2135 3956 2136 3956 2098 3957 2136 3957 2099 3957 2099 3958 2136 3958 2137 3958 2099 3959 2137 3959 2100 3959 2100 3960 2137 3960 2138 3960 2100 3961 2138 3961 2101 3961 2101 3962 2138 3962 2139 3962 2101 3963 2139 3963 2102 3963 2102 3964 2139 3964 2140 3964 2102 3965 2140 3965 2103 3965 2103 3966 2140 3966 2141 3966 2103 3967 2141 3967 2104 3967 2104 3968 2141 3968 2142 3968 2104 3969 2142 3969 2105 3969 2105 3970 2142 3970 2143 3970 2105 3971 2143 3971 2106 3971 2106 3972 2143 3972 2144 3972 2106 3973 2144 3973 2107 3973 2107 3974 2144 3974 2145 3974 2107 3975 2145 3975 2108 3975 2108 3976 2145 3976 2146 3976 2108 3977 2146 3977 2109 3977 2109 3978 2146 3978 2147 3978 2109 3979 2147 3979 2110 3979 2110 3980 2147 3980 2148 3980 2110 3981 2148 3981 2111 3981 2111 3982 2148 3982 2149 3982 2111 3983 2149 3983 2112 3983 2112 3984 2149 3984 2150 3984 2112 3985 2150 3985 2113 3985 2113 3986 2150 3986 2151 3986 2113 3987 2151 3987 2114 3987 2114 3988 2151 3988 2152 3988 2114 3989 2152 3989 2115 3989 2115 3990 2152 3990 2153 3990 2115 3991 2153 3991 2116 3991 2116 3992 2153 3992 2154 3992 2116 3993 2154 3993 2117 3993 2117 3994 2154 3994 2155 3994 2117 3995 2155 3995 2118 3995 2118 3996 2155 3996 2156 3996 2118 3997 2156 3997 2119 3997 2119 3998 2156 3998 2157 3998 2119 3999 2157 3999 2120 3999 2120 4000 2157 4000 2158 4000 2120 4001 2158 4001 2121 4001 2121 4002 2158 4002 2159 4002 2121 4003 2159 4003 2122 4003 2122 4004 2159 4004 2160 4004 2122 4005 2160 4005 2123 4005 2123 4006 2160 4006 2161 4006 2123 4007 2161 4007 2124 4007 2124 4008 2161 4008 2125 4008 2161 4009 2162 4009 2125 4009 2125 4010 2162 4010 2163 4010 2125 4011 2163 4011 2126 4011 2126 4012 2163 4012 2164 4012 2126 4013 2164 4013 2127 4013 2127 4014 2164 4014 2165 4014 2127 4015 2165 4015 2128 4015 2128 4016 2165 4016 2166 4016 2128 4017 2166 4017 2129 4017 2129 4018 2166 4018 2167 4018 2129 4019 2167 4019 2130 4019 2130 4020 2167 4020 2168 4020 2130 4021 2168 4021 2131 4021 2131 4022 2168 4022 2169 4022 2131 4023 2169 4023 2132 4023 2132 4024 2169 4024 2170 4024 2132 4025 2170 4025 2133 4025 2133 4026 2170 4026 2171 4026 2133 4027 2171 4027 2134 4027 2134 4028 2171 4028 2172 4028 2134 4029 2172 4029 2135 4029 2135 4030 2172 4030 2173 4030 2135 4031 2173 4031 2136 4031 2136 4032 2173 4032 2174 4032 2136 4033 2174 4033 2137 4033 2137 4034 2174 4034 2175 4034 2137 4035 2175 4035 2138 4035 2138 4036 2175 4036 2176 4036 2138 4037 2176 4037 2139 4037 2139 4038 2176 4038 2177 4038 2139 4039 2177 4039 2140 4039 2140 4040 2177 4040 2178 4040 2140 4041 2178 4041 2141 4041 2141 4042 2178 4042 2179 4042 2141 4043 2179 4043 2142 4043 2142 4044 2179 4044 2180 4044 2142 4045 2180 4045 2143 4045 2143 4046 2180 4046 2181 4046 2143 4047 2181 4047 2144 4047 2144 4048 2181 4048 2182 4048 2144 4049 2182 4049 2145 4049 2145 4050 2182 4050 2183 4050 2145 4051 2183 4051 2146 4051 2146 4052 2183 4052 2184 4052 2146 4053 2184 4053 2147 4053 2147 4054 2184 4054 2185 4054 2147 4055 2185 4055 2148 4055 2148 4056 2185 4056 2186 4056 2148 4057 2186 4057 2149 4057 2149 4058 2186 4058 2187 4058 2149 4059 2187 4059 2150 4059 2150 4060 2187 4060 2188 4060 2150 4061 2188 4061 2151 4061 2151 4062 2188 4062 2189 4062 2151 4063 2189 4063 2152 4063 2152 4064 2189 4064 2190 4064 2152 4065 2190 4065 2153 4065 2153 4066 2190 4066 2191 4066 2153 4067 2191 4067 2154 4067 2154 4068 2191 4068 2192 4068 2154 4069 2192 4069 2155 4069 2155 4070 2192 4070 2193 4070 2155 4071 2193 4071 2156 4071 2156 4072 2193 4072 2194 4072 2156 4073 2194 4073 2157 4073 2157 4074 2194 4074 2195 4074 2157 4075 2195 4075 2158 4075 2158 4076 2195 4076 2196 4076 2158 4077 2196 4077 2159 4077 2159 4078 2196 4078 2197 4078 2159 4079 2197 4079 2160 4079 2160 4080 2197 4080 2198 4080 2160 4081 2198 4081 2161 4081 2161 4082 2198 4082 2162 4082 2198 4083 2199 4083 2162 4083 2162 4084 2199 4084 2200 4084 2162 4085 2200 4085 2163 4085 2163 4086 2200 4086 2201 4086 2163 4087 2201 4087 2164 4087 2164 4088 2201 4088 2202 4088 2164 4089 2202 4089 2165 4089 2165 4090 2202 4090 2203 4090 2165 4091 2203 4091 2166 4091 2166 4092 2203 4092 2204 4092 2166 4093 2204 4093 2167 4093 2167 4094 2204 4094 2205 4094 2167 4095 2205 4095 2168 4095 2168 4096 2205 4096 2206 4096 2168 4097 2206 4097 2169 4097 2169 4098 2206 4098 2207 4098 2169 4099 2207 4099 2170 4099 2170 4100 2207 4100 2208 4100 2170 4101 2208 4101 2171 4101 2171 4102 2208 4102 2209 4102 2171 4103 2209 4103 2172 4103 2172 4104 2209 4104 2210 4104 2172 4105 2210 4105 2173 4105 2173 4106 2210 4106 2211 4106 2173 4107 2211 4107 2174 4107 2174 4108 2211 4108 2212 4108 2174 4109 2212 4109 2175 4109 2175 4110 2212 4110 2213 4110 2175 4111 2213 4111 2176 4111 2176 4112 2213 4112 2214 4112 2176 4113 2214 4113 2177 4113 2177 4114 2214 4114 2215 4114 2177 4115 2215 4115 2178 4115 2178 4116 2215 4116 2216 4116 2178 4117 2216 4117 2179 4117 2179 4118 2216 4118 2217 4118 2179 4119 2217 4119 2180 4119 2180 4120 2217 4120 2218 4120 2180 4121 2218 4121 2181 4121 2181 4122 2218 4122 2219 4122 2181 4123 2219 4123 2182 4123 2182 4124 2219 4124 2220 4124 2182 4125 2220 4125 2183 4125 2183 4126 2220 4126 2221 4126 2183 4127 2221 4127 2184 4127 2184 4128 2221 4128 2222 4128 2184 4129 2222 4129 2185 4129 2185 4130 2222 4130 2223 4130 2185 4131 2223 4131 2186 4131 2186 4132 2223 4132 2224 4132 2186 4133 2224 4133 2187 4133 2187 4134 2224 4134 2225 4134 2187 4135 2225 4135 2188 4135 2188 4136 2225 4136 2226 4136 2188 4137 2226 4137 2189 4137 2189 4138 2226 4138 2227 4138 2189 4139 2227 4139 2190 4139 2190 4140 2227 4140 2228 4140 2190 4141 2228 4141 2191 4141 2191 4142 2228 4142 2229 4142 2191 4143 2229 4143 2192 4143 2192 4144 2229 4144 2230 4144 2192 4145 2230 4145 2193 4145 2193 4146 2230 4146 2231 4146 2193 4147 2231 4147 2194 4147 2194 4148 2231 4148 2232 4148 2194 4149 2232 4149 2195 4149 2195 4150 2232 4150 2233 4150 2195 4151 2233 4151 2196 4151 2196 4152 2233 4152 2234 4152 2196 4153 2234 4153 2197 4153 2197 4154 2234 4154 2235 4154 2197 4155 2235 4155 2198 4155 2198 4156 2235 4156 2199 4156 2235 4157 2236 4157 2199 4157 2199 4158 2236 4158 2237 4158 2199 4159 2237 4159 2200 4159 2200 4160 2237 4160 2238 4160 2200 4161 2238 4161 2201 4161 2201 4162 2238 4162 2239 4162 2201 4163 2239 4163 2202 4163 2202 4164 2239 4164 2240 4164 2202 4165 2240 4165 2203 4165 2203 4166 2240 4166 2241 4166 2203 4167 2241 4167 2204 4167 2204 4168 2241 4168 2242 4168 2204 4169 2242 4169 2205 4169 2205 4170 2242 4170 2243 4170 2205 4171 2243 4171 2206 4171 2206 4172 2243 4172 2244 4172 2206 4173 2244 4173 2207 4173 2207 4174 2244 4174 2245 4174 2207 4175 2245 4175 2208 4175 2208 4176 2245 4176 2246 4176 2208 4177 2246 4177 2209 4177 2209 4178 2246 4178 2247 4178 2209 4179 2247 4179 2210 4179 2210 4180 2247 4180 2248 4180 2210 4181 2248 4181 2211 4181 2211 4182 2248 4182 2249 4182 2211 4183 2249 4183 2212 4183 2212 4184 2249 4184 2250 4184 2212 4185 2250 4185 2213 4185 2213 4186 2250 4186 2251 4186 2213 4187 2251 4187 2214 4187 2214 4188 2251 4188 2252 4188 2214 4189 2252 4189 2215 4189 2215 4190 2252 4190 2253 4190 2215 4191 2253 4191 2216 4191 2216 4192 2253 4192 2254 4192 2216 4193 2254 4193 2217 4193 2217 4194 2254 4194 2255 4194 2217 4195 2255 4195 2218 4195 2218 4196 2255 4196 2256 4196 2218 4197 2256 4197 2219 4197 2219 4198 2256 4198 2257 4198 2219 4199 2257 4199 2220 4199 2220 4200 2257 4200 2258 4200 2220 4201 2258 4201 2221 4201 2221 4202 2258 4202 2259 4202 2221 4203 2259 4203 2222 4203 2222 4204 2259 4204 2260 4204 2222 4205 2260 4205 2223 4205 2223 4206 2260 4206 2261 4206 2223 4207 2261 4207 2224 4207 2224 4208 2261 4208 2262 4208 2224 4209 2262 4209 2225 4209 2225 4210 2262 4210 2263 4210 2225 4211 2263 4211 2226 4211 2226 4212 2263 4212 2264 4212 2226 4213 2264 4213 2227 4213 2227 4214 2264 4214 2265 4214 2227 4215 2265 4215 2228 4215 2228 4216 2265 4216 2266 4216 2228 4217 2266 4217 2229 4217 2229 4218 2266 4218 2267 4218 2229 4219 2267 4219 2230 4219 2230 4220 2267 4220 2268 4220 2230 4221 2268 4221 2231 4221 2231 4222 2268 4222 2269 4222 2231 4223 2269 4223 2232 4223 2232 4224 2269 4224 2270 4224 2232 4225 2270 4225 2233 4225 2233 4226 2270 4226 2271 4226 2233 4227 2271 4227 2234 4227 2234 4228 2271 4228 2272 4228 2234 4229 2272 4229 2235 4229 2235 4230 2272 4230 2236 4230 2272 4231 2273 4231 2236 4231 2236 4232 2273 4232 2274 4232 2236 4233 2274 4233 2237 4233 2237 4234 2274 4234 2275 4234 2237 4235 2275 4235 2238 4235 2238 4236 2275 4236 2276 4236 2238 4237 2276 4237 2239 4237 2239 4238 2276 4238 2277 4238 2239 4239 2277 4239 2240 4239 2240 4240 2277 4240 2278 4240 2240 4241 2278 4241 2241 4241 2241 4242 2278 4242 2279 4242 2241 4243 2279 4243 2242 4243 2242 4244 2279 4244 2280 4244 2242 4245 2280 4245 2243 4245 2243 4246 2280 4246 2281 4246 2243 4247 2281 4247 2244 4247 2244 4248 2281 4248 2282 4248 2244 4249 2282 4249 2245 4249 2245 4250 2282 4250 2283 4250 2245 4251 2283 4251 2246 4251 2246 4252 2283 4252 2284 4252 2246 4253 2284 4253 2247 4253 2247 4254 2284 4254 2285 4254 2247 4255 2285 4255 2248 4255 2248 4256 2285 4256 2286 4256 2248 4257 2286 4257 2249 4257 2249 4258 2286 4258 2287 4258 2249 4259 2287 4259 2250 4259 2250 4260 2287 4260 2288 4260 2250 4261 2288 4261 2251 4261 2251 4262 2288 4262 2289 4262 2251 4263 2289 4263 2252 4263 2252 4264 2289 4264 2290 4264 2252 4265 2290 4265 2253 4265 2253 4266 2290 4266 2291 4266 2253 4267 2291 4267 2254 4267 2254 4268 2291 4268 2292 4268 2254 4269 2292 4269 2255 4269 2255 4270 2292 4270 2293 4270 2255 4271 2293 4271 2256 4271 2256 4272 2293 4272 2294 4272 2256 4273 2294 4273 2257 4273 2257 4274 2294 4274 2295 4274 2257 4275 2295 4275 2258 4275 2258 4276 2295 4276 2296 4276 2258 4277 2296 4277 2259 4277 2259 4278 2296 4278 2297 4278 2259 4279 2297 4279 2260 4279 2260 4280 2297 4280 2298 4280 2260 4281 2298 4281 2261 4281 2261 4282 2298 4282 2299 4282 2261 4283 2299 4283 2262 4283 2262 4284 2299 4284 2300 4284 2262 4285 2300 4285 2263 4285 2263 4286 2300 4286 2301 4286 2263 4287 2301 4287 2264 4287 2264 4288 2301 4288 2302 4288 2264 4289 2302 4289 2265 4289 2265 4290 2302 4290 2303 4290 2265 4291 2303 4291 2266 4291 2266 4292 2303 4292 2304 4292 2266 4293 2304 4293 2267 4293 2267 4294 2304 4294 2305 4294 2267 4295 2305 4295 2268 4295 2268 4296 2305 4296 2306 4296 2268 4297 2306 4297 2269 4297 2269 4298 2306 4298 2307 4298 2269 4299 2307 4299 2270 4299 2270 4300 2307 4300 2308 4300 2270 4301 2308 4301 2271 4301 2271 4302 2308 4302 2309 4302 2271 4303 2309 4303 2272 4303 2272 4304 2309 4304 2273 4304 2309 4305 2310 4305 2273 4305 2273 4306 2310 4306 2311 4306 2273 4307 2311 4307 2274 4307 2274 4308 2311 4308 2312 4308 2274 4309 2312 4309 2275 4309 2275 4310 2312 4310 2313 4310 2275 4311 2313 4311 2276 4311 2276 4312 2313 4312 2314 4312 2276 4313 2314 4313 2277 4313 2277 4314 2314 4314 2315 4314 2277 4315 2315 4315 2278 4315 2278 4316 2315 4316 2316 4316 2278 4317 2316 4317 2279 4317 2279 4318 2316 4318 2317 4318 2279 4319 2317 4319 2280 4319 2280 4320 2317 4320 2318 4320 2280 4321 2318 4321 2281 4321 2281 4322 2318 4322 2319 4322 2281 4323 2319 4323 2282 4323 2282 4324 2319 4324 2320 4324 2282 4325 2320 4325 2283 4325 2283 4326 2320 4326 2321 4326 2283 4327 2321 4327 2284 4327 2284 4328 2321 4328 2322 4328 2284 4329 2322 4329 2285 4329 2285 4330 2322 4330 2323 4330 2285 4331 2323 4331 2286 4331 2286 4332 2323 4332 2324 4332 2286 4333 2324 4333 2287 4333 2287 4334 2324 4334 2325 4334 2287 4335 2325 4335 2288 4335 2288 4336 2325 4336 2326 4336 2288 4337 2326 4337 2289 4337 2289 4338 2326 4338 2327 4338 2289 4339 2327 4339 2290 4339 2290 4340 2327 4340 2328 4340 2290 4341 2328 4341 2291 4341 2291 4342 2328 4342 2329 4342 2291 4343 2329 4343 2292 4343 2292 4344 2329 4344 2330 4344 2292 4345 2330 4345 2293 4345 2293 4346 2330 4346 2331 4346 2293 4347 2331 4347 2294 4347 2294 4348 2331 4348 2332 4348 2294 4349 2332 4349 2295 4349 2295 4350 2332 4350 2333 4350 2295 4351 2333 4351 2296 4351 2296 4352 2333 4352 2334 4352 2296 4353 2334 4353 2297 4353 2297 4354 2334 4354 2335 4354 2297 4355 2335 4355 2298 4355 2298 4356 2335 4356 2336 4356 2298 4357 2336 4357 2299 4357 2299 4358 2336 4358 2337 4358 2299 4359 2337 4359 2300 4359 2300 4360 2337 4360 2338 4360 2300 4361 2338 4361 2301 4361 2301 4362 2338 4362 2339 4362 2301 4363 2339 4363 2302 4363 2302 4364 2339 4364 2340 4364 2302 4365 2340 4365 2303 4365 2303 4366 2340 4366 2341 4366 2303 4367 2341 4367 2304 4367 2304 4368 2341 4368 2342 4368 2304 4369 2342 4369 2305 4369 2305 4370 2342 4370 2343 4370 2305 4371 2343 4371 2306 4371 2306 4372 2343 4372 2344 4372 2306 4373 2344 4373 2307 4373 2307 4374 2344 4374 2345 4374 2307 4375 2345 4375 2308 4375 2308 4376 2345 4376 2346 4376 2308 4377 2346 4377 2309 4377 2309 4378 2346 4378 2310 4378 1901 4379 1902 4379 2328 4379 2328 4380 1902 4380 1903 4380 2328 4381 1903 4381 2329 4381 2329 4382 1903 4382 1904 4382 2329 4383 1904 4383 2330 4383 2330 4384 1904 4384 1905 4384 2330 4385 1905 4385 2331 4385 2331 4386 1905 4386 1906 4386 2331 4387 1906 4387 2332 4387 2332 4388 1906 4388 1907 4388 2332 4389 1907 4389 2333 4389 2333 4390 1907 4390 1908 4390 2333 4391 1908 4391 2334 4391 2334 4392 1908 4392 1909 4392 2334 4393 1909 4393 2335 4393 2335 4394 1909 4394 1910 4394 2335 4395 1910 4395 2336 4395 2336 4396 1910 4396 1911 4396 2336 4397 1911 4397 2337 4397 2337 4398 1911 4398 1912 4398 2337 4399 1912 4399 2338 4399 2338 4400 1912 4400 1913 4400 2338 4401 1913 4401 2339 4401 2339 4402 1913 4402 1914 4402 2339 4403 1914 4403 2340 4403 2340 4404 1914 4404 1915 4404 2340 4405 1915 4405 2341 4405 2341 4406 1915 4406 1916 4406 2341 4407 1916 4407 2342 4407 2342 4408 1916 4408 1917 4408 2342 4409 1917 4409 2343 4409 2343 4410 1917 4410 1918 4410 2343 4411 1918 4411 2344 4411 2344 4412 1918 4412 1919 4412 2344 4413 1919 4413 2345 4413 2345 4414 1919 4414 1920 4414 2345 4415 1920 4415 2346 4415 2346 4416 1920 4416 1921 4416 2346 4417 1921 4417 2310 4417 2310 4418 1921 4418 1922 4418 2310 4419 1922 4419 2311 4419 2311 4420 1922 4420 1923 4420 2311 4421 1923 4421 2312 4421 2312 4422 1923 4422 1924 4422 2312 4423 1924 4423 2313 4423 2313 4424 1924 4424 1925 4424 2313 4425 1925 4425 2314 4425 2314 4426 1925 4426 1926 4426 2314 4427 1926 4427 2315 4427 2315 4428 1926 4428 1927 4428 2315 4429 1927 4429 2316 4429 2316 4430 1927 4430 1928 4430 2316 4431 1928 4431 2317 4431 2317 4432 1928 4432 1929 4432 2317 4433 1929 4433 2318 4433 2318 4434 1929 4434 1930 4434 2318 4435 1930 4435 2319 4435 2319 4436 1930 4436 1931 4436 2319 4437 1931 4437 2320 4437 2320 4438 1931 4438 1932 4438 2320 4439 1932 4439 2321 4439 2321 4440 1932 4440 1933 4440 2321 4441 1933 4441 2322 4441 2322 4442 1933 4442 1934 4442 2322 4443 1934 4443 2323 4443 2323 4444 1934 4444 1935 4444 2323 4445 1935 4445 2324 4445 2324 4446 1935 4446 1936 4446 2324 4447 1936 4447 2325 4447 2325 4448 1936 4448 1937 4448 2325 4449 1937 4449 2326 4449 2326 4450 1937 4450 1938 4450 2326 4451 1938 4451 2327 4451 2327 4452 1938 4452 1901 4452 2327 4453 1901 4453 2328 4453 2347 4454 1682 4454 2348 4454 2348 4455 1682 4455 1680 4455 2348 4456 1680 4456 2349 4456 2349 4457 1680 4457 1678 4457 2349 4458 1678 4458 2350 4458 2350 4459 1678 4459 1676 4459 2350 4460 1676 4460 2351 4460 2351 4461 1676 4461 1674 4461 2351 4462 1674 4462 2352 4462 2352 4463 1674 4463 1672 4463 2352 4464 1672 4464 2353 4464 2353 4465 1672 4465 1670 4465 2353 4466 1670 4466 2354 4466 2354 4467 1670 4467 1669 4467 2354 4468 1669 4468 2355 4468 2355 4469 1669 4469 1742 4469 2355 4470 1742 4470 2356 4470 2356 4471 1742 4471 1740 4471 2356 4472 1740 4472 2357 4472 2357 4473 1740 4473 1738 4473 2357 4474 1738 4474 2358 4474 2358 4475 1738 4475 1736 4475 2358 4476 1736 4476 2359 4476 2359 4477 1736 4477 1734 4477 2359 4478 1734 4478 2360 4478 2360 4479 1734 4479 1732 4479 2360 4480 1732 4480 2361 4480 2361 4481 1732 4481 1730 4481 2361 4482 1730 4482 2362 4482 2362 4483 1730 4483 1728 4483 2362 4484 1728 4484 2363 4484 2363 4485 1728 4485 1726 4485 2363 4486 1726 4486 2364 4486 2364 4487 1726 4487 1724 4487 2364 4488 1724 4488 2365 4488 2365 4489 1724 4489 1722 4489 2365 4490 1722 4490 2366 4490 2366 4491 1722 4491 1720 4491 2366 4492 1720 4492 2367 4492 2367 4493 1720 4493 1718 4493 2367 4494 1718 4494 2368 4494 2368 4495 1718 4495 1716 4495 2368 4496 1716 4496 2369 4496 2369 4497 1716 4497 1714 4497 2369 4498 1714 4498 2370 4498 2370 4499 1714 4499 1712 4499 2370 4500 1712 4500 2371 4500 2371 4501 1712 4501 1710 4501 2371 4502 1710 4502 2372 4502 2372 4503 1710 4503 1708 4503 2372 4504 1708 4504 2373 4504 2373 4505 1708 4505 1706 4505 2373 4506 1706 4506 2374 4506 2374 4507 1706 4507 1704 4507 2374 4508 1704 4508 2375 4508 2375 4509 1704 4509 1702 4509 2375 4510 1702 4510 2376 4510 2376 4511 1702 4511 1700 4511 2376 4512 1700 4512 2377 4512 2377 4513 1700 4513 1698 4513 2377 4514 1698 4514 2378 4514 2378 4515 1698 4515 1696 4515 2378 4516 1696 4516 2379 4516 2379 4517 1696 4517 1694 4517 2379 4518 1694 4518 2380 4518 2380 4519 1694 4519 1692 4519 2380 4520 1692 4520 2381 4520 2381 4521 1692 4521 1690 4521 2381 4522 1690 4522 2382 4522 2382 4523 1690 4523 1688 4523 2382 4524 1688 4524 2383 4524 2383 4525 1688 4525 1686 4525 2383 4526 1686 4526 2384 4526 2384 4527 1686 4527 1684 4527 2384 4528 1684 4528 2347 4528 2347 4529 1684 4529 1682 4529 2385 4530 2386 4530 2387 4530 2388 4531 2389 4531 2387 4531 2387 4532 2389 4532 2390 4532 2387 4533 2390 4533 2385 4533 2391 4534 2392 4534 2387 4534 2387 4535 2392 4535 2393 4535 2387 4536 2393 4536 2388 4536 2394 4537 2395 4537 2387 4537 2387 4538 2395 4538 2396 4538 2387 4539 2396 4539 2391 4539 2397 4540 2398 4540 2387 4540 2387 4541 2398 4541 2399 4541 2387 4542 2399 4542 2394 4542 2400 4543 2401 4543 2387 4543 2387 4544 2401 4544 2402 4544 2387 4545 2402 4545 2397 4545 2403 4546 2404 4546 2387 4546 2387 4547 2404 4547 2405 4547 2387 4548 2405 4548 2400 4548 2406 4549 2407 4549 2387 4549 2387 4550 2407 4550 2408 4550 2387 4551 2408 4551 2403 4551 2409 4552 2410 4552 2387 4552 2387 4553 2410 4553 2411 4553 2387 4554 2411 4554 2406 4554 2412 4555 2413 4555 2387 4555 2387 4556 2413 4556 2414 4556 2387 4557 2414 4557 2409 4557 2415 4558 2416 4558 2387 4558 2387 4559 2416 4559 2417 4559 2387 4560 2417 4560 2412 4560 2418 4561 2419 4561 2387 4561 2387 4562 2419 4562 2420 4562 2387 4563 2420 4563 2415 4563 2386 4564 2421 4564 2387 4564 2387 4565 2421 4565 2422 4565 2387 4566 2422 4566 2418 4566 2385 4567 2423 4567 2386 4567 2386 4568 2423 4568 2424 4568 2386 4569 2424 4569 2421 4569 2421 4570 2424 4570 2425 4570 2421 4571 2425 4571 2422 4571 2422 4572 2425 4572 2426 4572 2422 4573 2426 4573 2418 4573 2418 4574 2426 4574 2427 4574 2418 4575 2427 4575 2419 4575 2419 4576 2427 4576 2428 4576 2419 4577 2428 4577 2420 4577 2420 4578 2428 4578 2429 4578 2420 4579 2429 4579 2415 4579 2415 4580 2429 4580 2430 4580 2415 4581 2430 4581 2416 4581 2416 4582 2430 4582 2431 4582 2416 4583 2431 4583 2417 4583 2417 4584 2431 4584 2432 4584 2417 4585 2432 4585 2412 4585 2412 4586 2432 4586 2433 4586 2412 4587 2433 4587 2413 4587 2413 4588 2433 4588 2434 4588 2413 4589 2434 4589 2414 4589 2414 4590 2434 4590 2435 4590 2414 4591 2435 4591 2409 4591 2409 4592 2435 4592 2436 4592 2409 4593 2436 4593 2410 4593 2410 4594 2436 4594 2437 4594 2410 4595 2437 4595 2411 4595 2411 4596 2437 4596 2438 4596 2411 4597 2438 4597 2406 4597 2406 4598 2438 4598 2439 4598 2406 4599 2439 4599 2407 4599 2407 4600 2439 4600 2440 4600 2407 4601 2440 4601 2408 4601 2408 4602 2440 4602 2441 4602 2408 4603 2441 4603 2403 4603 2403 4604 2441 4604 2442 4604 2403 4605 2442 4605 2404 4605 2404 4606 2442 4606 2443 4606 2404 4607 2443 4607 2405 4607 2405 4608 2443 4608 2444 4608 2405 4609 2444 4609 2400 4609 2400 4610 2444 4610 2445 4610 2400 4611 2445 4611 2401 4611 2401 4612 2445 4612 2446 4612 2401 4613 2446 4613 2402 4613 2402 4614 2446 4614 2447 4614 2402 4615 2447 4615 2397 4615 2397 4616 2447 4616 2448 4616 2397 4617 2448 4617 2398 4617 2398 4618 2448 4618 2449 4618 2398 4619 2449 4619 2399 4619 2399 4620 2449 4620 2450 4620 2399 4621 2450 4621 2394 4621 2394 4622 2450 4622 2451 4622 2394 4623 2451 4623 2395 4623 2395 4624 2451 4624 2452 4624 2395 4625 2452 4625 2396 4625 2396 4626 2452 4626 2453 4626 2396 4627 2453 4627 2391 4627 2391 4628 2453 4628 2454 4628 2391 4629 2454 4629 2392 4629 2392 4630 2454 4630 2455 4630 2392 4631 2455 4631 2393 4631 2393 4632 2455 4632 2456 4632 2393 4633 2456 4633 2388 4633 2388 4634 2456 4634 2457 4634 2388 4635 2457 4635 2389 4635 2389 4636 2457 4636 2458 4636 2389 4637 2458 4637 2390 4637 2390 4638 2458 4638 2459 4638 2390 4639 2459 4639 2385 4639 2385 4640 2459 4640 2423 4640 2459 4641 2460 4641 2423 4641 2423 4642 2460 4642 2461 4642 2423 4643 2461 4643 2424 4643 2424 4644 2461 4644 2462 4644 2424 4645 2462 4645 2425 4645 2425 4646 2462 4646 2463 4646 2425 4647 2463 4647 2426 4647 2426 4648 2463 4648 2464 4648 2426 4649 2464 4649 2427 4649 2427 4650 2464 4650 2465 4650 2427 4651 2465 4651 2428 4651 2428 4652 2465 4652 2466 4652 2428 4653 2466 4653 2429 4653 2429 4654 2466 4654 2467 4654 2429 4655 2467 4655 2430 4655 2430 4656 2467 4656 2468 4656 2430 4657 2468 4657 2431 4657 2431 4658 2468 4658 2469 4658 2431 4659 2469 4659 2432 4659 2432 4660 2469 4660 2470 4660 2432 4661 2470 4661 2433 4661 2433 4662 2470 4662 2471 4662 2433 4663 2471 4663 2434 4663 2434 4664 2471 4664 2472 4664 2434 4665 2472 4665 2435 4665 2435 4666 2472 4666 2473 4666 2435 4667 2473 4667 2436 4667 2436 4668 2473 4668 2474 4668 2436 4669 2474 4669 2437 4669 2437 4670 2474 4670 2475 4670 2437 4671 2475 4671 2438 4671 2438 4672 2475 4672 2476 4672 2438 4673 2476 4673 2439 4673 2439 4674 2476 4674 2477 4674 2439 4675 2477 4675 2440 4675 2440 4676 2477 4676 2478 4676 2440 4677 2478 4677 2441 4677 2441 4678 2478 4678 2479 4678 2441 4679 2479 4679 2442 4679 2442 4680 2479 4680 2480 4680 2442 4681 2480 4681 2443 4681 2443 4682 2480 4682 2481 4682 2443 4683 2481 4683 2444 4683 2444 4684 2481 4684 2482 4684 2444 4685 2482 4685 2445 4685 2445 4686 2482 4686 2483 4686 2445 4687 2483 4687 2446 4687 2446 4688 2483 4688 2484 4688 2446 4689 2484 4689 2447 4689 2447 4690 2484 4690 2485 4690 2447 4691 2485 4691 2448 4691 2448 4692 2485 4692 2486 4692 2448 4693 2486 4693 2449 4693 2449 4694 2486 4694 2487 4694 2449 4695 2487 4695 2450 4695 2450 4696 2487 4696 2488 4696 2450 4697 2488 4697 2451 4697 2451 4698 2488 4698 2489 4698 2451 4699 2489 4699 2452 4699 2452 4700 2489 4700 2490 4700 2452 4701 2490 4701 2453 4701 2453 4702 2490 4702 2491 4702 2453 4703 2491 4703 2454 4703 2454 4704 2491 4704 2492 4704 2454 4705 2492 4705 2455 4705 2455 4706 2492 4706 2493 4706 2455 4707 2493 4707 2456 4707 2456 4708 2493 4708 2494 4708 2456 4709 2494 4709 2457 4709 2457 4710 2494 4710 2495 4710 2457 4711 2495 4711 2458 4711 2458 4712 2495 4712 2496 4712 2458 4713 2496 4713 2459 4713 2459 4714 2496 4714 2460 4714 2496 4715 2497 4715 2460 4715 2460 4716 2497 4716 2498 4716 2460 4717 2498 4717 2461 4717 2461 4718 2498 4718 2499 4718 2461 4719 2499 4719 2462 4719 2462 4720 2499 4720 2500 4720 2462 4721 2500 4721 2463 4721 2463 4722 2500 4722 2501 4722 2463 4723 2501 4723 2464 4723 2464 4724 2501 4724 2502 4724 2464 4725 2502 4725 2465 4725 2465 4726 2502 4726 2503 4726 2465 4727 2503 4727 2466 4727 2466 4728 2503 4728 2504 4728 2466 4729 2504 4729 2467 4729 2467 4730 2504 4730 2505 4730 2467 4731 2505 4731 2468 4731 2468 4732 2505 4732 2506 4732 2468 4733 2506 4733 2469 4733 2469 4734 2506 4734 2507 4734 2469 4735 2507 4735 2470 4735 2470 4736 2507 4736 2508 4736 2470 4737 2508 4737 2471 4737 2471 4738 2508 4738 2509 4738 2471 4739 2509 4739 2472 4739 2472 4740 2509 4740 2510 4740 2472 4741 2510 4741 2473 4741 2473 4742 2510 4742 2511 4742 2473 4743 2511 4743 2474 4743 2474 4744 2511 4744 2512 4744 2474 4745 2512 4745 2475 4745 2475 4746 2512 4746 2513 4746 2475 4747 2513 4747 2476 4747 2476 4748 2513 4748 2514 4748 2476 4749 2514 4749 2477 4749 2477 4750 2514 4750 2515 4750 2477 4751 2515 4751 2478 4751 2478 4752 2515 4752 2516 4752 2478 4753 2516 4753 2479 4753 2479 4754 2516 4754 2517 4754 2479 4755 2517 4755 2480 4755 2480 4756 2517 4756 2518 4756 2480 4757 2518 4757 2481 4757 2481 4758 2518 4758 2519 4758 2481 4759 2519 4759 2482 4759 2482 4760 2519 4760 2520 4760 2482 4761 2520 4761 2483 4761 2483 4762 2520 4762 2521 4762 2483 4763 2521 4763 2484 4763 2484 4764 2521 4764 2522 4764 2484 4765 2522 4765 2485 4765 2485 4766 2522 4766 2523 4766 2485 4767 2523 4767 2486 4767 2486 4768 2523 4768 2524 4768 2486 4769 2524 4769 2487 4769 2487 4770 2524 4770 2525 4770 2487 4771 2525 4771 2488 4771 2488 4772 2525 4772 2526 4772 2488 4773 2526 4773 2489 4773 2489 4774 2526 4774 2527 4774 2489 4775 2527 4775 2490 4775 2490 4776 2527 4776 2528 4776 2490 4777 2528 4777 2491 4777 2491 4778 2528 4778 2529 4778 2491 4779 2529 4779 2492 4779 2492 4780 2529 4780 2530 4780 2492 4781 2530 4781 2493 4781 2493 4782 2530 4782 2531 4782 2493 4783 2531 4783 2494 4783 2494 4784 2531 4784 2532 4784 2494 4785 2532 4785 2495 4785 2495 4786 2532 4786 2533 4786 2495 4787 2533 4787 2496 4787 2496 4788 2533 4788 2497 4788 2533 4789 2534 4789 2497 4789 2497 4790 2534 4790 2535 4790 2497 4791 2535 4791 2498 4791 2498 4792 2535 4792 2536 4792 2498 4793 2536 4793 2499 4793 2499 4794 2536 4794 2537 4794 2499 4795 2537 4795 2500 4795 2500 4796 2537 4796 2538 4796 2500 4797 2538 4797 2501 4797 2501 4798 2538 4798 2539 4798 2501 4799 2539 4799 2502 4799 2502 4800 2539 4800 2540 4800 2502 4801 2540 4801 2503 4801 2503 4802 2540 4802 2541 4802 2503 4803 2541 4803 2504 4803 2504 4804 2541 4804 2542 4804 2504 4805 2542 4805 2505 4805 2505 4806 2542 4806 2543 4806 2505 4807 2543 4807 2506 4807 2506 4808 2543 4808 2544 4808 2506 4809 2544 4809 2507 4809 2507 4810 2544 4810 2545 4810 2507 4811 2545 4811 2508 4811 2508 4812 2545 4812 2546 4812 2508 4813 2546 4813 2509 4813 2509 4814 2546 4814 2547 4814 2509 4815 2547 4815 2510 4815 2510 4816 2547 4816 2548 4816 2510 4817 2548 4817 2511 4817 2511 4818 2548 4818 2549 4818 2511 4819 2549 4819 2512 4819 2512 4820 2549 4820 2550 4820 2512 4821 2550 4821 2513 4821 2513 4822 2550 4822 2551 4822 2513 4823 2551 4823 2514 4823 2514 4824 2551 4824 2552 4824 2514 4825 2552 4825 2515 4825 2515 4826 2552 4826 2553 4826 2515 4827 2553 4827 2516 4827 2516 4828 2553 4828 2554 4828 2516 4829 2554 4829 2517 4829 2517 4830 2554 4830 2555 4830 2517 4831 2555 4831 2518 4831 2518 4832 2555 4832 2556 4832 2518 4833 2556 4833 2519 4833 2519 4834 2556 4834 2557 4834 2519 4835 2557 4835 2520 4835 2520 4836 2557 4836 2558 4836 2520 4837 2558 4837 2521 4837 2521 4838 2558 4838 2559 4838 2521 4839 2559 4839 2522 4839 2522 4840 2559 4840 2560 4840 2522 4841 2560 4841 2523 4841 2523 4842 2560 4842 2561 4842 2523 4843 2561 4843 2524 4843 2524 4844 2561 4844 2562 4844 2524 4845 2562 4845 2525 4845 2525 4846 2562 4846 2563 4846 2525 4847 2563 4847 2526 4847 2526 4848 2563 4848 2564 4848 2526 4849 2564 4849 2527 4849 2527 4850 2564 4850 2565 4850 2527 4851 2565 4851 2528 4851 2528 4852 2565 4852 2566 4852 2528 4853 2566 4853 2529 4853 2529 4854 2566 4854 2567 4854 2529 4855 2567 4855 2530 4855 2530 4856 2567 4856 2568 4856 2530 4857 2568 4857 2531 4857 2531 4858 2568 4858 2569 4858 2531 4859 2569 4859 2532 4859 2532 4860 2569 4860 2570 4860 2532 4861 2570 4861 2533 4861 2533 4862 2570 4862 2534 4862 2570 4863 2571 4863 2534 4863 2534 4864 2571 4864 2572 4864 2534 4865 2572 4865 2535 4865 2535 4866 2572 4866 2573 4866 2535 4867 2573 4867 2536 4867 2536 4868 2573 4868 2574 4868 2536 4869 2574 4869 2537 4869 2537 4870 2574 4870 2575 4870 2537 4871 2575 4871 2538 4871 2538 4872 2575 4872 2576 4872 2538 4873 2576 4873 2539 4873 2539 4874 2576 4874 2577 4874 2539 4875 2577 4875 2540 4875 2540 4876 2577 4876 2578 4876 2540 4877 2578 4877 2541 4877 2541 4878 2578 4878 2579 4878 2541 4879 2579 4879 2542 4879 2542 4880 2579 4880 2580 4880 2542 4881 2580 4881 2543 4881 2543 4882 2580 4882 2581 4882 2543 4883 2581 4883 2544 4883 2544 4884 2581 4884 2582 4884 2544 4885 2582 4885 2545 4885 2545 4886 2582 4886 2583 4886 2545 4887 2583 4887 2546 4887 2546 4888 2583 4888 2584 4888 2546 4889 2584 4889 2547 4889 2547 4890 2584 4890 2585 4890 2547 4891 2585 4891 2548 4891 2548 4892 2585 4892 2586 4892 2548 4893 2586 4893 2549 4893 2549 4894 2586 4894 2587 4894 2549 4895 2587 4895 2550 4895 2550 4896 2587 4896 2588 4896 2550 4897 2588 4897 2551 4897 2551 4898 2588 4898 2589 4898 2551 4899 2589 4899 2552 4899 2552 4900 2589 4900 2590 4900 2552 4901 2590 4901 2553 4901 2553 4902 2590 4902 2591 4902 2553 4903 2591 4903 2554 4903 2554 4904 2591 4904 2592 4904 2554 4905 2592 4905 2555 4905 2555 4906 2592 4906 2593 4906 2555 4907 2593 4907 2556 4907 2556 4908 2593 4908 2594 4908 2556 4909 2594 4909 2557 4909 2557 4910 2594 4910 2595 4910 2557 4911 2595 4911 2558 4911 2558 4912 2595 4912 2596 4912 2558 4913 2596 4913 2559 4913 2559 4914 2596 4914 2597 4914 2559 4915 2597 4915 2560 4915 2560 4916 2597 4916 2598 4916 2560 4917 2598 4917 2561 4917 2561 4918 2598 4918 2599 4918 2561 4919 2599 4919 2562 4919 2562 4920 2599 4920 2600 4920 2562 4921 2600 4921 2563 4921 2563 4922 2600 4922 2601 4922 2563 4923 2601 4923 2564 4923 2564 4924 2601 4924 2602 4924 2564 4925 2602 4925 2565 4925 2565 4926 2602 4926 2603 4926 2565 4927 2603 4927 2566 4927 2566 4928 2603 4928 2604 4928 2566 4929 2604 4929 2567 4929 2567 4930 2604 4930 2605 4930 2567 4931 2605 4931 2568 4931 2568 4932 2605 4932 2606 4932 2568 4933 2606 4933 2569 4933 2569 4934 2606 4934 2607 4934 2569 4935 2607 4935 2570 4935 2570 4936 2607 4936 2571 4936 2607 4937 2608 4937 2571 4937 2571 4938 2608 4938 2609 4938 2571 4939 2609 4939 2572 4939 2572 4940 2609 4940 2610 4940 2572 4941 2610 4941 2573 4941 2573 4942 2610 4942 2611 4942 2573 4943 2611 4943 2574 4943 2574 4944 2611 4944 2612 4944 2574 4945 2612 4945 2575 4945 2575 4946 2612 4946 2613 4946 2575 4947 2613 4947 2576 4947 2576 4948 2613 4948 2614 4948 2576 4949 2614 4949 2577 4949 2577 4950 2614 4950 2615 4950 2577 4951 2615 4951 2578 4951 2578 4952 2615 4952 2616 4952 2578 4953 2616 4953 2579 4953 2579 4954 2616 4954 2617 4954 2579 4955 2617 4955 2580 4955 2580 4956 2617 4956 2618 4956 2580 4957 2618 4957 2581 4957 2581 4958 2618 4958 2619 4958 2581 4959 2619 4959 2582 4959 2582 4960 2619 4960 2620 4960 2582 4961 2620 4961 2583 4961 2583 4962 2620 4962 2621 4962 2583 4963 2621 4963 2584 4963 2584 4964 2621 4964 2622 4964 2584 4965 2622 4965 2585 4965 2585 4966 2622 4966 2623 4966 2585 4967 2623 4967 2586 4967 2586 4968 2623 4968 2624 4968 2586 4969 2624 4969 2587 4969 2587 4970 2624 4970 2625 4970 2587 4971 2625 4971 2588 4971 2588 4972 2625 4972 2626 4972 2588 4973 2626 4973 2589 4973 2589 4974 2626 4974 2627 4974 2589 4975 2627 4975 2590 4975 2590 4976 2627 4976 2628 4976 2590 4977 2628 4977 2591 4977 2591 4978 2628 4978 2629 4978 2591 4979 2629 4979 2592 4979 2592 4980 2629 4980 2630 4980 2592 4981 2630 4981 2593 4981 2593 4982 2630 4982 2631 4982 2593 4983 2631 4983 2594 4983 2594 4984 2631 4984 2632 4984 2594 4985 2632 4985 2595 4985 2595 4986 2632 4986 2633 4986 2595 4987 2633 4987 2596 4987 2596 4988 2633 4988 2634 4988 2596 4989 2634 4989 2597 4989 2597 4990 2634 4990 2635 4990 2597 4991 2635 4991 2598 4991 2598 4992 2635 4992 2636 4992 2598 4993 2636 4993 2599 4993 2599 4994 2636 4994 2637 4994 2599 4995 2637 4995 2600 4995 2600 4996 2637 4996 2638 4996 2600 4997 2638 4997 2601 4997 2601 4998 2638 4998 2639 4998 2601 4999 2639 4999 2602 4999 2602 5000 2639 5000 2640 5000 2602 5001 2640 5001 2603 5001 2603 5002 2640 5002 2641 5002 2603 5003 2641 5003 2604 5003 2604 5004 2641 5004 2642 5004 2604 5005 2642 5005 2605 5005 2605 5006 2642 5006 2643 5006 2605 5007 2643 5007 2606 5007 2606 5008 2643 5008 2644 5008 2606 5009 2644 5009 2607 5009 2607 5010 2644 5010 2608 5010 2644 5011 2645 5011 2608 5011 2608 5012 2645 5012 2646 5012 2608 5013 2646 5013 2609 5013 2609 5014 2646 5014 2647 5014 2609 5015 2647 5015 2610 5015 2610 5016 2647 5016 2648 5016 2610 5017 2648 5017 2611 5017 2611 5018 2648 5018 2649 5018 2611 5019 2649 5019 2612 5019 2612 5020 2649 5020 2650 5020 2612 5021 2650 5021 2613 5021 2613 5022 2650 5022 2651 5022 2613 5023 2651 5023 2614 5023 2614 5024 2651 5024 2652 5024 2614 5025 2652 5025 2615 5025 2615 5026 2652 5026 2653 5026 2615 5027 2653 5027 2616 5027 2616 5028 2653 5028 2654 5028 2616 5029 2654 5029 2617 5029 2617 5030 2654 5030 2655 5030 2617 5031 2655 5031 2618 5031 2618 5032 2655 5032 2656 5032 2618 5033 2656 5033 2619 5033 2619 5034 2656 5034 2657 5034 2619 5035 2657 5035 2620 5035 2620 5036 2657 5036 2658 5036 2620 5037 2658 5037 2621 5037 2621 5038 2658 5038 2659 5038 2621 5039 2659 5039 2622 5039 2622 5040 2659 5040 2660 5040 2622 5041 2660 5041 2623 5041 2623 5042 2660 5042 2661 5042 2623 5043 2661 5043 2624 5043 2624 5044 2661 5044 2662 5044 2624 5045 2662 5045 2625 5045 2625 5046 2662 5046 2663 5046 2625 5047 2663 5047 2626 5047 2626 5048 2663 5048 2664 5048 2626 5049 2664 5049 2627 5049 2627 5050 2664 5050 2665 5050 2627 5051 2665 5051 2628 5051 2628 5052 2665 5052 2666 5052 2628 5053 2666 5053 2629 5053 2629 5054 2666 5054 2667 5054 2629 5055 2667 5055 2630 5055 2630 5056 2667 5056 2668 5056 2630 5057 2668 5057 2631 5057 2631 5058 2668 5058 2669 5058 2631 5059 2669 5059 2632 5059 2632 5060 2669 5060 2670 5060 2632 5061 2670 5061 2633 5061 2633 5062 2670 5062 2671 5062 2633 5063 2671 5063 2634 5063 2634 5064 2671 5064 2672 5064 2634 5065 2672 5065 2635 5065 2635 5066 2672 5066 2673 5066 2635 5067 2673 5067 2636 5067 2636 5068 2673 5068 2674 5068 2636 5069 2674 5069 2637 5069 2637 5070 2674 5070 2675 5070 2637 5071 2675 5071 2638 5071 2638 5072 2675 5072 2676 5072 2638 5073 2676 5073 2639 5073 2639 5074 2676 5074 2677 5074 2639 5075 2677 5075 2640 5075 2640 5076 2677 5076 2678 5076 2640 5077 2678 5077 2641 5077 2641 5078 2678 5078 2679 5078 2641 5079 2679 5079 2642 5079 2642 5080 2679 5080 2680 5080 2642 5081 2680 5081 2643 5081 2643 5082 2680 5082 2681 5082 2643 5083 2681 5083 2644 5083 2644 5084 2681 5084 2645 5084 2681 5085 2682 5085 2645 5085 2645 5086 2682 5086 2683 5086 2645 5087 2683 5087 2646 5087 2646 5088 2683 5088 2684 5088 2646 5089 2684 5089 2647 5089 2647 5090 2684 5090 2685 5090 2647 5091 2685 5091 2648 5091 2648 5092 2685 5092 2686 5092 2648 5093 2686 5093 2649 5093 2649 5094 2686 5094 2687 5094 2649 5095 2687 5095 2650 5095 2650 5096 2687 5096 2688 5096 2650 5097 2688 5097 2651 5097 2651 5098 2688 5098 2689 5098 2651 5099 2689 5099 2652 5099 2652 5100 2689 5100 2690 5100 2652 5101 2690 5101 2653 5101 2653 5102 2690 5102 2691 5102 2653 5103 2691 5103 2654 5103 2654 5104 2691 5104 2692 5104 2654 5105 2692 5105 2655 5105 2655 5106 2692 5106 2693 5106 2655 5107 2693 5107 2656 5107 2656 5108 2693 5108 2694 5108 2656 5109 2694 5109 2657 5109 2657 5110 2694 5110 2695 5110 2657 5111 2695 5111 2658 5111 2658 5112 2695 5112 2696 5112 2658 5113 2696 5113 2659 5113 2659 5114 2696 5114 2697 5114 2659 5115 2697 5115 2660 5115 2660 5116 2697 5116 2698 5116 2660 5117 2698 5117 2661 5117 2661 5118 2698 5118 2699 5118 2661 5119 2699 5119 2662 5119 2662 5120 2699 5120 2700 5120 2662 5121 2700 5121 2663 5121 2663 5122 2700 5122 2701 5122 2663 5123 2701 5123 2664 5123 2664 5124 2701 5124 2702 5124 2664 5125 2702 5125 2665 5125 2665 5126 2702 5126 2703 5126 2665 5127 2703 5127 2666 5127 2666 5128 2703 5128 2704 5128 2666 5129 2704 5129 2667 5129 2667 5130 2704 5130 2705 5130 2667 5131 2705 5131 2668 5131 2668 5132 2705 5132 2706 5132 2668 5133 2706 5133 2669 5133 2669 5134 2706 5134 2707 5134 2669 5135 2707 5135 2670 5135 2670 5136 2707 5136 2708 5136 2670 5137 2708 5137 2671 5137 2671 5138 2708 5138 2709 5138 2671 5139 2709 5139 2672 5139 2672 5140 2709 5140 2710 5140 2672 5141 2710 5141 2673 5141 2673 5142 2710 5142 2711 5142 2673 5143 2711 5143 2674 5143 2674 5144 2711 5144 2712 5144 2674 5145 2712 5145 2675 5145 2675 5146 2712 5146 2713 5146 2675 5147 2713 5147 2676 5147 2676 5148 2713 5148 2714 5148 2676 5149 2714 5149 2677 5149 2677 5150 2714 5150 2715 5150 2677 5151 2715 5151 2678 5151 2678 5152 2715 5152 2716 5152 2678 5153 2716 5153 2679 5153 2679 5154 2716 5154 2717 5154 2679 5155 2717 5155 2680 5155 2680 5156 2717 5156 2718 5156 2680 5157 2718 5157 2681 5157 2681 5158 2718 5158 2682 5158 2718 5159 2719 5159 2682 5159 2682 5160 2719 5160 2720 5160 2682 5161 2720 5161 2683 5161 2683 5162 2720 5162 2721 5162 2683 5163 2721 5163 2684 5163 2684 5164 2721 5164 2722 5164 2684 5165 2722 5165 2685 5165 2685 5166 2722 5166 2723 5166 2685 5167 2723 5167 2686 5167 2686 5168 2723 5168 2724 5168 2686 5169 2724 5169 2687 5169 2687 5170 2724 5170 2725 5170 2687 5171 2725 5171 2688 5171 2688 5172 2725 5172 2726 5172 2688 5173 2726 5173 2689 5173 2689 5174 2726 5174 2727 5174 2689 5175 2727 5175 2690 5175 2690 5176 2727 5176 2728 5176 2690 5177 2728 5177 2691 5177 2691 5178 2728 5178 2729 5178 2691 5179 2729 5179 2692 5179 2692 5180 2729 5180 2730 5180 2692 5181 2730 5181 2693 5181 2693 5182 2730 5182 2731 5182 2693 5183 2731 5183 2694 5183 2694 5184 2731 5184 2732 5184 2694 5185 2732 5185 2695 5185 2695 5186 2732 5186 2733 5186 2695 5187 2733 5187 2696 5187 2696 5188 2733 5188 2734 5188 2696 5189 2734 5189 2697 5189 2697 5190 2734 5190 2735 5190 2697 5191 2735 5191 2698 5191 2698 5192 2735 5192 2736 5192 2698 5193 2736 5193 2699 5193 2699 5194 2736 5194 2737 5194 2699 5195 2737 5195 2700 5195 2700 5196 2737 5196 2738 5196 2700 5197 2738 5197 2701 5197 2701 5198 2738 5198 2739 5198 2701 5199 2739 5199 2702 5199 2702 5200 2739 5200 2740 5200 2702 5201 2740 5201 2703 5201 2703 5202 2740 5202 2741 5202 2703 5203 2741 5203 2704 5203 2704 5204 2741 5204 2742 5204 2704 5205 2742 5205 2705 5205 2705 5206 2742 5206 2743 5206 2705 5207 2743 5207 2706 5207 2706 5208 2743 5208 2744 5208 2706 5209 2744 5209 2707 5209 2707 5210 2744 5210 2745 5210 2707 5211 2745 5211 2708 5211 2708 5212 2745 5212 2746 5212 2708 5213 2746 5213 2709 5213 2709 5214 2746 5214 2747 5214 2709 5215 2747 5215 2710 5215 2710 5216 2747 5216 2748 5216 2710 5217 2748 5217 2711 5217 2711 5218 2748 5218 2749 5218 2711 5219 2749 5219 2712 5219 2712 5220 2749 5220 2750 5220 2712 5221 2750 5221 2713 5221 2713 5222 2750 5222 2751 5222 2713 5223 2751 5223 2714 5223 2714 5224 2751 5224 2752 5224 2714 5225 2752 5225 2715 5225 2715 5226 2752 5226 2753 5226 2715 5227 2753 5227 2716 5227 2716 5228 2753 5228 2754 5228 2716 5229 2754 5229 2717 5229 2717 5230 2754 5230 2755 5230 2717 5231 2755 5231 2718 5231 2718 5232 2755 5232 2719 5232 2755 5233 2756 5233 2719 5233 2719 5234 2756 5234 2757 5234 2719 5235 2757 5235 2720 5235 2720 5236 2757 5236 2758 5236 2720 5237 2758 5237 2721 5237 2721 5238 2758 5238 2759 5238 2721 5239 2759 5239 2722 5239 2722 5240 2759 5240 2760 5240 2722 5241 2760 5241 2723 5241 2723 5242 2760 5242 2761 5242 2723 5243 2761 5243 2724 5243 2724 5244 2761 5244 2762 5244 2724 5245 2762 5245 2725 5245 2725 5246 2762 5246 2763 5246 2725 5247 2763 5247 2726 5247 2726 5248 2763 5248 2764 5248 2726 5249 2764 5249 2727 5249 2727 5250 2764 5250 2765 5250 2727 5251 2765 5251 2728 5251 2728 5252 2765 5252 2766 5252 2728 5253 2766 5253 2729 5253 2729 5254 2766 5254 2767 5254 2729 5255 2767 5255 2730 5255 2730 5256 2767 5256 2768 5256 2730 5257 2768 5257 2731 5257 2731 5258 2768 5258 2769 5258 2731 5259 2769 5259 2732 5259 2732 5260 2769 5260 2770 5260 2732 5261 2770 5261 2733 5261 2733 5262 2770 5262 2771 5262 2733 5263 2771 5263 2734 5263 2734 5264 2771 5264 2772 5264 2734 5265 2772 5265 2735 5265 2735 5266 2772 5266 2773 5266 2735 5267 2773 5267 2736 5267 2736 5268 2773 5268 2774 5268 2736 5269 2774 5269 2737 5269 2737 5270 2774 5270 2775 5270 2737 5271 2775 5271 2738 5271 2738 5272 2775 5272 2776 5272 2738 5273 2776 5273 2739 5273 2739 5274 2776 5274 2777 5274 2739 5275 2777 5275 2740 5275 2740 5276 2777 5276 2778 5276 2740 5277 2778 5277 2741 5277 2741 5278 2778 5278 2779 5278 2741 5279 2779 5279 2742 5279 2742 5280 2779 5280 2780 5280 2742 5281 2780 5281 2743 5281 2743 5282 2780 5282 2781 5282 2743 5283 2781 5283 2744 5283 2744 5284 2781 5284 2782 5284 2744 5285 2782 5285 2745 5285 2745 5286 2782 5286 2783 5286 2745 5287 2783 5287 2746 5287 2746 5288 2783 5288 2784 5288 2746 5289 2784 5289 2747 5289 2747 5290 2784 5290 2785 5290 2747 5291 2785 5291 2748 5291 2748 5292 2785 5292 2786 5292 2748 5293 2786 5293 2749 5293 2749 5294 2786 5294 2787 5294 2749 5295 2787 5295 2750 5295 2750 5296 2787 5296 2788 5296 2750 5297 2788 5297 2751 5297 2751 5298 2788 5298 2789 5298 2751 5299 2789 5299 2752 5299 2752 5300 2789 5300 2790 5300 2752 5301 2790 5301 2753 5301 2753 5302 2790 5302 2791 5302 2753 5303 2791 5303 2754 5303 2754 5304 2791 5304 2792 5304 2754 5305 2792 5305 2755 5305 2755 5306 2792 5306 2756 5306 2352 5307 2353 5307 2774 5307 2774 5308 2353 5308 2354 5308 2774 5309 2354 5309 2775 5309 2775 5310 2354 5310 2355 5310 2775 5311 2355 5311 2776 5311 2776 5312 2355 5312 2356 5312 2776 5313 2356 5313 2777 5313 2777 5314 2356 5314 2357 5314 2777 5315 2357 5315 2778 5315 2778 5316 2357 5316 2358 5316 2778 5317 2358 5317 2779 5317 2779 5318 2358 5318 2359 5318 2779 5319 2359 5319 2780 5319 2780 5320 2359 5320 2360 5320 2780 5321 2360 5321 2781 5321 2781 5322 2360 5322 2361 5322 2781 5323 2361 5323 2782 5323 2782 5324 2361 5324 2362 5324 2782 5325 2362 5325 2783 5325 2783 5326 2362 5326 2363 5326 2783 5327 2363 5327 2784 5327 2784 5328 2363 5328 2364 5328 2784 5329 2364 5329 2785 5329 2785 5330 2364 5330 2365 5330 2785 5331 2365 5331 2786 5331 2786 5332 2365 5332 2366 5332 2786 5333 2366 5333 2787 5333 2787 5334 2366 5334 2367 5334 2787 5335 2367 5335 2788 5335 2788 5336 2367 5336 2368 5336 2788 5337 2368 5337 2789 5337 2789 5338 2368 5338 2369 5338 2789 5339 2369 5339 2790 5339 2790 5340 2369 5340 2370 5340 2790 5341 2370 5341 2791 5341 2791 5342 2370 5342 2371 5342 2791 5343 2371 5343 2792 5343 2792 5344 2371 5344 2372 5344 2792 5345 2372 5345 2756 5345 2756 5346 2372 5346 2373 5346 2756 5347 2373 5347 2757 5347 2757 5348 2373 5348 2374 5348 2757 5349 2374 5349 2758 5349 2758 5350 2374 5350 2375 5350 2758 5351 2375 5351 2759 5351 2759 5352 2375 5352 2376 5352 2759 5353 2376 5353 2760 5353 2760 5354 2376 5354 2377 5354 2760 5355 2377 5355 2761 5355 2761 5356 2377 5356 2378 5356 2761 5357 2378 5357 2762 5357 2762 5358 2378 5358 2379 5358 2762 5359 2379 5359 2763 5359 2763 5360 2379 5360 2380 5360 2763 5361 2380 5361 2764 5361 2764 5362 2380 5362 2381 5362 2764 5363 2381 5363 2765 5363 2765 5364 2381 5364 2382 5364 2765 5365 2382 5365 2766 5365 2766 5366 2382 5366 2383 5366 2766 5367 2383 5367 2767 5367 2767 5368 2383 5368 2384 5368 2767 5369 2384 5369 2768 5369 2768 5370 2384 5370 2347 5370 2768 5371 2347 5371 2769 5371 2769 5372 2347 5372 2348 5372 2769 5373 2348 5373 2770 5373 2770 5374 2348 5374 2349 5374 2770 5375 2349 5375 2771 5375 2771 5376 2349 5376 2350 5376 2771 5377 2350 5377 2772 5377 2772 5378 2350 5378 2351 5378 2772 5379 2351 5379 2773 5379 2773 5380 2351 5380 2352 5380 2773 5381 2352 5381 2774 5381 2793 5382 1597 5382 2794 5382 2794 5383 1597 5383 1595 5383 2794 5384 1595 5384 2795 5384 2795 5385 1595 5385 1594 5385 2795 5386 1594 5386 2796 5386 2796 5387 1594 5387 1667 5387 2796 5388 1667 5388 2797 5388 2797 5389 1667 5389 1665 5389 2797 5390 1665 5390 2798 5390 2798 5391 1665 5391 1663 5391 2798 5392 1663 5392 2799 5392 2799 5393 1663 5393 1661 5393 2799 5394 1661 5394 2800 5394 2800 5395 1661 5395 1659 5395 2800 5396 1659 5396 2801 5396 2801 5397 1659 5397 1657 5397 2801 5398 1657 5398 2802 5398 2802 5399 1657 5399 1655 5399 2802 5400 1655 5400 2803 5400 2803 5401 1655 5401 1653 5401 2803 5402 1653 5402 2804 5402 2804 5403 1653 5403 1651 5403 2804 5404 1651 5404 2805 5404 2805 5405 1651 5405 1649 5405 2805 5406 1649 5406 2806 5406 2806 5407 1649 5407 1647 5407 2806 5408 1647 5408 2807 5408 2807 5409 1647 5409 1645 5409 2807 5410 1645 5410 2808 5410 2808 5411 1645 5411 1643 5411 2808 5412 1643 5412 2809 5412 2809 5413 1643 5413 1641 5413 2809 5414 1641 5414 2810 5414 2810 5415 1641 5415 1639 5415 2810 5416 1639 5416 2811 5416 2811 5417 1639 5417 1637 5417 2811 5418 1637 5418 2812 5418 2812 5419 1637 5419 1635 5419 2812 5420 1635 5420 2813 5420 2813 5421 1635 5421 1633 5421 2813 5422 1633 5422 2814 5422 2814 5423 1633 5423 1631 5423 2814 5424 1631 5424 2815 5424 2815 5425 1631 5425 1629 5425 2815 5426 1629 5426 2816 5426 2816 5427 1629 5427 1627 5427 2816 5428 1627 5428 2817 5428 2817 5429 1627 5429 1625 5429 2817 5430 1625 5430 2818 5430 2818 5431 1625 5431 1623 5431 2818 5432 1623 5432 2819 5432 2819 5433 1623 5433 1621 5433 2819 5434 1621 5434 2820 5434 2820 5435 1621 5435 1619 5435 2820 5436 1619 5436 2821 5436 2821 5437 1619 5437 1617 5437 2821 5438 1617 5438 2822 5438 2822 5439 1617 5439 1615 5439 2822 5440 1615 5440 2823 5440 2823 5441 1615 5441 1613 5441 2823 5442 1613 5442 2824 5442 2824 5443 1613 5443 1611 5443 2824 5444 1611 5444 2825 5444 2825 5445 1611 5445 1609 5445 2825 5446 1609 5446 2826 5446 2826 5447 1609 5447 1607 5447 2826 5448 1607 5448 2827 5448 2827 5449 1607 5449 1605 5449 2827 5450 1605 5450 2828 5450 2828 5451 1605 5451 1603 5451 2828 5452 1603 5452 2829 5452 2829 5453 1603 5453 1601 5453 2829 5454 1601 5454 2830 5454 2830 5455 1601 5455 1599 5455 2830 5456 1599 5456 2793 5456 2793 5457 1599 5457 1597 5457 2831 5458 2832 5458 2833 5458 2834 5459 2835 5459 2833 5459 2833 5460 2835 5460 2836 5460 2833 5461 2836 5461 2831 5461 2837 5462 2838 5462 2833 5462 2833 5463 2838 5463 2839 5463 2833 5464 2839 5464 2834 5464 2840 5465 2841 5465 2833 5465 2833 5466 2841 5466 2842 5466 2833 5467 2842 5467 2837 5467 2843 5468 2844 5468 2833 5468 2833 5469 2844 5469 2845 5469 2833 5470 2845 5470 2840 5470 2846 5471 2847 5471 2833 5471 2833 5472 2847 5472 2848 5472 2833 5473 2848 5473 2843 5473 2849 5474 2850 5474 2833 5474 2833 5475 2850 5475 2851 5475 2833 5476 2851 5476 2846 5476 2852 5477 2853 5477 2833 5477 2833 5478 2853 5478 2854 5478 2833 5479 2854 5479 2849 5479 2855 5480 2856 5480 2833 5480 2833 5481 2856 5481 2857 5481 2833 5482 2857 5482 2852 5482 2858 5483 2859 5483 2833 5483 2833 5484 2859 5484 2860 5484 2833 5485 2860 5485 2855 5485 2861 5486 2862 5486 2833 5486 2833 5487 2862 5487 2863 5487 2833 5488 2863 5488 2858 5488 2864 5489 2865 5489 2833 5489 2833 5490 2865 5490 2866 5490 2833 5491 2866 5491 2861 5491 2832 5492 2867 5492 2833 5492 2833 5493 2867 5493 2868 5493 2833 5494 2868 5494 2864 5494 2831 5495 2869 5495 2832 5495 2832 5496 2869 5496 2870 5496 2832 5497 2870 5497 2867 5497 2867 5498 2870 5498 2871 5498 2867 5499 2871 5499 2868 5499 2868 5500 2871 5500 2872 5500 2868 5501 2872 5501 2864 5501 2864 5502 2872 5502 2873 5502 2864 5503 2873 5503 2865 5503 2865 5504 2873 5504 2874 5504 2865 5505 2874 5505 2866 5505 2866 5506 2874 5506 2875 5506 2866 5507 2875 5507 2861 5507 2861 5508 2875 5508 2876 5508 2861 5509 2876 5509 2862 5509 2862 5510 2876 5510 2877 5510 2862 5511 2877 5511 2863 5511 2863 5512 2877 5512 2878 5512 2863 5513 2878 5513 2858 5513 2858 5514 2878 5514 2879 5514 2858 5515 2879 5515 2859 5515 2859 5516 2879 5516 2880 5516 2859 5517 2880 5517 2860 5517 2860 5518 2880 5518 2881 5518 2860 5519 2881 5519 2855 5519 2855 5520 2881 5520 2882 5520 2855 5521 2882 5521 2856 5521 2856 5522 2882 5522 2883 5522 2856 5523 2883 5523 2857 5523 2857 5524 2883 5524 2884 5524 2857 5525 2884 5525 2852 5525 2852 5526 2884 5526 2885 5526 2852 5527 2885 5527 2853 5527 2853 5528 2885 5528 2886 5528 2853 5529 2886 5529 2854 5529 2854 5530 2886 5530 2887 5530 2854 5531 2887 5531 2849 5531 2849 5532 2887 5532 2888 5532 2849 5533 2888 5533 2850 5533 2850 5534 2888 5534 2889 5534 2850 5535 2889 5535 2851 5535 2851 5536 2889 5536 2890 5536 2851 5537 2890 5537 2846 5537 2846 5538 2890 5538 2891 5538 2846 5539 2891 5539 2847 5539 2847 5540 2891 5540 2892 5540 2847 5541 2892 5541 2848 5541 2848 5542 2892 5542 2893 5542 2848 5543 2893 5543 2843 5543 2843 5544 2893 5544 2894 5544 2843 5545 2894 5545 2844 5545 2844 5546 2894 5546 2895 5546 2844 5547 2895 5547 2845 5547 2845 5548 2895 5548 2896 5548 2845 5549 2896 5549 2840 5549 2840 5550 2896 5550 2897 5550 2840 5551 2897 5551 2841 5551 2841 5552 2897 5552 2898 5552 2841 5553 2898 5553 2842 5553 2842 5554 2898 5554 2899 5554 2842 5555 2899 5555 2837 5555 2837 5556 2899 5556 2900 5556 2837 5557 2900 5557 2838 5557 2838 5558 2900 5558 2901 5558 2838 5559 2901 5559 2839 5559 2839 5560 2901 5560 2902 5560 2839 5561 2902 5561 2834 5561 2834 5562 2902 5562 2903 5562 2834 5563 2903 5563 2835 5563 2835 5564 2903 5564 2904 5564 2835 5565 2904 5565 2836 5565 2836 5566 2904 5566 2905 5566 2836 5567 2905 5567 2831 5567 2831 5568 2905 5568 2869 5568 2905 5569 2906 5569 2869 5569 2869 5570 2906 5570 2907 5570 2869 5571 2907 5571 2870 5571 2870 5572 2907 5572 2908 5572 2870 5573 2908 5573 2871 5573 2871 5574 2908 5574 2909 5574 2871 5575 2909 5575 2872 5575 2872 5576 2909 5576 2910 5576 2872 5577 2910 5577 2873 5577 2873 5578 2910 5578 2911 5578 2873 5579 2911 5579 2874 5579 2874 5580 2911 5580 2912 5580 2874 5581 2912 5581 2875 5581 2875 5582 2912 5582 2913 5582 2875 5583 2913 5583 2876 5583 2876 5584 2913 5584 2914 5584 2876 5585 2914 5585 2877 5585 2877 5586 2914 5586 2915 5586 2877 5587 2915 5587 2878 5587 2878 5588 2915 5588 2916 5588 2878 5589 2916 5589 2879 5589 2879 5590 2916 5590 2917 5590 2879 5591 2917 5591 2880 5591 2880 5592 2917 5592 2918 5592 2880 5593 2918 5593 2881 5593 2881 5594 2918 5594 2919 5594 2881 5595 2919 5595 2882 5595 2882 5596 2919 5596 2920 5596 2882 5597 2920 5597 2883 5597 2883 5598 2920 5598 2921 5598 2883 5599 2921 5599 2884 5599 2884 5600 2921 5600 2922 5600 2884 5601 2922 5601 2885 5601 2885 5602 2922 5602 2923 5602 2885 5603 2923 5603 2886 5603 2886 5604 2923 5604 2924 5604 2886 5605 2924 5605 2887 5605 2887 5606 2924 5606 2925 5606 2887 5607 2925 5607 2888 5607 2888 5608 2925 5608 2926 5608 2888 5609 2926 5609 2889 5609 2889 5610 2926 5610 2927 5610 2889 5611 2927 5611 2890 5611 2890 5612 2927 5612 2928 5612 2890 5613 2928 5613 2891 5613 2891 5614 2928 5614 2929 5614 2891 5615 2929 5615 2892 5615 2892 5616 2929 5616 2930 5616 2892 5617 2930 5617 2893 5617 2893 5618 2930 5618 2931 5618 2893 5619 2931 5619 2894 5619 2894 5620 2931 5620 2932 5620 2894 5621 2932 5621 2895 5621 2895 5622 2932 5622 2933 5622 2895 5623 2933 5623 2896 5623 2896 5624 2933 5624 2934 5624 2896 5625 2934 5625 2897 5625 2897 5626 2934 5626 2935 5626 2897 5627 2935 5627 2898 5627 2898 5628 2935 5628 2936 5628 2898 5629 2936 5629 2899 5629 2899 5630 2936 5630 2937 5630 2899 5631 2937 5631 2900 5631 2900 5632 2937 5632 2938 5632 2900 5633 2938 5633 2901 5633 2901 5634 2938 5634 2939 5634 2901 5635 2939 5635 2902 5635 2902 5636 2939 5636 2940 5636 2902 5637 2940 5637 2903 5637 2903 5638 2940 5638 2941 5638 2903 5639 2941 5639 2904 5639 2904 5640 2941 5640 2942 5640 2904 5641 2942 5641 2905 5641 2905 5642 2942 5642 2906 5642 2942 5643 2943 5643 2906 5643 2906 5644 2943 5644 2944 5644 2906 5645 2944 5645 2907 5645 2907 5646 2944 5646 2945 5646 2907 5647 2945 5647 2908 5647 2908 5648 2945 5648 2946 5648 2908 5649 2946 5649 2909 5649 2909 5650 2946 5650 2947 5650 2909 5651 2947 5651 2910 5651 2910 5652 2947 5652 2948 5652 2910 5653 2948 5653 2911 5653 2911 5654 2948 5654 2949 5654 2911 5655 2949 5655 2912 5655 2912 5656 2949 5656 2950 5656 2912 5657 2950 5657 2913 5657 2913 5658 2950 5658 2951 5658 2913 5659 2951 5659 2914 5659 2914 5660 2951 5660 2952 5660 2914 5661 2952 5661 2915 5661 2915 5662 2952 5662 2953 5662 2915 5663 2953 5663 2916 5663 2916 5664 2953 5664 2954 5664 2916 5665 2954 5665 2917 5665 2917 5666 2954 5666 2955 5666 2917 5667 2955 5667 2918 5667 2918 5668 2955 5668 2956 5668 2918 5669 2956 5669 2919 5669 2919 5670 2956 5670 2957 5670 2919 5671 2957 5671 2920 5671 2920 5672 2957 5672 2958 5672 2920 5673 2958 5673 2921 5673 2921 5674 2958 5674 2959 5674 2921 5675 2959 5675 2922 5675 2922 5676 2959 5676 2960 5676 2922 5677 2960 5677 2923 5677 2923 5678 2960 5678 2961 5678 2923 5679 2961 5679 2924 5679 2924 5680 2961 5680 2962 5680 2924 5681 2962 5681 2925 5681 2925 5682 2962 5682 2963 5682 2925 5683 2963 5683 2926 5683 2926 5684 2963 5684 2964 5684 2926 5685 2964 5685 2927 5685 2927 5686 2964 5686 2965 5686 2927 5687 2965 5687 2928 5687 2928 5688 2965 5688 2966 5688 2928 5689 2966 5689 2929 5689 2929 5690 2966 5690 2967 5690 2929 5691 2967 5691 2930 5691 2930 5692 2967 5692 2968 5692 2930 5693 2968 5693 2931 5693 2931 5694 2968 5694 2969 5694 2931 5695 2969 5695 2932 5695 2932 5696 2969 5696 2970 5696 2932 5697 2970 5697 2933 5697 2933 5698 2970 5698 2971 5698 2933 5699 2971 5699 2934 5699 2934 5700 2971 5700 2972 5700 2934 5701 2972 5701 2935 5701 2935 5702 2972 5702 2973 5702 2935 5703 2973 5703 2936 5703 2936 5704 2973 5704 2974 5704 2936 5705 2974 5705 2937 5705 2937 5706 2974 5706 2975 5706 2937 5707 2975 5707 2938 5707 2938 5708 2975 5708 2976 5708 2938 5709 2976 5709 2939 5709 2939 5710 2976 5710 2977 5710 2939 5711 2977 5711 2940 5711 2940 5712 2977 5712 2978 5712 2940 5713 2978 5713 2941 5713 2941 5714 2978 5714 2979 5714 2941 5715 2979 5715 2942 5715 2942 5716 2979 5716 2943 5716 2979 5717 2980 5717 2943 5717 2943 5718 2980 5718 2981 5718 2943 5719 2981 5719 2944 5719 2944 5720 2981 5720 2982 5720 2944 5721 2982 5721 2945 5721 2945 5722 2982 5722 2983 5722 2945 5723 2983 5723 2946 5723 2946 5724 2983 5724 2984 5724 2946 5725 2984 5725 2947 5725 2947 5726 2984 5726 2985 5726 2947 5727 2985 5727 2948 5727 2948 5728 2985 5728 2986 5728 2948 5729 2986 5729 2949 5729 2949 5730 2986 5730 2987 5730 2949 5731 2987 5731 2950 5731 2950 5732 2987 5732 2988 5732 2950 5733 2988 5733 2951 5733 2951 5734 2988 5734 2989 5734 2951 5735 2989 5735 2952 5735 2952 5736 2989 5736 2990 5736 2952 5737 2990 5737 2953 5737 2953 5738 2990 5738 2991 5738 2953 5739 2991 5739 2954 5739 2954 5740 2991 5740 2992 5740 2954 5741 2992 5741 2955 5741 2955 5742 2992 5742 2993 5742 2955 5743 2993 5743 2956 5743 2956 5744 2993 5744 2994 5744 2956 5745 2994 5745 2957 5745 2957 5746 2994 5746 2995 5746 2957 5747 2995 5747 2958 5747 2958 5748 2995 5748 2996 5748 2958 5749 2996 5749 2959 5749 2959 5750 2996 5750 2997 5750 2959 5751 2997 5751 2960 5751 2960 5752 2997 5752 2998 5752 2960 5753 2998 5753 2961 5753 2961 5754 2998 5754 2999 5754 2961 5755 2999 5755 2962 5755 2962 5756 2999 5756 3000 5756 2962 5757 3000 5757 2963 5757 2963 5758 3000 5758 3001 5758 2963 5759 3001 5759 2964 5759 2964 5760 3001 5760 3002 5760 2964 5761 3002 5761 2965 5761 2965 5762 3002 5762 3003 5762 2965 5763 3003 5763 2966 5763 2966 5764 3003 5764 3004 5764 2966 5765 3004 5765 2967 5765 2967 5766 3004 5766 3005 5766 2967 5767 3005 5767 2968 5767 2968 5768 3005 5768 3006 5768 2968 5769 3006 5769 2969 5769 2969 5770 3006 5770 3007 5770 2969 5771 3007 5771 2970 5771 2970 5772 3007 5772 3008 5772 2970 5773 3008 5773 2971 5773 2971 5774 3008 5774 3009 5774 2971 5775 3009 5775 2972 5775 2972 5776 3009 5776 3010 5776 2972 5777 3010 5777 2973 5777 2973 5778 3010 5778 3011 5778 2973 5779 3011 5779 2974 5779 2974 5780 3011 5780 3012 5780 2974 5781 3012 5781 2975 5781 2975 5782 3012 5782 3013 5782 2975 5783 3013 5783 2976 5783 2976 5784 3013 5784 3014 5784 2976 5785 3014 5785 2977 5785 2977 5786 3014 5786 3015 5786 2977 5787 3015 5787 2978 5787 2978 5788 3015 5788 3016 5788 2978 5789 3016 5789 2979 5789 2979 5790 3016 5790 2980 5790 3016 5791 3017 5791 2980 5791 2980 5792 3017 5792 3018 5792 2980 5793 3018 5793 2981 5793 2981 5794 3018 5794 3019 5794 2981 5795 3019 5795 2982 5795 2982 5796 3019 5796 3020 5796 2982 5797 3020 5797 2983 5797 2983 5798 3020 5798 3021 5798 2983 5799 3021 5799 2984 5799 2984 5800 3021 5800 3022 5800 2984 5801 3022 5801 2985 5801 2985 5802 3022 5802 3023 5802 2985 5803 3023 5803 2986 5803 2986 5804 3023 5804 3024 5804 2986 5805 3024 5805 2987 5805 2987 5806 3024 5806 3025 5806 2987 5807 3025 5807 2988 5807 2988 5808 3025 5808 3026 5808 2988 5809 3026 5809 2989 5809 2989 5810 3026 5810 3027 5810 2989 5811 3027 5811 2990 5811 2990 5812 3027 5812 3028 5812 2990 5813 3028 5813 2991 5813 2991 5814 3028 5814 3029 5814 2991 5815 3029 5815 2992 5815 2992 5816 3029 5816 3030 5816 2992 5817 3030 5817 2993 5817 2993 5818 3030 5818 3031 5818 2993 5819 3031 5819 2994 5819 2994 5820 3031 5820 3032 5820 2994 5821 3032 5821 2995 5821 2995 5822 3032 5822 3033 5822 2995 5823 3033 5823 2996 5823 2996 5824 3033 5824 3034 5824 2996 5825 3034 5825 2997 5825 2997 5826 3034 5826 3035 5826 2997 5827 3035 5827 2998 5827 2998 5828 3035 5828 3036 5828 2998 5829 3036 5829 2999 5829 2999 5830 3036 5830 3037 5830 2999 5831 3037 5831 3000 5831 3000 5832 3037 5832 3038 5832 3000 5833 3038 5833 3001 5833 3001 5834 3038 5834 3039 5834 3001 5835 3039 5835 3002 5835 3002 5836 3039 5836 3040 5836 3002 5837 3040 5837 3003 5837 3003 5838 3040 5838 3041 5838 3003 5839 3041 5839 3004 5839 3004 5840 3041 5840 3042 5840 3004 5841 3042 5841 3005 5841 3005 5842 3042 5842 3043 5842 3005 5843 3043 5843 3006 5843 3006 5844 3043 5844 3044 5844 3006 5845 3044 5845 3007 5845 3007 5846 3044 5846 3045 5846 3007 5847 3045 5847 3008 5847 3008 5848 3045 5848 3046 5848 3008 5849 3046 5849 3009 5849 3009 5850 3046 5850 3047 5850 3009 5851 3047 5851 3010 5851 3010 5852 3047 5852 3048 5852 3010 5853 3048 5853 3011 5853 3011 5854 3048 5854 3049 5854 3011 5855 3049 5855 3012 5855 3012 5856 3049 5856 3050 5856 3012 5857 3050 5857 3013 5857 3013 5858 3050 5858 3051 5858 3013 5859 3051 5859 3014 5859 3014 5860 3051 5860 3052 5860 3014 5861 3052 5861 3015 5861 3015 5862 3052 5862 3053 5862 3015 5863 3053 5863 3016 5863 3016 5864 3053 5864 3017 5864 3053 5865 3054 5865 3017 5865 3017 5866 3054 5866 3055 5866 3017 5867 3055 5867 3018 5867 3018 5868 3055 5868 3056 5868 3018 5869 3056 5869 3019 5869 3019 5870 3056 5870 3057 5870 3019 5871 3057 5871 3020 5871 3020 5872 3057 5872 3058 5872 3020 5873 3058 5873 3021 5873 3021 5874 3058 5874 3059 5874 3021 5875 3059 5875 3022 5875 3022 5876 3059 5876 3060 5876 3022 5877 3060 5877 3023 5877 3023 5878 3060 5878 3061 5878 3023 5879 3061 5879 3024 5879 3024 5880 3061 5880 3062 5880 3024 5881 3062 5881 3025 5881 3025 5882 3062 5882 3063 5882 3025 5883 3063 5883 3026 5883 3026 5884 3063 5884 3064 5884 3026 5885 3064 5885 3027 5885 3027 5886 3064 5886 3065 5886 3027 5887 3065 5887 3028 5887 3028 5888 3065 5888 3066 5888 3028 5889 3066 5889 3029 5889 3029 5890 3066 5890 3067 5890 3029 5891 3067 5891 3030 5891 3030 5892 3067 5892 3068 5892 3030 5893 3068 5893 3031 5893 3031 5894 3068 5894 3069 5894 3031 5895 3069 5895 3032 5895 3032 5896 3069 5896 3070 5896 3032 5897 3070 5897 3033 5897 3033 5898 3070 5898 3071 5898 3033 5899 3071 5899 3034 5899 3034 5900 3071 5900 3072 5900 3034 5901 3072 5901 3035 5901 3035 5902 3072 5902 3073 5902 3035 5903 3073 5903 3036 5903 3036 5904 3073 5904 3074 5904 3036 5905 3074 5905 3037 5905 3037 5906 3074 5906 3075 5906 3037 5907 3075 5907 3038 5907 3038 5908 3075 5908 3076 5908 3038 5909 3076 5909 3039 5909 3039 5910 3076 5910 3077 5910 3039 5911 3077 5911 3040 5911 3040 5912 3077 5912 3078 5912 3040 5913 3078 5913 3041 5913 3041 5914 3078 5914 3079 5914 3041 5915 3079 5915 3042 5915 3042 5916 3079 5916 3080 5916 3042 5917 3080 5917 3043 5917 3043 5918 3080 5918 3081 5918 3043 5919 3081 5919 3044 5919 3044 5920 3081 5920 3082 5920 3044 5921 3082 5921 3045 5921 3045 5922 3082 5922 3083 5922 3045 5923 3083 5923 3046 5923 3046 5924 3083 5924 3084 5924 3046 5925 3084 5925 3047 5925 3047 5926 3084 5926 3085 5926 3047 5927 3085 5927 3048 5927 3048 5928 3085 5928 3086 5928 3048 5929 3086 5929 3049 5929 3049 5930 3086 5930 3087 5930 3049 5931 3087 5931 3050 5931 3050 5932 3087 5932 3088 5932 3050 5933 3088 5933 3051 5933 3051 5934 3088 5934 3089 5934 3051 5935 3089 5935 3052 5935 3052 5936 3089 5936 3090 5936 3052 5937 3090 5937 3053 5937 3053 5938 3090 5938 3054 5938 3090 5939 3091 5939 3054 5939 3054 5940 3091 5940 3092 5940 3054 5941 3092 5941 3055 5941 3055 5942 3092 5942 3093 5942 3055 5943 3093 5943 3056 5943 3056 5944 3093 5944 3094 5944 3056 5945 3094 5945 3057 5945 3057 5946 3094 5946 3095 5946 3057 5947 3095 5947 3058 5947 3058 5948 3095 5948 3096 5948 3058 5949 3096 5949 3059 5949 3059 5950 3096 5950 3097 5950 3059 5951 3097 5951 3060 5951 3060 5952 3097 5952 3098 5952 3060 5953 3098 5953 3061 5953 3061 5954 3098 5954 3099 5954 3061 5955 3099 5955 3062 5955 3062 5956 3099 5956 3100 5956 3062 5957 3100 5957 3063 5957 3063 5958 3100 5958 3101 5958 3063 5959 3101 5959 3064 5959 3064 5960 3101 5960 3102 5960 3064 5961 3102 5961 3065 5961 3065 5962 3102 5962 3103 5962 3065 5963 3103 5963 3066 5963 3066 5964 3103 5964 3104 5964 3066 5965 3104 5965 3067 5965 3067 5966 3104 5966 3105 5966 3067 5967 3105 5967 3068 5967 3068 5968 3105 5968 3106 5968 3068 5969 3106 5969 3069 5969 3069 5970 3106 5970 3107 5970 3069 5971 3107 5971 3070 5971 3070 5972 3107 5972 3108 5972 3070 5973 3108 5973 3071 5973 3071 5974 3108 5974 3109 5974 3071 5975 3109 5975 3072 5975 3072 5976 3109 5976 3110 5976 3072 5977 3110 5977 3073 5977 3073 5978 3110 5978 3111 5978 3073 5979 3111 5979 3074 5979 3074 5980 3111 5980 3112 5980 3074 5981 3112 5981 3075 5981 3075 5982 3112 5982 3113 5982 3075 5983 3113 5983 3076 5983 3076 5984 3113 5984 3114 5984 3076 5985 3114 5985 3077 5985 3077 5986 3114 5986 3115 5986 3077 5987 3115 5987 3078 5987 3078 5988 3115 5988 3116 5988 3078 5989 3116 5989 3079 5989 3079 5990 3116 5990 3117 5990 3079 5991 3117 5991 3080 5991 3080 5992 3117 5992 3118 5992 3080 5993 3118 5993 3081 5993 3081 5994 3118 5994 3119 5994 3081 5995 3119 5995 3082 5995 3082 5996 3119 5996 3120 5996 3082 5997 3120 5997 3083 5997 3083 5998 3120 5998 3121 5998 3083 5999 3121 5999 3084 5999 3084 6000 3121 6000 3122 6000 3084 6001 3122 6001 3085 6001 3085 6002 3122 6002 3123 6002 3085 6003 3123 6003 3086 6003 3086 6004 3123 6004 3124 6004 3086 6005 3124 6005 3087 6005 3087 6006 3124 6006 3125 6006 3087 6007 3125 6007 3088 6007 3088 6008 3125 6008 3126 6008 3088 6009 3126 6009 3089 6009 3089 6010 3126 6010 3127 6010 3089 6011 3127 6011 3090 6011 3090 6012 3127 6012 3091 6012 3127 6013 3128 6013 3091 6013 3091 6014 3128 6014 3129 6014 3091 6015 3129 6015 3092 6015 3092 6016 3129 6016 3130 6016 3092 6017 3130 6017 3093 6017 3093 6018 3130 6018 3131 6018 3093 6019 3131 6019 3094 6019 3094 6020 3131 6020 3132 6020 3094 6021 3132 6021 3095 6021 3095 6022 3132 6022 3133 6022 3095 6023 3133 6023 3096 6023 3096 6024 3133 6024 3134 6024 3096 6025 3134 6025 3097 6025 3097 6026 3134 6026 3135 6026 3097 6027 3135 6027 3098 6027 3098 6028 3135 6028 3136 6028 3098 6029 3136 6029 3099 6029 3099 6030 3136 6030 3137 6030 3099 6031 3137 6031 3100 6031 3100 6032 3137 6032 3138 6032 3100 6033 3138 6033 3101 6033 3101 6034 3138 6034 3139 6034 3101 6035 3139 6035 3102 6035 3102 6036 3139 6036 3140 6036 3102 6037 3140 6037 3103 6037 3103 6038 3140 6038 3141 6038 3103 6039 3141 6039 3104 6039 3104 6040 3141 6040 3142 6040 3104 6041 3142 6041 3105 6041 3105 6042 3142 6042 3143 6042 3105 6043 3143 6043 3106 6043 3106 6044 3143 6044 3144 6044 3106 6045 3144 6045 3107 6045 3107 6046 3144 6046 3145 6046 3107 6047 3145 6047 3108 6047 3108 6048 3145 6048 3146 6048 3108 6049 3146 6049 3109 6049 3109 6050 3146 6050 3147 6050 3109 6051 3147 6051 3110 6051 3110 6052 3147 6052 3148 6052 3110 6053 3148 6053 3111 6053 3111 6054 3148 6054 3149 6054 3111 6055 3149 6055 3112 6055 3112 6056 3149 6056 3150 6056 3112 6057 3150 6057 3113 6057 3113 6058 3150 6058 3151 6058 3113 6059 3151 6059 3114 6059 3114 6060 3151 6060 3152 6060 3114 6061 3152 6061 3115 6061 3115 6062 3152 6062 3153 6062 3115 6063 3153 6063 3116 6063 3116 6064 3153 6064 3154 6064 3116 6065 3154 6065 3117 6065 3117 6066 3154 6066 3155 6066 3117 6067 3155 6067 3118 6067 3118 6068 3155 6068 3156 6068 3118 6069 3156 6069 3119 6069 3119 6070 3156 6070 3157 6070 3119 6071 3157 6071 3120 6071 3120 6072 3157 6072 3158 6072 3120 6073 3158 6073 3121 6073 3121 6074 3158 6074 3159 6074 3121 6075 3159 6075 3122 6075 3122 6076 3159 6076 3160 6076 3122 6077 3160 6077 3123 6077 3123 6078 3160 6078 3161 6078 3123 6079 3161 6079 3124 6079 3124 6080 3161 6080 3162 6080 3124 6081 3162 6081 3125 6081 3125 6082 3162 6082 3163 6082 3125 6083 3163 6083 3126 6083 3126 6084 3163 6084 3164 6084 3126 6085 3164 6085 3127 6085 3127 6086 3164 6086 3128 6086 3164 6087 3165 6087 3128 6087 3128 6088 3165 6088 3166 6088 3128 6089 3166 6089 3129 6089 3129 6090 3166 6090 3167 6090 3129 6091 3167 6091 3130 6091 3130 6092 3167 6092 3168 6092 3130 6093 3168 6093 3131 6093 3131 6094 3168 6094 3169 6094 3131 6095 3169 6095 3132 6095 3132 6096 3169 6096 3170 6096 3132 6097 3170 6097 3133 6097 3133 6098 3170 6098 3171 6098 3133 6099 3171 6099 3134 6099 3134 6100 3171 6100 3172 6100 3134 6101 3172 6101 3135 6101 3135 6102 3172 6102 3173 6102 3135 6103 3173 6103 3136 6103 3136 6104 3173 6104 3174 6104 3136 6105 3174 6105 3137 6105 3137 6106 3174 6106 3175 6106 3137 6107 3175 6107 3138 6107 3138 6108 3175 6108 3176 6108 3138 6109 3176 6109 3139 6109 3139 6110 3176 6110 3177 6110 3139 6111 3177 6111 3140 6111 3140 6112 3177 6112 3178 6112 3140 6113 3178 6113 3141 6113 3141 6114 3178 6114 3179 6114 3141 6115 3179 6115 3142 6115 3142 6116 3179 6116 3180 6116 3142 6117 3180 6117 3143 6117 3143 6118 3180 6118 3181 6118 3143 6119 3181 6119 3144 6119 3144 6120 3181 6120 3182 6120 3144 6121 3182 6121 3145 6121 3145 6122 3182 6122 3183 6122 3145 6123 3183 6123 3146 6123 3146 6124 3183 6124 3184 6124 3146 6125 3184 6125 3147 6125 3147 6126 3184 6126 3185 6126 3147 6127 3185 6127 3148 6127 3148 6128 3185 6128 3186 6128 3148 6129 3186 6129 3149 6129 3149 6130 3186 6130 3187 6130 3149 6131 3187 6131 3150 6131 3150 6132 3187 6132 3188 6132 3150 6133 3188 6133 3151 6133 3151 6134 3188 6134 3189 6134 3151 6135 3189 6135 3152 6135 3152 6136 3189 6136 3190 6136 3152 6137 3190 6137 3153 6137 3153 6138 3190 6138 3191 6138 3153 6139 3191 6139 3154 6139 3154 6140 3191 6140 3192 6140 3154 6141 3192 6141 3155 6141 3155 6142 3192 6142 3193 6142 3155 6143 3193 6143 3156 6143 3156 6144 3193 6144 3194 6144 3156 6145 3194 6145 3157 6145 3157 6146 3194 6146 3195 6146 3157 6147 3195 6147 3158 6147 3158 6148 3195 6148 3196 6148 3158 6149 3196 6149 3159 6149 3159 6150 3196 6150 3197 6150 3159 6151 3197 6151 3160 6151 3160 6152 3197 6152 3198 6152 3160 6153 3198 6153 3161 6153 3161 6154 3198 6154 3199 6154 3161 6155 3199 6155 3162 6155 3162 6156 3199 6156 3200 6156 3162 6157 3200 6157 3163 6157 3163 6158 3200 6158 3201 6158 3163 6159 3201 6159 3164 6159 3164 6160 3201 6160 3165 6160 3201 6161 3202 6161 3165 6161 3165 6162 3202 6162 3203 6162 3165 6163 3203 6163 3166 6163 3166 6164 3203 6164 3204 6164 3166 6165 3204 6165 3167 6165 3167 6166 3204 6166 3205 6166 3167 6167 3205 6167 3168 6167 3168 6168 3205 6168 3206 6168 3168 6169 3206 6169 3169 6169 3169 6170 3206 6170 3207 6170 3169 6171 3207 6171 3170 6171 3170 6172 3207 6172 3208 6172 3170 6173 3208 6173 3171 6173 3171 6174 3208 6174 3209 6174 3171 6175 3209 6175 3172 6175 3172 6176 3209 6176 3210 6176 3172 6177 3210 6177 3173 6177 3173 6178 3210 6178 3211 6178 3173 6179 3211 6179 3174 6179 3174 6180 3211 6180 3212 6180 3174 6181 3212 6181 3175 6181 3175 6182 3212 6182 3213 6182 3175 6183 3213 6183 3176 6183 3176 6184 3213 6184 3214 6184 3176 6185 3214 6185 3177 6185 3177 6186 3214 6186 3215 6186 3177 6187 3215 6187 3178 6187 3178 6188 3215 6188 3216 6188 3178 6189 3216 6189 3179 6189 3179 6190 3216 6190 3217 6190 3179 6191 3217 6191 3180 6191 3180 6192 3217 6192 3218 6192 3180 6193 3218 6193 3181 6193 3181 6194 3218 6194 3219 6194 3181 6195 3219 6195 3182 6195 3182 6196 3219 6196 3220 6196 3182 6197 3220 6197 3183 6197 3183 6198 3220 6198 3221 6198 3183 6199 3221 6199 3184 6199 3184 6200 3221 6200 3222 6200 3184 6201 3222 6201 3185 6201 3185 6202 3222 6202 3223 6202 3185 6203 3223 6203 3186 6203 3186 6204 3223 6204 3224 6204 3186 6205 3224 6205 3187 6205 3187 6206 3224 6206 3225 6206 3187 6207 3225 6207 3188 6207 3188 6208 3225 6208 3226 6208 3188 6209 3226 6209 3189 6209 3189 6210 3226 6210 3227 6210 3189 6211 3227 6211 3190 6211 3190 6212 3227 6212 3228 6212 3190 6213 3228 6213 3191 6213 3191 6214 3228 6214 3229 6214 3191 6215 3229 6215 3192 6215 3192 6216 3229 6216 3230 6216 3192 6217 3230 6217 3193 6217 3193 6218 3230 6218 3231 6218 3193 6219 3231 6219 3194 6219 3194 6220 3231 6220 3232 6220 3194 6221 3232 6221 3195 6221 3195 6222 3232 6222 3233 6222 3195 6223 3233 6223 3196 6223 3196 6224 3233 6224 3234 6224 3196 6225 3234 6225 3197 6225 3197 6226 3234 6226 3235 6226 3197 6227 3235 6227 3198 6227 3198 6228 3235 6228 3236 6228 3198 6229 3236 6229 3199 6229 3199 6230 3236 6230 3237 6230 3199 6231 3237 6231 3200 6231 3200 6232 3237 6232 3238 6232 3200 6233 3238 6233 3201 6233 3201 6234 3238 6234 3202 6234 2793 6235 2794 6235 3220 6235 3220 6236 2794 6236 2795 6236 3220 6237 2795 6237 3221 6237 3221 6238 2795 6238 2796 6238 3221 6239 2796 6239 3222 6239 3222 6240 2796 6240 2797 6240 3222 6241 2797 6241 3223 6241 3223 6242 2797 6242 2798 6242 3223 6243 2798 6243 3224 6243 3224 6244 2798 6244 2799 6244 3224 6245 2799 6245 3225 6245 3225 6246 2799 6246 2800 6246 3225 6247 2800 6247 3226 6247 3226 6248 2800 6248 2801 6248 3226 6249 2801 6249 3227 6249 3227 6250 2801 6250 2802 6250 3227 6251 2802 6251 3228 6251 3228 6252 2802 6252 2803 6252 3228 6253 2803 6253 3229 6253 3229 6254 2803 6254 2804 6254 3229 6255 2804 6255 3230 6255 3230 6256 2804 6256 2805 6256 3230 6257 2805 6257 3231 6257 3231 6258 2805 6258 2806 6258 3231 6259 2806 6259 3232 6259 3232 6260 2806 6260 2807 6260 3232 6261 2807 6261 3233 6261 3233 6262 2807 6262 2808 6262 3233 6263 2808 6263 3234 6263 3234 6264 2808 6264 2809 6264 3234 6265 2809 6265 3235 6265 3235 6266 2809 6266 2810 6266 3235 6267 2810 6267 3236 6267 3236 6268 2810 6268 2811 6268 3236 6269 2811 6269 3237 6269 3237 6270 2811 6270 2812 6270 3237 6271 2812 6271 3238 6271 3238 6272 2812 6272 2813 6272 3238 6273 2813 6273 3202 6273 3202 6274 2813 6274 2814 6274 3202 6275 2814 6275 3203 6275 3203 6276 2814 6276 2815 6276 3203 6277 2815 6277 3204 6277 3204 6278 2815 6278 2816 6278 3204 6279 2816 6279 3205 6279 3205 6280 2816 6280 2817 6280 3205 6281 2817 6281 3206 6281 3206 6282 2817 6282 2818 6282 3206 6283 2818 6283 3207 6283 3207 6284 2818 6284 2819 6284 3207 6285 2819 6285 3208 6285 3208 6286 2819 6286 2820 6286 3208 6287 2820 6287 3209 6287 3209 6288 2820 6288 2821 6288 3209 6289 2821 6289 3210 6289 3210 6290 2821 6290 2822 6290 3210 6291 2822 6291 3211 6291 3211 6292 2822 6292 2823 6292 3211 6293 2823 6293 3212 6293 3212 6294 2823 6294 2824 6294 3212 6295 2824 6295 3213 6295 3213 6296 2824 6296 2825 6296 3213 6297 2825 6297 3214 6297 3214 6298 2825 6298 2826 6298 3214 6299 2826 6299 3215 6299 3215 6300 2826 6300 2827 6300 3215 6301 2827 6301 3216 6301 3216 6302 2827 6302 2828 6302 3216 6303 2828 6303 3217 6303 3217 6304 2828 6304 2829 6304 3217 6305 2829 6305 3218 6305 3218 6306 2829 6306 2830 6306 3218 6307 2830 6307 3219 6307 3219 6308 2830 6308 2793 6308 3219 6309 2793 6309 3220 6309 3239 6310 1522 6310 3240 6310 3240 6311 1522 6311 1520 6311 3240 6312 1520 6312 3241 6312 3241 6313 1520 6313 1519 6313 3241 6314 1519 6314 3242 6314 3242 6315 1519 6315 1592 6315 3242 6316 1592 6316 3243 6316 3243 6317 1592 6317 1590 6317 3243 6318 1590 6318 3244 6318 3244 6319 1590 6319 1588 6319 3244 6320 1588 6320 3245 6320 3245 6321 1588 6321 1586 6321 3245 6322 1586 6322 3246 6322 3246 6323 1586 6323 1584 6323 3246 6324 1584 6324 3247 6324 3247 6325 1584 6325 1582 6325 3247 6326 1582 6326 3248 6326 3248 6327 1582 6327 1580 6327 3248 6328 1580 6328 3249 6328 3249 6329 1580 6329 1578 6329 3249 6330 1578 6330 3250 6330 3250 6331 1578 6331 1576 6331 3250 6332 1576 6332 3251 6332 3251 6333 1576 6333 1574 6333 3251 6334 1574 6334 3252 6334 3252 6335 1574 6335 1572 6335 3252 6336 1572 6336 3253 6336 3253 6337 1572 6337 1570 6337 3253 6338 1570 6338 3254 6338 3254 6339 1570 6339 1568 6339 3254 6340 1568 6340 3255 6340 3255 6341 1568 6341 1566 6341 3255 6342 1566 6342 3256 6342 3256 6343 1566 6343 1564 6343 3256 6344 1564 6344 3257 6344 3257 6345 1564 6345 1562 6345 3257 6346 1562 6346 3258 6346 3258 6347 1562 6347 1560 6347 3258 6348 1560 6348 3259 6348 3259 6349 1560 6349 1558 6349 3259 6350 1558 6350 3260 6350 3260 6351 1558 6351 1556 6351 3260 6352 1556 6352 3261 6352 3261 6353 1556 6353 1554 6353 3261 6354 1554 6354 3262 6354 3262 6355 1554 6355 1552 6355 3262 6356 1552 6356 3263 6356 3263 6357 1552 6357 1550 6357 3263 6358 1550 6358 3264 6358 3264 6359 1550 6359 1548 6359 3264 6360 1548 6360 3265 6360 3265 6361 1548 6361 1546 6361 3265 6362 1546 6362 3266 6362 3266 6363 1546 6363 1544 6363 3266 6364 1544 6364 3267 6364 3267 6365 1544 6365 1542 6365 3267 6366 1542 6366 3268 6366 3268 6367 1542 6367 1540 6367 3268 6368 1540 6368 3269 6368 3269 6369 1540 6369 1538 6369 3269 6370 1538 6370 3270 6370 3270 6371 1538 6371 1536 6371 3270 6372 1536 6372 3271 6372 3271 6373 1536 6373 1534 6373 3271 6374 1534 6374 3272 6374 3272 6375 1534 6375 1532 6375 3272 6376 1532 6376 3273 6376 3273 6377 1532 6377 1530 6377 3273 6378 1530 6378 3274 6378 3274 6379 1530 6379 1528 6379 3274 6380 1528 6380 3275 6380 3275 6381 1528 6381 1526 6381 3275 6382 1526 6382 3276 6382 3276 6383 1526 6383 1524 6383 3276 6384 1524 6384 3239 6384 3239 6385 1524 6385 1522 6385 3277 6386 3278 6386 3279 6386 3280 6387 3281 6387 3279 6387 3279 6388 3281 6388 3282 6388 3279 6389 3282 6389 3277 6389 3283 6390 3284 6390 3279 6390 3279 6391 3284 6391 3285 6391 3279 6392 3285 6392 3280 6392 3286 6393 3287 6393 3279 6393 3279 6394 3287 6394 3288 6394 3279 6395 3288 6395 3283 6395 3289 6396 3290 6396 3279 6396 3279 6397 3290 6397 3291 6397 3279 6398 3291 6398 3286 6398 3292 6399 3293 6399 3279 6399 3279 6400 3293 6400 3294 6400 3279 6401 3294 6401 3289 6401 3295 6402 3296 6402 3279 6402 3279 6403 3296 6403 3297 6403 3279 6404 3297 6404 3292 6404 3298 6405 3299 6405 3279 6405 3279 6406 3299 6406 3300 6406 3279 6407 3300 6407 3295 6407 3301 6408 3302 6408 3279 6408 3279 6409 3302 6409 3303 6409 3279 6410 3303 6410 3298 6410 3304 6411 3305 6411 3279 6411 3279 6412 3305 6412 3306 6412 3279 6413 3306 6413 3301 6413 3307 6414 3308 6414 3279 6414 3279 6415 3308 6415 3309 6415 3279 6416 3309 6416 3304 6416 3310 6417 3311 6417 3279 6417 3279 6418 3311 6418 3312 6418 3279 6419 3312 6419 3307 6419 3278 6420 3313 6420 3279 6420 3279 6421 3313 6421 3314 6421 3279 6422 3314 6422 3310 6422 3277 6423 3315 6423 3278 6423 3278 6424 3315 6424 3316 6424 3278 6425 3316 6425 3313 6425 3313 6426 3316 6426 3317 6426 3313 6427 3317 6427 3314 6427 3314 6428 3317 6428 3318 6428 3314 6429 3318 6429 3310 6429 3310 6430 3318 6430 3319 6430 3310 6431 3319 6431 3311 6431 3311 6432 3319 6432 3320 6432 3311 6433 3320 6433 3312 6433 3312 6434 3320 6434 3321 6434 3312 6435 3321 6435 3307 6435 3307 6436 3321 6436 3322 6436 3307 6437 3322 6437 3308 6437 3308 6438 3322 6438 3323 6438 3308 6439 3323 6439 3309 6439 3309 6440 3323 6440 3324 6440 3309 6441 3324 6441 3304 6441 3304 6442 3324 6442 3325 6442 3304 6443 3325 6443 3305 6443 3305 6444 3325 6444 3326 6444 3305 6445 3326 6445 3306 6445 3306 6446 3326 6446 3327 6446 3306 6447 3327 6447 3301 6447 3301 6448 3327 6448 3328 6448 3301 6449 3328 6449 3302 6449 3302 6450 3328 6450 3329 6450 3302 6451 3329 6451 3303 6451 3303 6452 3329 6452 3330 6452 3303 6453 3330 6453 3298 6453 3298 6454 3330 6454 3331 6454 3298 6455 3331 6455 3299 6455 3299 6456 3331 6456 3332 6456 3299 6457 3332 6457 3300 6457 3300 6458 3332 6458 3333 6458 3300 6459 3333 6459 3295 6459 3295 6460 3333 6460 3334 6460 3295 6461 3334 6461 3296 6461 3296 6462 3334 6462 3335 6462 3296 6463 3335 6463 3297 6463 3297 6464 3335 6464 3336 6464 3297 6465 3336 6465 3292 6465 3292 6466 3336 6466 3337 6466 3292 6467 3337 6467 3293 6467 3293 6468 3337 6468 3338 6468 3293 6469 3338 6469 3294 6469 3294 6470 3338 6470 3339 6470 3294 6471 3339 6471 3289 6471 3289 6472 3339 6472 3340 6472 3289 6473 3340 6473 3290 6473 3290 6474 3340 6474 3341 6474 3290 6475 3341 6475 3291 6475 3291 6476 3341 6476 3342 6476 3291 6477 3342 6477 3286 6477 3286 6478 3342 6478 3343 6478 3286 6479 3343 6479 3287 6479 3287 6480 3343 6480 3344 6480 3287 6481 3344 6481 3288 6481 3288 6482 3344 6482 3345 6482 3288 6483 3345 6483 3283 6483 3283 6484 3345 6484 3346 6484 3283 6485 3346 6485 3284 6485 3284 6486 3346 6486 3347 6486 3284 6487 3347 6487 3285 6487 3285 6488 3347 6488 3348 6488 3285 6489 3348 6489 3280 6489 3280 6490 3348 6490 3349 6490 3280 6491 3349 6491 3281 6491 3281 6492 3349 6492 3350 6492 3281 6493 3350 6493 3282 6493 3282 6494 3350 6494 3351 6494 3282 6495 3351 6495 3277 6495 3277 6496 3351 6496 3315 6496 3351 6497 3352 6497 3315 6497 3315 6498 3352 6498 3353 6498 3315 6499 3353 6499 3316 6499 3316 6500 3353 6500 3354 6500 3316 6501 3354 6501 3317 6501 3317 6502 3354 6502 3355 6502 3317 6503 3355 6503 3318 6503 3318 6504 3355 6504 3356 6504 3318 6505 3356 6505 3319 6505 3319 6506 3356 6506 3357 6506 3319 6507 3357 6507 3320 6507 3320 6508 3357 6508 3358 6508 3320 6509 3358 6509 3321 6509 3321 6510 3358 6510 3359 6510 3321 6511 3359 6511 3322 6511 3322 6512 3359 6512 3360 6512 3322 6513 3360 6513 3323 6513 3323 6514 3360 6514 3361 6514 3323 6515 3361 6515 3324 6515 3324 6516 3361 6516 3362 6516 3324 6517 3362 6517 3325 6517 3325 6518 3362 6518 3363 6518 3325 6519 3363 6519 3326 6519 3326 6520 3363 6520 3364 6520 3326 6521 3364 6521 3327 6521 3327 6522 3364 6522 3365 6522 3327 6523 3365 6523 3328 6523 3328 6524 3365 6524 3366 6524 3328 6525 3366 6525 3329 6525 3329 6526 3366 6526 3367 6526 3329 6527 3367 6527 3330 6527 3330 6528 3367 6528 3368 6528 3330 6529 3368 6529 3331 6529 3331 6530 3368 6530 3369 6530 3331 6531 3369 6531 3332 6531 3332 6532 3369 6532 3370 6532 3332 6533 3370 6533 3333 6533 3333 6534 3370 6534 3371 6534 3333 6535 3371 6535 3334 6535 3334 6536 3371 6536 3372 6536 3334 6537 3372 6537 3335 6537 3335 6538 3372 6538 3373 6538 3335 6539 3373 6539 3336 6539 3336 6540 3373 6540 3374 6540 3336 6541 3374 6541 3337 6541 3337 6542 3374 6542 3375 6542 3337 6543 3375 6543 3338 6543 3338 6544 3375 6544 3376 6544 3338 6545 3376 6545 3339 6545 3339 6546 3376 6546 3377 6546 3339 6547 3377 6547 3340 6547 3340 6548 3377 6548 3378 6548 3340 6549 3378 6549 3341 6549 3341 6550 3378 6550 3379 6550 3341 6551 3379 6551 3342 6551 3342 6552 3379 6552 3380 6552 3342 6553 3380 6553 3343 6553 3343 6554 3380 6554 3381 6554 3343 6555 3381 6555 3344 6555 3344 6556 3381 6556 3382 6556 3344 6557 3382 6557 3345 6557 3345 6558 3382 6558 3383 6558 3345 6559 3383 6559 3346 6559 3346 6560 3383 6560 3384 6560 3346 6561 3384 6561 3347 6561 3347 6562 3384 6562 3385 6562 3347 6563 3385 6563 3348 6563 3348 6564 3385 6564 3386 6564 3348 6565 3386 6565 3349 6565 3349 6566 3386 6566 3387 6566 3349 6567 3387 6567 3350 6567 3350 6568 3387 6568 3388 6568 3350 6569 3388 6569 3351 6569 3351 6570 3388 6570 3352 6570 3388 6571 3389 6571 3352 6571 3352 6572 3389 6572 3390 6572 3352 6573 3390 6573 3353 6573 3353 6574 3390 6574 3391 6574 3353 6575 3391 6575 3354 6575 3354 6576 3391 6576 3392 6576 3354 6577 3392 6577 3355 6577 3355 6578 3392 6578 3393 6578 3355 6579 3393 6579 3356 6579 3356 6580 3393 6580 3394 6580 3356 6581 3394 6581 3357 6581 3357 6582 3394 6582 3395 6582 3357 6583 3395 6583 3358 6583 3358 6584 3395 6584 3396 6584 3358 6585 3396 6585 3359 6585 3359 6586 3396 6586 3397 6586 3359 6587 3397 6587 3360 6587 3360 6588 3397 6588 3398 6588 3360 6589 3398 6589 3361 6589 3361 6590 3398 6590 3399 6590 3361 6591 3399 6591 3362 6591 3362 6592 3399 6592 3400 6592 3362 6593 3400 6593 3363 6593 3363 6594 3400 6594 3401 6594 3363 6595 3401 6595 3364 6595 3364 6596 3401 6596 3402 6596 3364 6597 3402 6597 3365 6597 3365 6598 3402 6598 3403 6598 3365 6599 3403 6599 3366 6599 3366 6600 3403 6600 3404 6600 3366 6601 3404 6601 3367 6601 3367 6602 3404 6602 3405 6602 3367 6603 3405 6603 3368 6603 3368 6604 3405 6604 3406 6604 3368 6605 3406 6605 3369 6605 3369 6606 3406 6606 3407 6606 3369 6607 3407 6607 3370 6607 3370 6608 3407 6608 3408 6608 3370 6609 3408 6609 3371 6609 3371 6610 3408 6610 3409 6610 3371 6611 3409 6611 3372 6611 3372 6612 3409 6612 3410 6612 3372 6613 3410 6613 3373 6613 3373 6614 3410 6614 3411 6614 3373 6615 3411 6615 3374 6615 3374 6616 3411 6616 3412 6616 3374 6617 3412 6617 3375 6617 3375 6618 3412 6618 3413 6618 3375 6619 3413 6619 3376 6619 3376 6620 3413 6620 3414 6620 3376 6621 3414 6621 3377 6621 3377 6622 3414 6622 3415 6622 3377 6623 3415 6623 3378 6623 3378 6624 3415 6624 3416 6624 3378 6625 3416 6625 3379 6625 3379 6626 3416 6626 3417 6626 3379 6627 3417 6627 3380 6627 3380 6628 3417 6628 3418 6628 3380 6629 3418 6629 3381 6629 3381 6630 3418 6630 3419 6630 3381 6631 3419 6631 3382 6631 3382 6632 3419 6632 3420 6632 3382 6633 3420 6633 3383 6633 3383 6634 3420 6634 3421 6634 3383 6635 3421 6635 3384 6635 3384 6636 3421 6636 3422 6636 3384 6637 3422 6637 3385 6637 3385 6638 3422 6638 3423 6638 3385 6639 3423 6639 3386 6639 3386 6640 3423 6640 3424 6640 3386 6641 3424 6641 3387 6641 3387 6642 3424 6642 3425 6642 3387 6643 3425 6643 3388 6643 3388 6644 3425 6644 3389 6644 3425 6645 3426 6645 3389 6645 3389 6646 3426 6646 3427 6646 3389 6647 3427 6647 3390 6647 3390 6648 3427 6648 3428 6648 3390 6649 3428 6649 3391 6649 3391 6650 3428 6650 3429 6650 3391 6651 3429 6651 3392 6651 3392 6652 3429 6652 3430 6652 3392 6653 3430 6653 3393 6653 3393 6654 3430 6654 3431 6654 3393 6655 3431 6655 3394 6655 3394 6656 3431 6656 3432 6656 3394 6657 3432 6657 3395 6657 3395 6658 3432 6658 3433 6658 3395 6659 3433 6659 3396 6659 3396 6660 3433 6660 3434 6660 3396 6661 3434 6661 3397 6661 3397 6662 3434 6662 3435 6662 3397 6663 3435 6663 3398 6663 3398 6664 3435 6664 3436 6664 3398 6665 3436 6665 3399 6665 3399 6666 3436 6666 3437 6666 3399 6667 3437 6667 3400 6667 3400 6668 3437 6668 3438 6668 3400 6669 3438 6669 3401 6669 3401 6670 3438 6670 3439 6670 3401 6671 3439 6671 3402 6671 3402 6672 3439 6672 3440 6672 3402 6673 3440 6673 3403 6673 3403 6674 3440 6674 3441 6674 3403 6675 3441 6675 3404 6675 3404 6676 3441 6676 3442 6676 3404 6677 3442 6677 3405 6677 3405 6678 3442 6678 3443 6678 3405 6679 3443 6679 3406 6679 3406 6680 3443 6680 3444 6680 3406 6681 3444 6681 3407 6681 3407 6682 3444 6682 3445 6682 3407 6683 3445 6683 3408 6683 3408 6684 3445 6684 3446 6684 3408 6685 3446 6685 3409 6685 3409 6686 3446 6686 3447 6686 3409 6687 3447 6687 3410 6687 3410 6688 3447 6688 3448 6688 3410 6689 3448 6689 3411 6689 3411 6690 3448 6690 3449 6690 3411 6691 3449 6691 3412 6691 3412 6692 3449 6692 3450 6692 3412 6693 3450 6693 3413 6693 3413 6694 3450 6694 3451 6694 3413 6695 3451 6695 3414 6695 3414 6696 3451 6696 3452 6696 3414 6697 3452 6697 3415 6697 3415 6698 3452 6698 3453 6698 3415 6699 3453 6699 3416 6699 3416 6700 3453 6700 3454 6700 3416 6701 3454 6701 3417 6701 3417 6702 3454 6702 3455 6702 3417 6703 3455 6703 3418 6703 3418 6704 3455 6704 3456 6704 3418 6705 3456 6705 3419 6705 3419 6706 3456 6706 3457 6706 3419 6707 3457 6707 3420 6707 3420 6708 3457 6708 3458 6708 3420 6709 3458 6709 3421 6709 3421 6710 3458 6710 3459 6710 3421 6711 3459 6711 3422 6711 3422 6712 3459 6712 3460 6712 3422 6713 3460 6713 3423 6713 3423 6714 3460 6714 3461 6714 3423 6715 3461 6715 3424 6715 3424 6716 3461 6716 3462 6716 3424 6717 3462 6717 3425 6717 3425 6718 3462 6718 3426 6718 3462 6719 3463 6719 3426 6719 3426 6720 3463 6720 3464 6720 3426 6721 3464 6721 3427 6721 3427 6722 3464 6722 3465 6722 3427 6723 3465 6723 3428 6723 3428 6724 3465 6724 3466 6724 3428 6725 3466 6725 3429 6725 3429 6726 3466 6726 3467 6726 3429 6727 3467 6727 3430 6727 3430 6728 3467 6728 3468 6728 3430 6729 3468 6729 3431 6729 3431 6730 3468 6730 3469 6730 3431 6731 3469 6731 3432 6731 3432 6732 3469 6732 3470 6732 3432 6733 3470 6733 3433 6733 3433 6734 3470 6734 3471 6734 3433 6735 3471 6735 3434 6735 3434 6736 3471 6736 3472 6736 3434 6737 3472 6737 3435 6737 3435 6738 3472 6738 3473 6738 3435 6739 3473 6739 3436 6739 3436 6740 3473 6740 3474 6740 3436 6741 3474 6741 3437 6741 3437 6742 3474 6742 3475 6742 3437 6743 3475 6743 3438 6743 3438 6744 3475 6744 3476 6744 3438 6745 3476 6745 3439 6745 3439 6746 3476 6746 3477 6746 3439 6747 3477 6747 3440 6747 3440 6748 3477 6748 3478 6748 3440 6749 3478 6749 3441 6749 3441 6750 3478 6750 3479 6750 3441 6751 3479 6751 3442 6751 3442 6752 3479 6752 3480 6752 3442 6753 3480 6753 3443 6753 3443 6754 3480 6754 3481 6754 3443 6755 3481 6755 3444 6755 3444 6756 3481 6756 3482 6756 3444 6757 3482 6757 3445 6757 3445 6758 3482 6758 3483 6758 3445 6759 3483 6759 3446 6759 3446 6760 3483 6760 3484 6760 3446 6761 3484 6761 3447 6761 3447 6762 3484 6762 3485 6762 3447 6763 3485 6763 3448 6763 3448 6764 3485 6764 3486 6764 3448 6765 3486 6765 3449 6765 3449 6766 3486 6766 3487 6766 3449 6767 3487 6767 3450 6767 3450 6768 3487 6768 3488 6768 3450 6769 3488 6769 3451 6769 3451 6770 3488 6770 3489 6770 3451 6771 3489 6771 3452 6771 3452 6772 3489 6772 3490 6772 3452 6773 3490 6773 3453 6773 3453 6774 3490 6774 3491 6774 3453 6775 3491 6775 3454 6775 3454 6776 3491 6776 3492 6776 3454 6777 3492 6777 3455 6777 3455 6778 3492 6778 3493 6778 3455 6779 3493 6779 3456 6779 3456 6780 3493 6780 3494 6780 3456 6781 3494 6781 3457 6781 3457 6782 3494 6782 3495 6782 3457 6783 3495 6783 3458 6783 3458 6784 3495 6784 3496 6784 3458 6785 3496 6785 3459 6785 3459 6786 3496 6786 3497 6786 3459 6787 3497 6787 3460 6787 3460 6788 3497 6788 3498 6788 3460 6789 3498 6789 3461 6789 3461 6790 3498 6790 3499 6790 3461 6791 3499 6791 3462 6791 3462 6792 3499 6792 3463 6792 3499 6793 3500 6793 3463 6793 3463 6794 3500 6794 3501 6794 3463 6795 3501 6795 3464 6795 3464 6796 3501 6796 3502 6796 3464 6797 3502 6797 3465 6797 3465 6798 3502 6798 3503 6798 3465 6799 3503 6799 3466 6799 3466 6800 3503 6800 3504 6800 3466 6801 3504 6801 3467 6801 3467 6802 3504 6802 3505 6802 3467 6803 3505 6803 3468 6803 3468 6804 3505 6804 3506 6804 3468 6805 3506 6805 3469 6805 3469 6806 3506 6806 3507 6806 3469 6807 3507 6807 3470 6807 3470 6808 3507 6808 3508 6808 3470 6809 3508 6809 3471 6809 3471 6810 3508 6810 3509 6810 3471 6811 3509 6811 3472 6811 3472 6812 3509 6812 3510 6812 3472 6813 3510 6813 3473 6813 3473 6814 3510 6814 3511 6814 3473 6815 3511 6815 3474 6815 3474 6816 3511 6816 3512 6816 3474 6817 3512 6817 3475 6817 3475 6818 3512 6818 3513 6818 3475 6819 3513 6819 3476 6819 3476 6820 3513 6820 3514 6820 3476 6821 3514 6821 3477 6821 3477 6822 3514 6822 3515 6822 3477 6823 3515 6823 3478 6823 3478 6824 3515 6824 3516 6824 3478 6825 3516 6825 3479 6825 3479 6826 3516 6826 3517 6826 3479 6827 3517 6827 3480 6827 3480 6828 3517 6828 3518 6828 3480 6829 3518 6829 3481 6829 3481 6830 3518 6830 3519 6830 3481 6831 3519 6831 3482 6831 3482 6832 3519 6832 3520 6832 3482 6833 3520 6833 3483 6833 3483 6834 3520 6834 3521 6834 3483 6835 3521 6835 3484 6835 3484 6836 3521 6836 3522 6836 3484 6837 3522 6837 3485 6837 3485 6838 3522 6838 3523 6838 3485 6839 3523 6839 3486 6839 3486 6840 3523 6840 3524 6840 3486 6841 3524 6841 3487 6841 3487 6842 3524 6842 3525 6842 3487 6843 3525 6843 3488 6843 3488 6844 3525 6844 3526 6844 3488 6845 3526 6845 3489 6845 3489 6846 3526 6846 3527 6846 3489 6847 3527 6847 3490 6847 3490 6848 3527 6848 3528 6848 3490 6849 3528 6849 3491 6849 3491 6850 3528 6850 3529 6850 3491 6851 3529 6851 3492 6851 3492 6852 3529 6852 3530 6852 3492 6853 3530 6853 3493 6853 3493 6854 3530 6854 3531 6854 3493 6855 3531 6855 3494 6855 3494 6856 3531 6856 3532 6856 3494 6857 3532 6857 3495 6857 3495 6858 3532 6858 3533 6858 3495 6859 3533 6859 3496 6859 3496 6860 3533 6860 3534 6860 3496 6861 3534 6861 3497 6861 3497 6862 3534 6862 3535 6862 3497 6863 3535 6863 3498 6863 3498 6864 3535 6864 3536 6864 3498 6865 3536 6865 3499 6865 3499 6866 3536 6866 3500 6866 3536 6867 3537 6867 3500 6867 3500 6868 3537 6868 3538 6868 3500 6869 3538 6869 3501 6869 3501 6870 3538 6870 3539 6870 3501 6871 3539 6871 3502 6871 3502 6872 3539 6872 3540 6872 3502 6873 3540 6873 3503 6873 3503 6874 3540 6874 3541 6874 3503 6875 3541 6875 3504 6875 3504 6876 3541 6876 3542 6876 3504 6877 3542 6877 3505 6877 3505 6878 3542 6878 3543 6878 3505 6879 3543 6879 3506 6879 3506 6880 3543 6880 3544 6880 3506 6881 3544 6881 3507 6881 3507 6882 3544 6882 3545 6882 3507 6883 3545 6883 3508 6883 3508 6884 3545 6884 3546 6884 3508 6885 3546 6885 3509 6885 3509 6886 3546 6886 3547 6886 3509 6887 3547 6887 3510 6887 3510 6888 3547 6888 3548 6888 3510 6889 3548 6889 3511 6889 3511 6890 3548 6890 3549 6890 3511 6891 3549 6891 3512 6891 3512 6892 3549 6892 3550 6892 3512 6893 3550 6893 3513 6893 3513 6894 3550 6894 3551 6894 3513 6895 3551 6895 3514 6895 3514 6896 3551 6896 3552 6896 3514 6897 3552 6897 3515 6897 3515 6898 3552 6898 3553 6898 3515 6899 3553 6899 3516 6899 3516 6900 3553 6900 3554 6900 3516 6901 3554 6901 3517 6901 3517 6902 3554 6902 3555 6902 3517 6903 3555 6903 3518 6903 3518 6904 3555 6904 3556 6904 3518 6905 3556 6905 3519 6905 3519 6906 3556 6906 3557 6906 3519 6907 3557 6907 3520 6907 3520 6908 3557 6908 3558 6908 3520 6909 3558 6909 3521 6909 3521 6910 3558 6910 3559 6910 3521 6911 3559 6911 3522 6911 3522 6912 3559 6912 3560 6912 3522 6913 3560 6913 3523 6913 3523 6914 3560 6914 3561 6914 3523 6915 3561 6915 3524 6915 3524 6916 3561 6916 3562 6916 3524 6917 3562 6917 3525 6917 3525 6918 3562 6918 3563 6918 3525 6919 3563 6919 3526 6919 3526 6920 3563 6920 3564 6920 3526 6921 3564 6921 3527 6921 3527 6922 3564 6922 3565 6922 3527 6923 3565 6923 3528 6923 3528 6924 3565 6924 3566 6924 3528 6925 3566 6925 3529 6925 3529 6926 3566 6926 3567 6926 3529 6927 3567 6927 3530 6927 3530 6928 3567 6928 3568 6928 3530 6929 3568 6929 3531 6929 3531 6930 3568 6930 3569 6930 3531 6931 3569 6931 3532 6931 3532 6932 3569 6932 3570 6932 3532 6933 3570 6933 3533 6933 3533 6934 3570 6934 3571 6934 3533 6935 3571 6935 3534 6935 3534 6936 3571 6936 3572 6936 3534 6937 3572 6937 3535 6937 3535 6938 3572 6938 3573 6938 3535 6939 3573 6939 3536 6939 3536 6940 3573 6940 3537 6940 3573 6941 3574 6941 3537 6941 3537 6942 3574 6942 3575 6942 3537 6943 3575 6943 3538 6943 3538 6944 3575 6944 3576 6944 3538 6945 3576 6945 3539 6945 3539 6946 3576 6946 3577 6946 3539 6947 3577 6947 3540 6947 3540 6948 3577 6948 3578 6948 3540 6949 3578 6949 3541 6949 3541 6950 3578 6950 3579 6950 3541 6951 3579 6951 3542 6951 3542 6952 3579 6952 3580 6952 3542 6953 3580 6953 3543 6953 3543 6954 3580 6954 3581 6954 3543 6955 3581 6955 3544 6955 3544 6956 3581 6956 3582 6956 3544 6957 3582 6957 3545 6957 3545 6958 3582 6958 3583 6958 3545 6959 3583 6959 3546 6959 3546 6960 3583 6960 3584 6960 3546 6961 3584 6961 3547 6961 3547 6962 3584 6962 3585 6962 3547 6963 3585 6963 3548 6963 3548 6964 3585 6964 3586 6964 3548 6965 3586 6965 3549 6965 3549 6966 3586 6966 3587 6966 3549 6967 3587 6967 3550 6967 3550 6968 3587 6968 3588 6968 3550 6969 3588 6969 3551 6969 3551 6970 3588 6970 3589 6970 3551 6971 3589 6971 3552 6971 3552 6972 3589 6972 3590 6972 3552 6973 3590 6973 3553 6973 3553 6974 3590 6974 3591 6974 3553 6975 3591 6975 3554 6975 3554 6976 3591 6976 3592 6976 3554 6977 3592 6977 3555 6977 3555 6978 3592 6978 3593 6978 3555 6979 3593 6979 3556 6979 3556 6980 3593 6980 3594 6980 3556 6981 3594 6981 3557 6981 3557 6982 3594 6982 3595 6982 3557 6983 3595 6983 3558 6983 3558 6984 3595 6984 3596 6984 3558 6985 3596 6985 3559 6985 3559 6986 3596 6986 3597 6986 3559 6987 3597 6987 3560 6987 3560 6988 3597 6988 3598 6988 3560 6989 3598 6989 3561 6989 3561 6990 3598 6990 3599 6990 3561 6991 3599 6991 3562 6991 3562 6992 3599 6992 3600 6992 3562 6993 3600 6993 3563 6993 3563 6994 3600 6994 3601 6994 3563 6995 3601 6995 3564 6995 3564 6996 3601 6996 3602 6996 3564 6997 3602 6997 3565 6997 3565 6998 3602 6998 3603 6998 3565 6999 3603 6999 3566 6999 3566 7000 3603 7000 3604 7000 3566 7001 3604 7001 3567 7001 3567 7002 3604 7002 3605 7002 3567 7003 3605 7003 3568 7003 3568 7004 3605 7004 3606 7004 3568 7005 3606 7005 3569 7005 3569 7006 3606 7006 3607 7006 3569 7007 3607 7007 3570 7007 3570 7008 3607 7008 3608 7008 3570 7009 3608 7009 3571 7009 3571 7010 3608 7010 3609 7010 3571 7011 3609 7011 3572 7011 3572 7012 3609 7012 3610 7012 3572 7013 3610 7013 3573 7013 3573 7014 3610 7014 3574 7014 3610 7015 3611 7015 3574 7015 3574 7016 3611 7016 3612 7016 3574 7017 3612 7017 3575 7017 3575 7018 3612 7018 3613 7018 3575 7019 3613 7019 3576 7019 3576 7020 3613 7020 3614 7020 3576 7021 3614 7021 3577 7021 3577 7022 3614 7022 3615 7022 3577 7023 3615 7023 3578 7023 3578 7024 3615 7024 3616 7024 3578 7025 3616 7025 3579 7025 3579 7026 3616 7026 3617 7026 3579 7027 3617 7027 3580 7027 3580 7028 3617 7028 3618 7028 3580 7029 3618 7029 3581 7029 3581 7030 3618 7030 3619 7030 3581 7031 3619 7031 3582 7031 3582 7032 3619 7032 3620 7032 3582 7033 3620 7033 3583 7033 3583 7034 3620 7034 3621 7034 3583 7035 3621 7035 3584 7035 3584 7036 3621 7036 3622 7036 3584 7037 3622 7037 3585 7037 3585 7038 3622 7038 3623 7038 3585 7039 3623 7039 3586 7039 3586 7040 3623 7040 3624 7040 3586 7041 3624 7041 3587 7041 3587 7042 3624 7042 3625 7042 3587 7043 3625 7043 3588 7043 3588 7044 3625 7044 3626 7044 3588 7045 3626 7045 3589 7045 3589 7046 3626 7046 3627 7046 3589 7047 3627 7047 3590 7047 3590 7048 3627 7048 3628 7048 3590 7049 3628 7049 3591 7049 3591 7050 3628 7050 3629 7050 3591 7051 3629 7051 3592 7051 3592 7052 3629 7052 3630 7052 3592 7053 3630 7053 3593 7053 3593 7054 3630 7054 3631 7054 3593 7055 3631 7055 3594 7055 3594 7056 3631 7056 3632 7056 3594 7057 3632 7057 3595 7057 3595 7058 3632 7058 3633 7058 3595 7059 3633 7059 3596 7059 3596 7060 3633 7060 3634 7060 3596 7061 3634 7061 3597 7061 3597 7062 3634 7062 3635 7062 3597 7063 3635 7063 3598 7063 3598 7064 3635 7064 3636 7064 3598 7065 3636 7065 3599 7065 3599 7066 3636 7066 3637 7066 3599 7067 3637 7067 3600 7067 3600 7068 3637 7068 3638 7068 3600 7069 3638 7069 3601 7069 3601 7070 3638 7070 3639 7070 3601 7071 3639 7071 3602 7071 3602 7072 3639 7072 3640 7072 3602 7073 3640 7073 3603 7073 3603 7074 3640 7074 3641 7074 3603 7075 3641 7075 3604 7075 3604 7076 3641 7076 3642 7076 3604 7077 3642 7077 3605 7077 3605 7078 3642 7078 3643 7078 3605 7079 3643 7079 3606 7079 3606 7080 3643 7080 3644 7080 3606 7081 3644 7081 3607 7081 3607 7082 3644 7082 3645 7082 3607 7083 3645 7083 3608 7083 3608 7084 3645 7084 3646 7084 3608 7085 3646 7085 3609 7085 3609 7086 3646 7086 3647 7086 3609 7087 3647 7087 3610 7087 3610 7088 3647 7088 3611 7088 3647 7089 3648 7089 3611 7089 3611 7090 3648 7090 3649 7090 3611 7091 3649 7091 3612 7091 3612 7092 3649 7092 3650 7092 3612 7093 3650 7093 3613 7093 3613 7094 3650 7094 3651 7094 3613 7095 3651 7095 3614 7095 3614 7096 3651 7096 3652 7096 3614 7097 3652 7097 3615 7097 3615 7098 3652 7098 3653 7098 3615 7099 3653 7099 3616 7099 3616 7100 3653 7100 3654 7100 3616 7101 3654 7101 3617 7101 3617 7102 3654 7102 3655 7102 3617 7103 3655 7103 3618 7103 3618 7104 3655 7104 3656 7104 3618 7105 3656 7105 3619 7105 3619 7106 3656 7106 3657 7106 3619 7107 3657 7107 3620 7107 3620 7108 3657 7108 3658 7108 3620 7109 3658 7109 3621 7109 3621 7110 3658 7110 3659 7110 3621 7111 3659 7111 3622 7111 3622 7112 3659 7112 3660 7112 3622 7113 3660 7113 3623 7113 3623 7114 3660 7114 3661 7114 3623 7115 3661 7115 3624 7115 3624 7116 3661 7116 3662 7116 3624 7117 3662 7117 3625 7117 3625 7118 3662 7118 3663 7118 3625 7119 3663 7119 3626 7119 3626 7120 3663 7120 3664 7120 3626 7121 3664 7121 3627 7121 3627 7122 3664 7122 3665 7122 3627 7123 3665 7123 3628 7123 3628 7124 3665 7124 3666 7124 3628 7125 3666 7125 3629 7125 3629 7126 3666 7126 3667 7126 3629 7127 3667 7127 3630 7127 3630 7128 3667 7128 3668 7128 3630 7129 3668 7129 3631 7129 3631 7130 3668 7130 3669 7130 3631 7131 3669 7131 3632 7131 3632 7132 3669 7132 3670 7132 3632 7133 3670 7133 3633 7133 3633 7134 3670 7134 3671 7134 3633 7135 3671 7135 3634 7135 3634 7136 3671 7136 3672 7136 3634 7137 3672 7137 3635 7137 3635 7138 3672 7138 3673 7138 3635 7139 3673 7139 3636 7139 3636 7140 3673 7140 3674 7140 3636 7141 3674 7141 3637 7141 3637 7142 3674 7142 3675 7142 3637 7143 3675 7143 3638 7143 3638 7144 3675 7144 3676 7144 3638 7145 3676 7145 3639 7145 3639 7146 3676 7146 3677 7146 3639 7147 3677 7147 3640 7147 3640 7148 3677 7148 3678 7148 3640 7149 3678 7149 3641 7149 3641 7150 3678 7150 3679 7150 3641 7151 3679 7151 3642 7151 3642 7152 3679 7152 3680 7152 3642 7153 3680 7153 3643 7153 3643 7154 3680 7154 3681 7154 3643 7155 3681 7155 3644 7155 3644 7156 3681 7156 3682 7156 3644 7157 3682 7157 3645 7157 3645 7158 3682 7158 3683 7158 3645 7159 3683 7159 3646 7159 3646 7160 3683 7160 3684 7160 3646 7161 3684 7161 3647 7161 3647 7162 3684 7162 3648 7162 3239 7163 3240 7163 3666 7163 3666 7164 3240 7164 3241 7164 3666 7165 3241 7165 3667 7165 3667 7166 3241 7166 3242 7166 3667 7167 3242 7167 3668 7167 3668 7168 3242 7168 3243 7168 3668 7169 3243 7169 3669 7169 3669 7170 3243 7170 3244 7170 3669 7171 3244 7171 3670 7171 3670 7172 3244 7172 3245 7172 3670 7173 3245 7173 3671 7173 3671 7174 3245 7174 3246 7174 3671 7175 3246 7175 3672 7175 3672 7176 3246 7176 3247 7176 3672 7177 3247 7177 3673 7177 3673 7178 3247 7178 3248 7178 3673 7179 3248 7179 3674 7179 3674 7180 3248 7180 3249 7180 3674 7181 3249 7181 3675 7181 3675 7182 3249 7182 3250 7182 3675 7183 3250 7183 3676 7183 3676 7184 3250 7184 3251 7184 3676 7185 3251 7185 3677 7185 3677 7186 3251 7186 3252 7186 3677 7187 3252 7187 3678 7187 3678 7188 3252 7188 3253 7188 3678 7189 3253 7189 3679 7189 3679 7190 3253 7190 3254 7190 3679 7191 3254 7191 3680 7191 3680 7192 3254 7192 3255 7192 3680 7193 3255 7193 3681 7193 3681 7194 3255 7194 3256 7194 3681 7195 3256 7195 3682 7195 3682 7196 3256 7196 3257 7196 3682 7197 3257 7197 3683 7197 3683 7198 3257 7198 3258 7198 3683 7199 3258 7199 3684 7199 3684 7200 3258 7200 3259 7200 3684 7201 3259 7201 3648 7201 3648 7202 3259 7202 3260 7202 3648 7203 3260 7203 3649 7203 3649 7204 3260 7204 3261 7204 3649 7205 3261 7205 3650 7205 3650 7206 3261 7206 3262 7206 3650 7207 3262 7207 3651 7207 3651 7208 3262 7208 3263 7208 3651 7209 3263 7209 3652 7209 3652 7210 3263 7210 3264 7210 3652 7211 3264 7211 3653 7211 3653 7212 3264 7212 3265 7212 3653 7213 3265 7213 3654 7213 3654 7214 3265 7214 3266 7214 3654 7215 3266 7215 3655 7215 3655 7216 3266 7216 3267 7216 3655 7217 3267 7217 3656 7217 3656 7218 3267 7218 3268 7218 3656 7219 3268 7219 3657 7219 3657 7220 3268 7220 3269 7220 3657 7221 3269 7221 3658 7221 3658 7222 3269 7222 3270 7222 3658 7223 3270 7223 3659 7223 3659 7224 3270 7224 3271 7224 3659 7225 3271 7225 3660 7225 3660 7226 3271 7226 3272 7226 3660 7227 3272 7227 3661 7227 3661 7228 3272 7228 3273 7228 3661 7229 3273 7229 3662 7229 3662 7230 3273 7230 3274 7230 3662 7231 3274 7231 3663 7231 3663 7232 3274 7232 3275 7232 3663 7233 3275 7233 3664 7233 3664 7234 3275 7234 3276 7234 3664 7235 3276 7235 3665 7235 3665 7236 3276 7236 3239 7236 3665 7237 3239 7237 3666 7237 3685 7238 1447 7238 3686 7238 3686 7239 1447 7239 1445 7239 3686 7240 1445 7240 3687 7240 3687 7241 1445 7241 1444 7241 3687 7242 1444 7242 3688 7242 3688 7243 1444 7243 1517 7243 3688 7244 1517 7244 3689 7244 3689 7245 1517 7245 1515 7245 3689 7246 1515 7246 3690 7246 3690 7247 1515 7247 1513 7247 3690 7248 1513 7248 3691 7248 3691 7249 1513 7249 1511 7249 3691 7250 1511 7250 3692 7250 3692 7251 1511 7251 1509 7251 3692 7252 1509 7252 3693 7252 3693 7253 1509 7253 1507 7253 3693 7254 1507 7254 3694 7254 3694 7255 1507 7255 1505 7255 3694 7256 1505 7256 3695 7256 3695 7257 1505 7257 1503 7257 3695 7258 1503 7258 3696 7258 3696 7259 1503 7259 1501 7259 3696 7260 1501 7260 3697 7260 3697 7261 1501 7261 1499 7261 3697 7262 1499 7262 3698 7262 3698 7263 1499 7263 1497 7263 3698 7264 1497 7264 3699 7264 3699 7265 1497 7265 1495 7265 3699 7266 1495 7266 3700 7266 3700 7267 1495 7267 1493 7267 3700 7268 1493 7268 3701 7268 3701 7269 1493 7269 1491 7269 3701 7270 1491 7270 3702 7270 3702 7271 1491 7271 1489 7271 3702 7272 1489 7272 3703 7272 3703 7273 1489 7273 1487 7273 3703 7274 1487 7274 3704 7274 3704 7275 1487 7275 1485 7275 3704 7276 1485 7276 3705 7276 3705 7277 1485 7277 1483 7277 3705 7278 1483 7278 3706 7278 3706 7279 1483 7279 1481 7279 3706 7280 1481 7280 3707 7280 3707 7281 1481 7281 1479 7281 3707 7282 1479 7282 3708 7282 3708 7283 1479 7283 1477 7283 3708 7284 1477 7284 3709 7284 3709 7285 1477 7285 1475 7285 3709 7286 1475 7286 3710 7286 3710 7287 1475 7287 1473 7287 3710 7288 1473 7288 3711 7288 3711 7289 1473 7289 1471 7289 3711 7290 1471 7290 3712 7290 3712 7291 1471 7291 1469 7291 3712 7292 1469 7292 3713 7292 3713 7293 1469 7293 1467 7293 3713 7294 1467 7294 3714 7294 3714 7295 1467 7295 1465 7295 3714 7296 1465 7296 3715 7296 3715 7297 1465 7297 1463 7297 3715 7298 1463 7298 3716 7298 3716 7299 1463 7299 1461 7299 3716 7300 1461 7300 3717 7300 3717 7301 1461 7301 1459 7301 3717 7302 1459 7302 3718 7302 3718 7303 1459 7303 1457 7303 3718 7304 1457 7304 3719 7304 3719 7305 1457 7305 1455 7305 3719 7306 1455 7306 3720 7306 3720 7307 1455 7307 1453 7307 3720 7308 1453 7308 3721 7308 3721 7309 1453 7309 1451 7309 3721 7310 1451 7310 3722 7310 3722 7311 1451 7311 1449 7311 3722 7312 1449 7312 3685 7312 3685 7313 1449 7313 1447 7313 3723 7314 3724 7314 3725 7314 3726 7315 3727 7315 3725 7315 3725 7316 3727 7316 3728 7316 3725 7317 3728 7317 3723 7317 3729 7318 3730 7318 3725 7318 3725 7319 3730 7319 3731 7319 3725 7320 3731 7320 3726 7320 3732 7321 3733 7321 3725 7321 3725 7322 3733 7322 3734 7322 3725 7323 3734 7323 3729 7323 3735 7324 3736 7324 3725 7324 3725 7325 3736 7325 3737 7325 3725 7326 3737 7326 3732 7326 3738 7327 3739 7327 3725 7327 3725 7328 3739 7328 3740 7328 3725 7329 3740 7329 3735 7329 3741 7330 3742 7330 3725 7330 3725 7331 3742 7331 3743 7331 3725 7332 3743 7332 3738 7332 3744 7333 3745 7333 3725 7333 3725 7334 3745 7334 3746 7334 3725 7335 3746 7335 3741 7335 3747 7336 3748 7336 3725 7336 3725 7337 3748 7337 3749 7337 3725 7338 3749 7338 3744 7338 3750 7339 3751 7339 3725 7339 3725 7340 3751 7340 3752 7340 3725 7341 3752 7341 3747 7341 3753 7342 3754 7342 3725 7342 3725 7343 3754 7343 3755 7343 3725 7344 3755 7344 3750 7344 3756 7345 3757 7345 3725 7345 3725 7346 3757 7346 3758 7346 3725 7347 3758 7347 3753 7347 3724 7348 3759 7348 3725 7348 3725 7349 3759 7349 3760 7349 3725 7350 3760 7350 3756 7350 3723 7351 3761 7351 3724 7351 3724 7352 3761 7352 3762 7352 3724 7353 3762 7353 3759 7353 3759 7354 3762 7354 3763 7354 3759 7355 3763 7355 3760 7355 3760 7356 3763 7356 3764 7356 3760 7357 3764 7357 3756 7357 3756 7358 3764 7358 3765 7358 3756 7359 3765 7359 3757 7359 3757 7360 3765 7360 3766 7360 3757 7361 3766 7361 3758 7361 3758 7362 3766 7362 3767 7362 3758 7363 3767 7363 3753 7363 3753 7364 3767 7364 3768 7364 3753 7365 3768 7365 3754 7365 3754 7366 3768 7366 3769 7366 3754 7367 3769 7367 3755 7367 3755 7368 3769 7368 3770 7368 3755 7369 3770 7369 3750 7369 3750 7370 3770 7370 3771 7370 3750 7371 3771 7371 3751 7371 3751 7372 3771 7372 3772 7372 3751 7373 3772 7373 3752 7373 3752 7374 3772 7374 3773 7374 3752 7375 3773 7375 3747 7375 3747 7376 3773 7376 3774 7376 3747 7377 3774 7377 3748 7377 3748 7378 3774 7378 3775 7378 3748 7379 3775 7379 3749 7379 3749 7380 3775 7380 3776 7380 3749 7381 3776 7381 3744 7381 3744 7382 3776 7382 3777 7382 3744 7383 3777 7383 3745 7383 3745 7384 3777 7384 3778 7384 3745 7385 3778 7385 3746 7385 3746 7386 3778 7386 3779 7386 3746 7387 3779 7387 3741 7387 3741 7388 3779 7388 3780 7388 3741 7389 3780 7389 3742 7389 3742 7390 3780 7390 3781 7390 3742 7391 3781 7391 3743 7391 3743 7392 3781 7392 3782 7392 3743 7393 3782 7393 3738 7393 3738 7394 3782 7394 3783 7394 3738 7395 3783 7395 3739 7395 3739 7396 3783 7396 3784 7396 3739 7397 3784 7397 3740 7397 3740 7398 3784 7398 3785 7398 3740 7399 3785 7399 3735 7399 3735 7400 3785 7400 3786 7400 3735 7401 3786 7401 3736 7401 3736 7402 3786 7402 3787 7402 3736 7403 3787 7403 3737 7403 3737 7404 3787 7404 3788 7404 3737 7405 3788 7405 3732 7405 3732 7406 3788 7406 3789 7406 3732 7407 3789 7407 3733 7407 3733 7408 3789 7408 3790 7408 3733 7409 3790 7409 3734 7409 3734 7410 3790 7410 3791 7410 3734 7411 3791 7411 3729 7411 3729 7412 3791 7412 3792 7412 3729 7413 3792 7413 3730 7413 3730 7414 3792 7414 3793 7414 3730 7415 3793 7415 3731 7415 3731 7416 3793 7416 3794 7416 3731 7417 3794 7417 3726 7417 3726 7418 3794 7418 3795 7418 3726 7419 3795 7419 3727 7419 3727 7420 3795 7420 3796 7420 3727 7421 3796 7421 3728 7421 3728 7422 3796 7422 3797 7422 3728 7423 3797 7423 3723 7423 3723 7424 3797 7424 3761 7424 3797 7425 3798 7425 3761 7425 3761 7426 3798 7426 3799 7426 3761 7427 3799 7427 3762 7427 3762 7428 3799 7428 3800 7428 3762 7429 3800 7429 3763 7429 3763 7430 3800 7430 3801 7430 3763 7431 3801 7431 3764 7431 3764 7432 3801 7432 3802 7432 3764 7433 3802 7433 3765 7433 3765 7434 3802 7434 3803 7434 3765 7435 3803 7435 3766 7435 3766 7436 3803 7436 3804 7436 3766 7437 3804 7437 3767 7437 3767 7438 3804 7438 3805 7438 3767 7439 3805 7439 3768 7439 3768 7440 3805 7440 3806 7440 3768 7441 3806 7441 3769 7441 3769 7442 3806 7442 3807 7442 3769 7443 3807 7443 3770 7443 3770 7444 3807 7444 3808 7444 3770 7445 3808 7445 3771 7445 3771 7446 3808 7446 3809 7446 3771 7447 3809 7447 3772 7447 3772 7448 3809 7448 3810 7448 3772 7449 3810 7449 3773 7449 3773 7450 3810 7450 3811 7450 3773 7451 3811 7451 3774 7451 3774 7452 3811 7452 3812 7452 3774 7453 3812 7453 3775 7453 3775 7454 3812 7454 3813 7454 3775 7455 3813 7455 3776 7455 3776 7456 3813 7456 3814 7456 3776 7457 3814 7457 3777 7457 3777 7458 3814 7458 3815 7458 3777 7459 3815 7459 3778 7459 3778 7460 3815 7460 3816 7460 3778 7461 3816 7461 3779 7461 3779 7462 3816 7462 3817 7462 3779 7463 3817 7463 3780 7463 3780 7464 3817 7464 3818 7464 3780 7465 3818 7465 3781 7465 3781 7466 3818 7466 3819 7466 3781 7467 3819 7467 3782 7467 3782 7468 3819 7468 3820 7468 3782 7469 3820 7469 3783 7469 3783 7470 3820 7470 3821 7470 3783 7471 3821 7471 3784 7471 3784 7472 3821 7472 3822 7472 3784 7473 3822 7473 3785 7473 3785 7474 3822 7474 3823 7474 3785 7475 3823 7475 3786 7475 3786 7476 3823 7476 3824 7476 3786 7477 3824 7477 3787 7477 3787 7478 3824 7478 3825 7478 3787 7479 3825 7479 3788 7479 3788 7480 3825 7480 3826 7480 3788 7481 3826 7481 3789 7481 3789 7482 3826 7482 3827 7482 3789 7483 3827 7483 3790 7483 3790 7484 3827 7484 3828 7484 3790 7485 3828 7485 3791 7485 3791 7486 3828 7486 3829 7486 3791 7487 3829 7487 3792 7487 3792 7488 3829 7488 3830 7488 3792 7489 3830 7489 3793 7489 3793 7490 3830 7490 3831 7490 3793 7491 3831 7491 3794 7491 3794 7492 3831 7492 3832 7492 3794 7493 3832 7493 3795 7493 3795 7494 3832 7494 3833 7494 3795 7495 3833 7495 3796 7495 3796 7496 3833 7496 3834 7496 3796 7497 3834 7497 3797 7497 3797 7498 3834 7498 3798 7498 3834 7499 3835 7499 3798 7499 3798 7500 3835 7500 3836 7500 3798 7501 3836 7501 3799 7501 3799 7502 3836 7502 3837 7502 3799 7503 3837 7503 3800 7503 3800 7504 3837 7504 3838 7504 3800 7505 3838 7505 3801 7505 3801 7506 3838 7506 3839 7506 3801 7507 3839 7507 3802 7507 3802 7508 3839 7508 3840 7508 3802 7509 3840 7509 3803 7509 3803 7510 3840 7510 3841 7510 3803 7511 3841 7511 3804 7511 3804 7512 3841 7512 3842 7512 3804 7513 3842 7513 3805 7513 3805 7514 3842 7514 3843 7514 3805 7515 3843 7515 3806 7515 3806 7516 3843 7516 3844 7516 3806 7517 3844 7517 3807 7517 3807 7518 3844 7518 3845 7518 3807 7519 3845 7519 3808 7519 3808 7520 3845 7520 3846 7520 3808 7521 3846 7521 3809 7521 3809 7522 3846 7522 3847 7522 3809 7523 3847 7523 3810 7523 3810 7524 3847 7524 3848 7524 3810 7525 3848 7525 3811 7525 3811 7526 3848 7526 3849 7526 3811 7527 3849 7527 3812 7527 3812 7528 3849 7528 3850 7528 3812 7529 3850 7529 3813 7529 3813 7530 3850 7530 3851 7530 3813 7531 3851 7531 3814 7531 3814 7532 3851 7532 3852 7532 3814 7533 3852 7533 3815 7533 3815 7534 3852 7534 3853 7534 3815 7535 3853 7535 3816 7535 3816 7536 3853 7536 3854 7536 3816 7537 3854 7537 3817 7537 3817 7538 3854 7538 3855 7538 3817 7539 3855 7539 3818 7539 3818 7540 3855 7540 3856 7540 3818 7541 3856 7541 3819 7541 3819 7542 3856 7542 3857 7542 3819 7543 3857 7543 3820 7543 3820 7544 3857 7544 3858 7544 3820 7545 3858 7545 3821 7545 3821 7546 3858 7546 3859 7546 3821 7547 3859 7547 3822 7547 3822 7548 3859 7548 3860 7548 3822 7549 3860 7549 3823 7549 3823 7550 3860 7550 3861 7550 3823 7551 3861 7551 3824 7551 3824 7552 3861 7552 3862 7552 3824 7553 3862 7553 3825 7553 3825 7554 3862 7554 3863 7554 3825 7555 3863 7555 3826 7555 3826 7556 3863 7556 3864 7556 3826 7557 3864 7557 3827 7557 3827 7558 3864 7558 3865 7558 3827 7559 3865 7559 3828 7559 3828 7560 3865 7560 3866 7560 3828 7561 3866 7561 3829 7561 3829 7562 3866 7562 3867 7562 3829 7563 3867 7563 3830 7563 3830 7564 3867 7564 3868 7564 3830 7565 3868 7565 3831 7565 3831 7566 3868 7566 3869 7566 3831 7567 3869 7567 3832 7567 3832 7568 3869 7568 3870 7568 3832 7569 3870 7569 3833 7569 3833 7570 3870 7570 3871 7570 3833 7571 3871 7571 3834 7571 3834 7572 3871 7572 3835 7572 3871 7573 3872 7573 3835 7573 3835 7574 3872 7574 3873 7574 3835 7575 3873 7575 3836 7575 3836 7576 3873 7576 3874 7576 3836 7577 3874 7577 3837 7577 3837 7578 3874 7578 3875 7578 3837 7579 3875 7579 3838 7579 3838 7580 3875 7580 3876 7580 3838 7581 3876 7581 3839 7581 3839 7582 3876 7582 3877 7582 3839 7583 3877 7583 3840 7583 3840 7584 3877 7584 3878 7584 3840 7585 3878 7585 3841 7585 3841 7586 3878 7586 3879 7586 3841 7587 3879 7587 3842 7587 3842 7588 3879 7588 3880 7588 3842 7589 3880 7589 3843 7589 3843 7590 3880 7590 3881 7590 3843 7591 3881 7591 3844 7591 3844 7592 3881 7592 3882 7592 3844 7593 3882 7593 3845 7593 3845 7594 3882 7594 3883 7594 3845 7595 3883 7595 3846 7595 3846 7596 3883 7596 3884 7596 3846 7597 3884 7597 3847 7597 3847 7598 3884 7598 3885 7598 3847 7599 3885 7599 3848 7599 3848 7600 3885 7600 3886 7600 3848 7601 3886 7601 3849 7601 3849 7602 3886 7602 3887 7602 3849 7603 3887 7603 3850 7603 3850 7604 3887 7604 3888 7604 3850 7605 3888 7605 3851 7605 3851 7606 3888 7606 3889 7606 3851 7607 3889 7607 3852 7607 3852 7608 3889 7608 3890 7608 3852 7609 3890 7609 3853 7609 3853 7610 3890 7610 3891 7610 3853 7611 3891 7611 3854 7611 3854 7612 3891 7612 3892 7612 3854 7613 3892 7613 3855 7613 3855 7614 3892 7614 3893 7614 3855 7615 3893 7615 3856 7615 3856 7616 3893 7616 3894 7616 3856 7617 3894 7617 3857 7617 3857 7618 3894 7618 3895 7618 3857 7619 3895 7619 3858 7619 3858 7620 3895 7620 3896 7620 3858 7621 3896 7621 3859 7621 3859 7622 3896 7622 3897 7622 3859 7623 3897 7623 3860 7623 3860 7624 3897 7624 3898 7624 3860 7625 3898 7625 3861 7625 3861 7626 3898 7626 3899 7626 3861 7627 3899 7627 3862 7627 3862 7628 3899 7628 3900 7628 3862 7629 3900 7629 3863 7629 3863 7630 3900 7630 3901 7630 3863 7631 3901 7631 3864 7631 3864 7632 3901 7632 3902 7632 3864 7633 3902 7633 3865 7633 3865 7634 3902 7634 3903 7634 3865 7635 3903 7635 3866 7635 3866 7636 3903 7636 3904 7636 3866 7637 3904 7637 3867 7637 3867 7638 3904 7638 3905 7638 3867 7639 3905 7639 3868 7639 3868 7640 3905 7640 3906 7640 3868 7641 3906 7641 3869 7641 3869 7642 3906 7642 3907 7642 3869 7643 3907 7643 3870 7643 3870 7644 3907 7644 3908 7644 3870 7645 3908 7645 3871 7645 3871 7646 3908 7646 3872 7646 3908 7647 3909 7647 3872 7647 3872 7648 3909 7648 3910 7648 3872 7649 3910 7649 3873 7649 3873 7650 3910 7650 3911 7650 3873 7651 3911 7651 3874 7651 3874 7652 3911 7652 3912 7652 3874 7653 3912 7653 3875 7653 3875 7654 3912 7654 3913 7654 3875 7655 3913 7655 3876 7655 3876 7656 3913 7656 3914 7656 3876 7657 3914 7657 3877 7657 3877 7658 3914 7658 3915 7658 3877 7659 3915 7659 3878 7659 3878 7660 3915 7660 3916 7660 3878 7661 3916 7661 3879 7661 3879 7662 3916 7662 3917 7662 3879 7663 3917 7663 3880 7663 3880 7664 3917 7664 3918 7664 3880 7665 3918 7665 3881 7665 3881 7666 3918 7666 3919 7666 3881 7667 3919 7667 3882 7667 3882 7668 3919 7668 3920 7668 3882 7669 3920 7669 3883 7669 3883 7670 3920 7670 3921 7670 3883 7671 3921 7671 3884 7671 3884 7672 3921 7672 3922 7672 3884 7673 3922 7673 3885 7673 3885 7674 3922 7674 3923 7674 3885 7675 3923 7675 3886 7675 3886 7676 3923 7676 3924 7676 3886 7677 3924 7677 3887 7677 3887 7678 3924 7678 3925 7678 3887 7679 3925 7679 3888 7679 3888 7680 3925 7680 3926 7680 3888 7681 3926 7681 3889 7681 3889 7682 3926 7682 3927 7682 3889 7683 3927 7683 3890 7683 3890 7684 3927 7684 3928 7684 3890 7685 3928 7685 3891 7685 3891 7686 3928 7686 3929 7686 3891 7687 3929 7687 3892 7687 3892 7688 3929 7688 3930 7688 3892 7689 3930 7689 3893 7689 3893 7690 3930 7690 3931 7690 3893 7691 3931 7691 3894 7691 3894 7692 3931 7692 3932 7692 3894 7693 3932 7693 3895 7693 3895 7694 3932 7694 3933 7694 3895 7695 3933 7695 3896 7695 3896 7696 3933 7696 3934 7696 3896 7697 3934 7697 3897 7697 3897 7698 3934 7698 3935 7698 3897 7699 3935 7699 3898 7699 3898 7700 3935 7700 3936 7700 3898 7701 3936 7701 3899 7701 3899 7702 3936 7702 3937 7702 3899 7703 3937 7703 3900 7703 3900 7704 3937 7704 3938 7704 3900 7705 3938 7705 3901 7705 3901 7706 3938 7706 3939 7706 3901 7707 3939 7707 3902 7707 3902 7708 3939 7708 3940 7708 3902 7709 3940 7709 3903 7709 3903 7710 3940 7710 3941 7710 3903 7711 3941 7711 3904 7711 3904 7712 3941 7712 3942 7712 3904 7713 3942 7713 3905 7713 3905 7714 3942 7714 3943 7714 3905 7715 3943 7715 3906 7715 3906 7716 3943 7716 3944 7716 3906 7717 3944 7717 3907 7717 3907 7718 3944 7718 3945 7718 3907 7719 3945 7719 3908 7719 3908 7720 3945 7720 3909 7720 3945 7721 3946 7721 3909 7721 3909 7722 3946 7722 3947 7722 3909 7723 3947 7723 3910 7723 3910 7724 3947 7724 3948 7724 3910 7725 3948 7725 3911 7725 3911 7726 3948 7726 3949 7726 3911 7727 3949 7727 3912 7727 3912 7728 3949 7728 3950 7728 3912 7729 3950 7729 3913 7729 3913 7730 3950 7730 3951 7730 3913 7731 3951 7731 3914 7731 3914 7732 3951 7732 3952 7732 3914 7733 3952 7733 3915 7733 3915 7734 3952 7734 3953 7734 3915 7735 3953 7735 3916 7735 3916 7736 3953 7736 3954 7736 3916 7737 3954 7737 3917 7737 3917 7738 3954 7738 3955 7738 3917 7739 3955 7739 3918 7739 3918 7740 3955 7740 3956 7740 3918 7741 3956 7741 3919 7741 3919 7742 3956 7742 3957 7742 3919 7743 3957 7743 3920 7743 3920 7744 3957 7744 3958 7744 3920 7745 3958 7745 3921 7745 3921 7746 3958 7746 3959 7746 3921 7747 3959 7747 3922 7747 3922 7748 3959 7748 3960 7748 3922 7749 3960 7749 3923 7749 3923 7750 3960 7750 3961 7750 3923 7751 3961 7751 3924 7751 3924 7752 3961 7752 3962 7752 3924 7753 3962 7753 3925 7753 3925 7754 3962 7754 3963 7754 3925 7755 3963 7755 3926 7755 3926 7756 3963 7756 3964 7756 3926 7757 3964 7757 3927 7757 3927 7758 3964 7758 3965 7758 3927 7759 3965 7759 3928 7759 3928 7760 3965 7760 3966 7760 3928 7761 3966 7761 3929 7761 3929 7762 3966 7762 3967 7762 3929 7763 3967 7763 3930 7763 3930 7764 3967 7764 3968 7764 3930 7765 3968 7765 3931 7765 3931 7766 3968 7766 3969 7766 3931 7767 3969 7767 3932 7767 3932 7768 3969 7768 3970 7768 3932 7769 3970 7769 3933 7769 3933 7770 3970 7770 3971 7770 3933 7771 3971 7771 3934 7771 3934 7772 3971 7772 3972 7772 3934 7773 3972 7773 3935 7773 3935 7774 3972 7774 3973 7774 3935 7775 3973 7775 3936 7775 3936 7776 3973 7776 3974 7776 3936 7777 3974 7777 3937 7777 3937 7778 3974 7778 3975 7778 3937 7779 3975 7779 3938 7779 3938 7780 3975 7780 3976 7780 3938 7781 3976 7781 3939 7781 3939 7782 3976 7782 3977 7782 3939 7783 3977 7783 3940 7783 3940 7784 3977 7784 3978 7784 3940 7785 3978 7785 3941 7785 3941 7786 3978 7786 3979 7786 3941 7787 3979 7787 3942 7787 3942 7788 3979 7788 3980 7788 3942 7789 3980 7789 3943 7789 3943 7790 3980 7790 3981 7790 3943 7791 3981 7791 3944 7791 3944 7792 3981 7792 3982 7792 3944 7793 3982 7793 3945 7793 3945 7794 3982 7794 3946 7794 3982 7795 3983 7795 3946 7795 3946 7796 3983 7796 3984 7796 3946 7797 3984 7797 3947 7797 3947 7798 3984 7798 3985 7798 3947 7799 3985 7799 3948 7799 3948 7800 3985 7800 3986 7800 3948 7801 3986 7801 3949 7801 3949 7802 3986 7802 3987 7802 3949 7803 3987 7803 3950 7803 3950 7804 3987 7804 3988 7804 3950 7805 3988 7805 3951 7805 3951 7806 3988 7806 3989 7806 3951 7807 3989 7807 3952 7807 3952 7808 3989 7808 3990 7808 3952 7809 3990 7809 3953 7809 3953 7810 3990 7810 3991 7810 3953 7811 3991 7811 3954 7811 3954 7812 3991 7812 3992 7812 3954 7813 3992 7813 3955 7813 3955 7814 3992 7814 3993 7814 3955 7815 3993 7815 3956 7815 3956 7816 3993 7816 3994 7816 3956 7817 3994 7817 3957 7817 3957 7818 3994 7818 3995 7818 3957 7819 3995 7819 3958 7819 3958 7820 3995 7820 3996 7820 3958 7821 3996 7821 3959 7821 3959 7822 3996 7822 3997 7822 3959 7823 3997 7823 3960 7823 3960 7824 3997 7824 3998 7824 3960 7825 3998 7825 3961 7825 3961 7826 3998 7826 3999 7826 3961 7827 3999 7827 3962 7827 3962 7828 3999 7828 4000 7828 3962 7829 4000 7829 3963 7829 3963 7830 4000 7830 4001 7830 3963 7831 4001 7831 3964 7831 3964 7832 4001 7832 4002 7832 3964 7833 4002 7833 3965 7833 3965 7834 4002 7834 4003 7834 3965 7835 4003 7835 3966 7835 3966 7836 4003 7836 4004 7836 3966 7837 4004 7837 3967 7837 3967 7838 4004 7838 4005 7838 3967 7839 4005 7839 3968 7839 3968 7840 4005 7840 4006 7840 3968 7841 4006 7841 3969 7841 3969 7842 4006 7842 4007 7842 3969 7843 4007 7843 3970 7843 3970 7844 4007 7844 4008 7844 3970 7845 4008 7845 3971 7845 3971 7846 4008 7846 4009 7846 3971 7847 4009 7847 3972 7847 3972 7848 4009 7848 4010 7848 3972 7849 4010 7849 3973 7849 3973 7850 4010 7850 4011 7850 3973 7851 4011 7851 3974 7851 3974 7852 4011 7852 4012 7852 3974 7853 4012 7853 3975 7853 3975 7854 4012 7854 4013 7854 3975 7855 4013 7855 3976 7855 3976 7856 4013 7856 4014 7856 3976 7857 4014 7857 3977 7857 3977 7858 4014 7858 4015 7858 3977 7859 4015 7859 3978 7859 3978 7860 4015 7860 4016 7860 3978 7861 4016 7861 3979 7861 3979 7862 4016 7862 4017 7862 3979 7863 4017 7863 3980 7863 3980 7864 4017 7864 4018 7864 3980 7865 4018 7865 3981 7865 3981 7866 4018 7866 4019 7866 3981 7867 4019 7867 3982 7867 3982 7868 4019 7868 3983 7868 4019 7869 4020 7869 3983 7869 3983 7870 4020 7870 4021 7870 3983 7871 4021 7871 3984 7871 3984 7872 4021 7872 4022 7872 3984 7873 4022 7873 3985 7873 3985 7874 4022 7874 4023 7874 3985 7875 4023 7875 3986 7875 3986 7876 4023 7876 4024 7876 3986 7877 4024 7877 3987 7877 3987 7878 4024 7878 4025 7878 3987 7879 4025 7879 3988 7879 3988 7880 4025 7880 4026 7880 3988 7881 4026 7881 3989 7881 3989 7882 4026 7882 4027 7882 3989 7883 4027 7883 3990 7883 3990 7884 4027 7884 4028 7884 3990 7885 4028 7885 3991 7885 3991 7886 4028 7886 4029 7886 3991 7887 4029 7887 3992 7887 3992 7888 4029 7888 4030 7888 3992 7889 4030 7889 3993 7889 3993 7890 4030 7890 4031 7890 3993 7891 4031 7891 3994 7891 3994 7892 4031 7892 4032 7892 3994 7893 4032 7893 3995 7893 3995 7894 4032 7894 4033 7894 3995 7895 4033 7895 3996 7895 3996 7896 4033 7896 4034 7896 3996 7897 4034 7897 3997 7897 3997 7898 4034 7898 4035 7898 3997 7899 4035 7899 3998 7899 3998 7900 4035 7900 4036 7900 3998 7901 4036 7901 3999 7901 3999 7902 4036 7902 4037 7902 3999 7903 4037 7903 4000 7903 4000 7904 4037 7904 4038 7904 4000 7905 4038 7905 4001 7905 4001 7906 4038 7906 4039 7906 4001 7907 4039 7907 4002 7907 4002 7908 4039 7908 4040 7908 4002 7909 4040 7909 4003 7909 4003 7910 4040 7910 4041 7910 4003 7911 4041 7911 4004 7911 4004 7912 4041 7912 4042 7912 4004 7913 4042 7913 4005 7913 4005 7914 4042 7914 4043 7914 4005 7915 4043 7915 4006 7915 4006 7916 4043 7916 4044 7916 4006 7917 4044 7917 4007 7917 4007 7918 4044 7918 4045 7918 4007 7919 4045 7919 4008 7919 4008 7920 4045 7920 4046 7920 4008 7921 4046 7921 4009 7921 4009 7922 4046 7922 4047 7922 4009 7923 4047 7923 4010 7923 4010 7924 4047 7924 4048 7924 4010 7925 4048 7925 4011 7925 4011 7926 4048 7926 4049 7926 4011 7927 4049 7927 4012 7927 4012 7928 4049 7928 4050 7928 4012 7929 4050 7929 4013 7929 4013 7930 4050 7930 4051 7930 4013 7931 4051 7931 4014 7931 4014 7932 4051 7932 4052 7932 4014 7933 4052 7933 4015 7933 4015 7934 4052 7934 4053 7934 4015 7935 4053 7935 4016 7935 4016 7936 4053 7936 4054 7936 4016 7937 4054 7937 4017 7937 4017 7938 4054 7938 4055 7938 4017 7939 4055 7939 4018 7939 4018 7940 4055 7940 4056 7940 4018 7941 4056 7941 4019 7941 4019 7942 4056 7942 4020 7942 4056 7943 4057 7943 4020 7943 4020 7944 4057 7944 4058 7944 4020 7945 4058 7945 4021 7945 4021 7946 4058 7946 4059 7946 4021 7947 4059 7947 4022 7947 4022 7948 4059 7948 4060 7948 4022 7949 4060 7949 4023 7949 4023 7950 4060 7950 4061 7950 4023 7951 4061 7951 4024 7951 4024 7952 4061 7952 4062 7952 4024 7953 4062 7953 4025 7953 4025 7954 4062 7954 4063 7954 4025 7955 4063 7955 4026 7955 4026 7956 4063 7956 4064 7956 4026 7957 4064 7957 4027 7957 4027 7958 4064 7958 4065 7958 4027 7959 4065 7959 4028 7959 4028 7960 4065 7960 4066 7960 4028 7961 4066 7961 4029 7961 4029 7962 4066 7962 4067 7962 4029 7963 4067 7963 4030 7963 4030 7964 4067 7964 4068 7964 4030 7965 4068 7965 4031 7965 4031 7966 4068 7966 4069 7966 4031 7967 4069 7967 4032 7967 4032 7968 4069 7968 4070 7968 4032 7969 4070 7969 4033 7969 4033 7970 4070 7970 4071 7970 4033 7971 4071 7971 4034 7971 4034 7972 4071 7972 4072 7972 4034 7973 4072 7973 4035 7973 4035 7974 4072 7974 4073 7974 4035 7975 4073 7975 4036 7975 4036 7976 4073 7976 4074 7976 4036 7977 4074 7977 4037 7977 4037 7978 4074 7978 4075 7978 4037 7979 4075 7979 4038 7979 4038 7980 4075 7980 4076 7980 4038 7981 4076 7981 4039 7981 4039 7982 4076 7982 4077 7982 4039 7983 4077 7983 4040 7983 4040 7984 4077 7984 4078 7984 4040 7985 4078 7985 4041 7985 4041 7986 4078 7986 4079 7986 4041 7987 4079 7987 4042 7987 4042 7988 4079 7988 4080 7988 4042 7989 4080 7989 4043 7989 4043 7990 4080 7990 4081 7990 4043 7991 4081 7991 4044 7991 4044 7992 4081 7992 4082 7992 4044 7993 4082 7993 4045 7993 4045 7994 4082 7994 4083 7994 4045 7995 4083 7995 4046 7995 4046 7996 4083 7996 4084 7996 4046 7997 4084 7997 4047 7997 4047 7998 4084 7998 4085 7998 4047 7999 4085 7999 4048 7999 4048 8000 4085 8000 4086 8000 4048 8001 4086 8001 4049 8001 4049 8002 4086 8002 4087 8002 4049 8003 4087 8003 4050 8003 4050 8004 4087 8004 4088 8004 4050 8005 4088 8005 4051 8005 4051 8006 4088 8006 4089 8006 4051 8007 4089 8007 4052 8007 4052 8008 4089 8008 4090 8008 4052 8009 4090 8009 4053 8009 4053 8010 4090 8010 4091 8010 4053 8011 4091 8011 4054 8011 4054 8012 4091 8012 4092 8012 4054 8013 4092 8013 4055 8013 4055 8014 4092 8014 4093 8014 4055 8015 4093 8015 4056 8015 4056 8016 4093 8016 4057 8016 4093 8017 4094 8017 4057 8017 4057 8018 4094 8018 4095 8018 4057 8019 4095 8019 4058 8019 4058 8020 4095 8020 4096 8020 4058 8021 4096 8021 4059 8021 4059 8022 4096 8022 4097 8022 4059 8023 4097 8023 4060 8023 4060 8024 4097 8024 4098 8024 4060 8025 4098 8025 4061 8025 4061 8026 4098 8026 4099 8026 4061 8027 4099 8027 4062 8027 4062 8028 4099 8028 4100 8028 4062 8029 4100 8029 4063 8029 4063 8030 4100 8030 4101 8030 4063 8031 4101 8031 4064 8031 4064 8032 4101 8032 4102 8032 4064 8033 4102 8033 4065 8033 4065 8034 4102 8034 4103 8034 4065 8035 4103 8035 4066 8035 4066 8036 4103 8036 4104 8036 4066 8037 4104 8037 4067 8037 4067 8038 4104 8038 4105 8038 4067 8039 4105 8039 4068 8039 4068 8040 4105 8040 4106 8040 4068 8041 4106 8041 4069 8041 4069 8042 4106 8042 4107 8042 4069 8043 4107 8043 4070 8043 4070 8044 4107 8044 4108 8044 4070 8045 4108 8045 4071 8045 4071 8046 4108 8046 4109 8046 4071 8047 4109 8047 4072 8047 4072 8048 4109 8048 4110 8048 4072 8049 4110 8049 4073 8049 4073 8050 4110 8050 4111 8050 4073 8051 4111 8051 4074 8051 4074 8052 4111 8052 4112 8052 4074 8053 4112 8053 4075 8053 4075 8054 4112 8054 4113 8054 4075 8055 4113 8055 4076 8055 4076 8056 4113 8056 4114 8056 4076 8057 4114 8057 4077 8057 4077 8058 4114 8058 4115 8058 4077 8059 4115 8059 4078 8059 4078 8060 4115 8060 4116 8060 4078 8061 4116 8061 4079 8061 4079 8062 4116 8062 4117 8062 4079 8063 4117 8063 4080 8063 4080 8064 4117 8064 4118 8064 4080 8065 4118 8065 4081 8065 4081 8066 4118 8066 4119 8066 4081 8067 4119 8067 4082 8067 4082 8068 4119 8068 4120 8068 4082 8069 4120 8069 4083 8069 4083 8070 4120 8070 4121 8070 4083 8071 4121 8071 4084 8071 4084 8072 4121 8072 4122 8072 4084 8073 4122 8073 4085 8073 4085 8074 4122 8074 4123 8074 4085 8075 4123 8075 4086 8075 4086 8076 4123 8076 4124 8076 4086 8077 4124 8077 4087 8077 4087 8078 4124 8078 4125 8078 4087 8079 4125 8079 4088 8079 4088 8080 4125 8080 4126 8080 4088 8081 4126 8081 4089 8081 4089 8082 4126 8082 4127 8082 4089 8083 4127 8083 4090 8083 4090 8084 4127 8084 4128 8084 4090 8085 4128 8085 4091 8085 4091 8086 4128 8086 4129 8086 4091 8087 4129 8087 4092 8087 4092 8088 4129 8088 4130 8088 4092 8089 4130 8089 4093 8089 4093 8090 4130 8090 4094 8090 3685 8091 3686 8091 4112 8091 4112 8092 3686 8092 3687 8092 4112 8093 3687 8093 4113 8093 4113 8094 3687 8094 3688 8094 4113 8095 3688 8095 4114 8095 4114 8096 3688 8096 3689 8096 4114 8097 3689 8097 4115 8097 4115 8098 3689 8098 3690 8098 4115 8099 3690 8099 4116 8099 4116 8100 3690 8100 3691 8100 4116 8101 3691 8101 4117 8101 4117 8102 3691 8102 3692 8102 4117 8103 3692 8103 4118 8103 4118 8104 3692 8104 3693 8104 4118 8105 3693 8105 4119 8105 4119 8106 3693 8106 3694 8106 4119 8107 3694 8107 4120 8107 4120 8108 3694 8108 3695 8108 4120 8109 3695 8109 4121 8109 4121 8110 3695 8110 3696 8110 4121 8111 3696 8111 4122 8111 4122 8112 3696 8112 3697 8112 4122 8113 3697 8113 4123 8113 4123 8114 3697 8114 3698 8114 4123 8115 3698 8115 4124 8115 4124 8116 3698 8116 3699 8116 4124 8117 3699 8117 4125 8117 4125 8118 3699 8118 3700 8118 4125 8119 3700 8119 4126 8119 4126 8120 3700 8120 3701 8120 4126 8121 3701 8121 4127 8121 4127 8122 3701 8122 3702 8122 4127 8123 3702 8123 4128 8123 4128 8124 3702 8124 3703 8124 4128 8125 3703 8125 4129 8125 4129 8126 3703 8126 3704 8126 4129 8127 3704 8127 4130 8127 4130 8128 3704 8128 3705 8128 4130 8129 3705 8129 4094 8129 4094 8130 3705 8130 3706 8130 4094 8131 3706 8131 4095 8131 4095 8132 3706 8132 3707 8132 4095 8133 3707 8133 4096 8133 4096 8134 3707 8134 3708 8134 4096 8135 3708 8135 4097 8135 4097 8136 3708 8136 3709 8136 4097 8137 3709 8137 4098 8137 4098 8138 3709 8138 3710 8138 4098 8139 3710 8139 4099 8139 4099 8140 3710 8140 3711 8140 4099 8141 3711 8141 4100 8141 4100 8142 3711 8142 3712 8142 4100 8143 3712 8143 4101 8143 4101 8144 3712 8144 3713 8144 4101 8145 3713 8145 4102 8145 4102 8146 3713 8146 3714 8146 4102 8147 3714 8147 4103 8147 4103 8148 3714 8148 3715 8148 4103 8149 3715 8149 4104 8149 4104 8150 3715 8150 3716 8150 4104 8151 3716 8151 4105 8151 4105 8152 3716 8152 3717 8152 4105 8153 3717 8153 4106 8153 4106 8154 3717 8154 3718 8154 4106 8155 3718 8155 4107 8155 4107 8156 3718 8156 3719 8156 4107 8157 3719 8157 4108 8157 4108 8158 3719 8158 3720 8158 4108 8159 3720 8159 4109 8159 4109 8160 3720 8160 3721 8160 4109 8161 3721 8161 4110 8161 4110 8162 3721 8162 3722 8162 4110 8163 3722 8163 4111 8163 4111 8164 3722 8164 3685 8164 4111 8165 3685 8165 4112 8165 4131 8166 1392 8166 4132 8166 4132 8167 1392 8167 1394 8167 4132 8168 1394 8168 4133 8168 4133 8169 1394 8169 1396 8169 4133 8170 1396 8170 4134 8170 4134 8171 1396 8171 1322 8171 4134 8172 1322 8172 4135 8172 4135 8173 1322 8173 1324 8173 4135 8174 1324 8174 4136 8174 4136 8175 1324 8175 1326 8175 4136 8176 1326 8176 4137 8176 4137 8177 1326 8177 1328 8177 4137 8178 1328 8178 4138 8178 4138 8179 1328 8179 1330 8179 4138 8180 1330 8180 4139 8180 4139 8181 1330 8181 1332 8181 4139 8182 1332 8182 4140 8182 4140 8183 1332 8183 1334 8183 4140 8184 1334 8184 4141 8184 4141 8185 1334 8185 1336 8185 4141 8186 1336 8186 4142 8186 4142 8187 1336 8187 1338 8187 4142 8188 1338 8188 4143 8188 4143 8189 1338 8189 1340 8189 4143 8190 1340 8190 4144 8190 4144 8191 1340 8191 1342 8191 4144 8192 1342 8192 4145 8192 4145 8193 1342 8193 1344 8193 4145 8194 1344 8194 4146 8194 4146 8195 1344 8195 1346 8195 4146 8196 1346 8196 4147 8196 4147 8197 1346 8197 1348 8197 4147 8198 1348 8198 4148 8198 4148 8199 1348 8199 1350 8199 4148 8200 1350 8200 4149 8200 4149 8201 1350 8201 1352 8201 4149 8202 1352 8202 4150 8202 4150 8203 1352 8203 1354 8203 4150 8204 1354 8204 4151 8204 4151 8205 1354 8205 1356 8205 4151 8206 1356 8206 4152 8206 4152 8207 1356 8207 1358 8207 4152 8208 1358 8208 4153 8208 4153 8209 1358 8209 1360 8209 4153 8210 1360 8210 4154 8210 4154 8211 1360 8211 1362 8211 4154 8212 1362 8212 4155 8212 4155 8213 1362 8213 1364 8213 4155 8214 1364 8214 4156 8214 4156 8215 1364 8215 1366 8215 4156 8216 1366 8216 4157 8216 4157 8217 1366 8217 1368 8217 4157 8218 1368 8218 4158 8218 4158 8219 1368 8219 1370 8219 4158 8220 1370 8220 4159 8220 4159 8221 1370 8221 1372 8221 4159 8222 1372 8222 4160 8222 4160 8223 1372 8223 1374 8223 4160 8224 1374 8224 4161 8224 4161 8225 1374 8225 1376 8225 4161 8226 1376 8226 4162 8226 4162 8227 1376 8227 1378 8227 4162 8228 1378 8228 4163 8228 4163 8229 1378 8229 1380 8229 4163 8230 1380 8230 4164 8230 4164 8231 1380 8231 1382 8231 4164 8232 1382 8232 4165 8232 4165 8233 1382 8233 1384 8233 4165 8234 1384 8234 4166 8234 4166 8235 1384 8235 1386 8235 4166 8236 1386 8236 4167 8236 4167 8237 1386 8237 1388 8237 4167 8238 1388 8238 4168 8238 4168 8239 1388 8239 1390 8239 4168 8240 1390 8240 4131 8240 4131 8241 1390 8241 1392 8241 4169 8242 4170 8242 4171 8242 4172 8243 4173 8243 4171 8243 4171 8244 4173 8244 4174 8244 4171 8245 4174 8245 4169 8245 4175 8246 4176 8246 4171 8246 4171 8247 4176 8247 4177 8247 4171 8248 4177 8248 4172 8248 4178 8249 4179 8249 4171 8249 4171 8250 4179 8250 4180 8250 4171 8251 4180 8251 4175 8251 4181 8252 4182 8252 4171 8252 4171 8253 4182 8253 4183 8253 4171 8254 4183 8254 4178 8254 4184 8255 4185 8255 4171 8255 4171 8256 4185 8256 4186 8256 4171 8257 4186 8257 4181 8257 4187 8258 4188 8258 4171 8258 4171 8259 4188 8259 4189 8259 4171 8260 4189 8260 4184 8260 4190 8261 4191 8261 4171 8261 4171 8262 4191 8262 4192 8262 4171 8263 4192 8263 4187 8263 4193 8264 4194 8264 4171 8264 4171 8265 4194 8265 4195 8265 4171 8266 4195 8266 4190 8266 4196 8267 4197 8267 4171 8267 4171 8268 4197 8268 4198 8268 4171 8269 4198 8269 4193 8269 4199 8270 4200 8270 4171 8270 4171 8271 4200 8271 4201 8271 4171 8272 4201 8272 4196 8272 4202 8273 4203 8273 4171 8273 4171 8274 4203 8274 4204 8274 4171 8275 4204 8275 4199 8275 4170 8276 4205 8276 4171 8276 4171 8277 4205 8277 4206 8277 4171 8278 4206 8278 4202 8278 4169 8279 4207 8279 4170 8279 4170 8280 4207 8280 4208 8280 4170 8281 4208 8281 4205 8281 4205 8282 4208 8282 4209 8282 4205 8283 4209 8283 4206 8283 4206 8284 4209 8284 4210 8284 4206 8285 4210 8285 4202 8285 4202 8286 4210 8286 4211 8286 4202 8287 4211 8287 4203 8287 4203 8288 4211 8288 4212 8288 4203 8289 4212 8289 4204 8289 4204 8290 4212 8290 4213 8290 4204 8291 4213 8291 4199 8291 4199 8292 4213 8292 4214 8292 4199 8293 4214 8293 4200 8293 4200 8294 4214 8294 4215 8294 4200 8295 4215 8295 4201 8295 4201 8296 4215 8296 4216 8296 4201 8297 4216 8297 4196 8297 4196 8298 4216 8298 4217 8298 4196 8299 4217 8299 4197 8299 4197 8300 4217 8300 4218 8300 4197 8301 4218 8301 4198 8301 4198 8302 4218 8302 4219 8302 4198 8303 4219 8303 4193 8303 4193 8304 4219 8304 4220 8304 4193 8305 4220 8305 4194 8305 4194 8306 4220 8306 4221 8306 4194 8307 4221 8307 4195 8307 4195 8308 4221 8308 4222 8308 4195 8309 4222 8309 4190 8309 4190 8310 4222 8310 4223 8310 4190 8311 4223 8311 4191 8311 4191 8312 4223 8312 4224 8312 4191 8313 4224 8313 4192 8313 4192 8314 4224 8314 4225 8314 4192 8315 4225 8315 4187 8315 4187 8316 4225 8316 4226 8316 4187 8317 4226 8317 4188 8317 4188 8318 4226 8318 4227 8318 4188 8319 4227 8319 4189 8319 4189 8320 4227 8320 4228 8320 4189 8321 4228 8321 4184 8321 4184 8322 4228 8322 4229 8322 4184 8323 4229 8323 4185 8323 4185 8324 4229 8324 4230 8324 4185 8325 4230 8325 4186 8325 4186 8326 4230 8326 4231 8326 4186 8327 4231 8327 4181 8327 4181 8328 4231 8328 4232 8328 4181 8329 4232 8329 4182 8329 4182 8330 4232 8330 4233 8330 4182 8331 4233 8331 4183 8331 4183 8332 4233 8332 4234 8332 4183 8333 4234 8333 4178 8333 4178 8334 4234 8334 4235 8334 4178 8335 4235 8335 4179 8335 4179 8336 4235 8336 4236 8336 4179 8337 4236 8337 4180 8337 4180 8338 4236 8338 4237 8338 4180 8339 4237 8339 4175 8339 4175 8340 4237 8340 4238 8340 4175 8341 4238 8341 4176 8341 4176 8342 4238 8342 4239 8342 4176 8343 4239 8343 4177 8343 4177 8344 4239 8344 4240 8344 4177 8345 4240 8345 4172 8345 4172 8346 4240 8346 4241 8346 4172 8347 4241 8347 4173 8347 4173 8348 4241 8348 4242 8348 4173 8349 4242 8349 4174 8349 4174 8350 4242 8350 4243 8350 4174 8351 4243 8351 4169 8351 4169 8352 4243 8352 4207 8352 4243 8353 4244 8353 4207 8353 4207 8354 4244 8354 4245 8354 4207 8355 4245 8355 4208 8355 4208 8356 4245 8356 4246 8356 4208 8357 4246 8357 4209 8357 4209 8358 4246 8358 4247 8358 4209 8359 4247 8359 4210 8359 4210 8360 4247 8360 4248 8360 4210 8361 4248 8361 4211 8361 4211 8362 4248 8362 4249 8362 4211 8363 4249 8363 4212 8363 4212 8364 4249 8364 4250 8364 4212 8365 4250 8365 4213 8365 4213 8366 4250 8366 4251 8366 4213 8367 4251 8367 4214 8367 4214 8368 4251 8368 4252 8368 4214 8369 4252 8369 4215 8369 4215 8370 4252 8370 4253 8370 4215 8371 4253 8371 4216 8371 4216 8372 4253 8372 4254 8372 4216 8373 4254 8373 4217 8373 4217 8374 4254 8374 4255 8374 4217 8375 4255 8375 4218 8375 4218 8376 4255 8376 4256 8376 4218 8377 4256 8377 4219 8377 4219 8378 4256 8378 4257 8378 4219 8379 4257 8379 4220 8379 4220 8380 4257 8380 4258 8380 4220 8381 4258 8381 4221 8381 4221 8382 4258 8382 4259 8382 4221 8383 4259 8383 4222 8383 4222 8384 4259 8384 4260 8384 4222 8385 4260 8385 4223 8385 4223 8386 4260 8386 4261 8386 4223 8387 4261 8387 4224 8387 4224 8388 4261 8388 4262 8388 4224 8389 4262 8389 4225 8389 4225 8390 4262 8390 4263 8390 4225 8391 4263 8391 4226 8391 4226 8392 4263 8392 4264 8392 4226 8393 4264 8393 4227 8393 4227 8394 4264 8394 4265 8394 4227 8395 4265 8395 4228 8395 4228 8396 4265 8396 4266 8396 4228 8397 4266 8397 4229 8397 4229 8398 4266 8398 4267 8398 4229 8399 4267 8399 4230 8399 4230 8400 4267 8400 4268 8400 4230 8401 4268 8401 4231 8401 4231 8402 4268 8402 4269 8402 4231 8403 4269 8403 4232 8403 4232 8404 4269 8404 4270 8404 4232 8405 4270 8405 4233 8405 4233 8406 4270 8406 4271 8406 4233 8407 4271 8407 4234 8407 4234 8408 4271 8408 4272 8408 4234 8409 4272 8409 4235 8409 4235 8410 4272 8410 4273 8410 4235 8411 4273 8411 4236 8411 4236 8412 4273 8412 4274 8412 4236 8413 4274 8413 4237 8413 4237 8414 4274 8414 4275 8414 4237 8415 4275 8415 4238 8415 4238 8416 4275 8416 4276 8416 4238 8417 4276 8417 4239 8417 4239 8418 4276 8418 4277 8418 4239 8419 4277 8419 4240 8419 4240 8420 4277 8420 4278 8420 4240 8421 4278 8421 4241 8421 4241 8422 4278 8422 4279 8422 4241 8423 4279 8423 4242 8423 4242 8424 4279 8424 4280 8424 4242 8425 4280 8425 4243 8425 4243 8426 4280 8426 4244 8426 4280 8427 4281 8427 4244 8427 4244 8428 4281 8428 4282 8428 4244 8429 4282 8429 4245 8429 4245 8430 4282 8430 4283 8430 4245 8431 4283 8431 4246 8431 4246 8432 4283 8432 4284 8432 4246 8433 4284 8433 4247 8433 4247 8434 4284 8434 4285 8434 4247 8435 4285 8435 4248 8435 4248 8436 4285 8436 4286 8436 4248 8437 4286 8437 4249 8437 4249 8438 4286 8438 4287 8438 4249 8439 4287 8439 4250 8439 4250 8440 4287 8440 4288 8440 4250 8441 4288 8441 4251 8441 4251 8442 4288 8442 4289 8442 4251 8443 4289 8443 4252 8443 4252 8444 4289 8444 4290 8444 4252 8445 4290 8445 4253 8445 4253 8446 4290 8446 4291 8446 4253 8447 4291 8447 4254 8447 4254 8448 4291 8448 4292 8448 4254 8449 4292 8449 4255 8449 4255 8450 4292 8450 4293 8450 4255 8451 4293 8451 4256 8451 4256 8452 4293 8452 4294 8452 4256 8453 4294 8453 4257 8453 4257 8454 4294 8454 4295 8454 4257 8455 4295 8455 4258 8455 4258 8456 4295 8456 4296 8456 4258 8457 4296 8457 4259 8457 4259 8458 4296 8458 4297 8458 4259 8459 4297 8459 4260 8459 4260 8460 4297 8460 4298 8460 4260 8461 4298 8461 4261 8461 4261 8462 4298 8462 4299 8462 4261 8463 4299 8463 4262 8463 4262 8464 4299 8464 4300 8464 4262 8465 4300 8465 4263 8465 4263 8466 4300 8466 4301 8466 4263 8467 4301 8467 4264 8467 4264 8468 4301 8468 4302 8468 4264 8469 4302 8469 4265 8469 4265 8470 4302 8470 4303 8470 4265 8471 4303 8471 4266 8471 4266 8472 4303 8472 4304 8472 4266 8473 4304 8473 4267 8473 4267 8474 4304 8474 4305 8474 4267 8475 4305 8475 4268 8475 4268 8476 4305 8476 4306 8476 4268 8477 4306 8477 4269 8477 4269 8478 4306 8478 4307 8478 4269 8479 4307 8479 4270 8479 4270 8480 4307 8480 4308 8480 4270 8481 4308 8481 4271 8481 4271 8482 4308 8482 4309 8482 4271 8483 4309 8483 4272 8483 4272 8484 4309 8484 4310 8484 4272 8485 4310 8485 4273 8485 4273 8486 4310 8486 4311 8486 4273 8487 4311 8487 4274 8487 4274 8488 4311 8488 4312 8488 4274 8489 4312 8489 4275 8489 4275 8490 4312 8490 4313 8490 4275 8491 4313 8491 4276 8491 4276 8492 4313 8492 4314 8492 4276 8493 4314 8493 4277 8493 4277 8494 4314 8494 4315 8494 4277 8495 4315 8495 4278 8495 4278 8496 4315 8496 4316 8496 4278 8497 4316 8497 4279 8497 4279 8498 4316 8498 4317 8498 4279 8499 4317 8499 4280 8499 4280 8500 4317 8500 4281 8500 4317 8501 4318 8501 4281 8501 4281 8502 4318 8502 4319 8502 4281 8503 4319 8503 4282 8503 4282 8504 4319 8504 4320 8504 4282 8505 4320 8505 4283 8505 4283 8506 4320 8506 4321 8506 4283 8507 4321 8507 4284 8507 4284 8508 4321 8508 4322 8508 4284 8509 4322 8509 4285 8509 4285 8510 4322 8510 4323 8510 4285 8511 4323 8511 4286 8511 4286 8512 4323 8512 4324 8512 4286 8513 4324 8513 4287 8513 4287 8514 4324 8514 4325 8514 4287 8515 4325 8515 4288 8515 4288 8516 4325 8516 4326 8516 4288 8517 4326 8517 4289 8517 4289 8518 4326 8518 4327 8518 4289 8519 4327 8519 4290 8519 4290 8520 4327 8520 4328 8520 4290 8521 4328 8521 4291 8521 4291 8522 4328 8522 4329 8522 4291 8523 4329 8523 4292 8523 4292 8524 4329 8524 4330 8524 4292 8525 4330 8525 4293 8525 4293 8526 4330 8526 4331 8526 4293 8527 4331 8527 4294 8527 4294 8528 4331 8528 4332 8528 4294 8529 4332 8529 4295 8529 4295 8530 4332 8530 4333 8530 4295 8531 4333 8531 4296 8531 4296 8532 4333 8532 4334 8532 4296 8533 4334 8533 4297 8533 4297 8534 4334 8534 4335 8534 4297 8535 4335 8535 4298 8535 4298 8536 4335 8536 4336 8536 4298 8537 4336 8537 4299 8537 4299 8538 4336 8538 4337 8538 4299 8539 4337 8539 4300 8539 4300 8540 4337 8540 4338 8540 4300 8541 4338 8541 4301 8541 4301 8542 4338 8542 4339 8542 4301 8543 4339 8543 4302 8543 4302 8544 4339 8544 4340 8544 4302 8545 4340 8545 4303 8545 4303 8546 4340 8546 4341 8546 4303 8547 4341 8547 4304 8547 4304 8548 4341 8548 4342 8548 4304 8549 4342 8549 4305 8549 4305 8550 4342 8550 4343 8550 4305 8551 4343 8551 4306 8551 4306 8552 4343 8552 4344 8552 4306 8553 4344 8553 4307 8553 4307 8554 4344 8554 4345 8554 4307 8555 4345 8555 4308 8555 4308 8556 4345 8556 4346 8556 4308 8557 4346 8557 4309 8557 4309 8558 4346 8558 4347 8558 4309 8559 4347 8559 4310 8559 4310 8560 4347 8560 4348 8560 4310 8561 4348 8561 4311 8561 4311 8562 4348 8562 4349 8562 4311 8563 4349 8563 4312 8563 4312 8564 4349 8564 4350 8564 4312 8565 4350 8565 4313 8565 4313 8566 4350 8566 4351 8566 4313 8567 4351 8567 4314 8567 4314 8568 4351 8568 4352 8568 4314 8569 4352 8569 4315 8569 4315 8570 4352 8570 4353 8570 4315 8571 4353 8571 4316 8571 4316 8572 4353 8572 4354 8572 4316 8573 4354 8573 4317 8573 4317 8574 4354 8574 4318 8574 4354 8575 4355 8575 4318 8575 4318 8576 4355 8576 4356 8576 4318 8577 4356 8577 4319 8577 4319 8578 4356 8578 4357 8578 4319 8579 4357 8579 4320 8579 4320 8580 4357 8580 4358 8580 4320 8581 4358 8581 4321 8581 4321 8582 4358 8582 4359 8582 4321 8583 4359 8583 4322 8583 4322 8584 4359 8584 4360 8584 4322 8585 4360 8585 4323 8585 4323 8586 4360 8586 4361 8586 4323 8587 4361 8587 4324 8587 4324 8588 4361 8588 4362 8588 4324 8589 4362 8589 4325 8589 4325 8590 4362 8590 4363 8590 4325 8591 4363 8591 4326 8591 4326 8592 4363 8592 4364 8592 4326 8593 4364 8593 4327 8593 4327 8594 4364 8594 4365 8594 4327 8595 4365 8595 4328 8595 4328 8596 4365 8596 4366 8596 4328 8597 4366 8597 4329 8597 4329 8598 4366 8598 4367 8598 4329 8599 4367 8599 4330 8599 4330 8600 4367 8600 4368 8600 4330 8601 4368 8601 4331 8601 4331 8602 4368 8602 4369 8602 4331 8603 4369 8603 4332 8603 4332 8604 4369 8604 4370 8604 4332 8605 4370 8605 4333 8605 4333 8606 4370 8606 4371 8606 4333 8607 4371 8607 4334 8607 4334 8608 4371 8608 4372 8608 4334 8609 4372 8609 4335 8609 4335 8610 4372 8610 4373 8610 4335 8611 4373 8611 4336 8611 4336 8612 4373 8612 4374 8612 4336 8613 4374 8613 4337 8613 4337 8614 4374 8614 4375 8614 4337 8615 4375 8615 4338 8615 4338 8616 4375 8616 4376 8616 4338 8617 4376 8617 4339 8617 4339 8618 4376 8618 4377 8618 4339 8619 4377 8619 4340 8619 4340 8620 4377 8620 4378 8620 4340 8621 4378 8621 4341 8621 4341 8622 4378 8622 4379 8622 4341 8623 4379 8623 4342 8623 4342 8624 4379 8624 4380 8624 4342 8625 4380 8625 4343 8625 4343 8626 4380 8626 4381 8626 4343 8627 4381 8627 4344 8627 4344 8628 4381 8628 4382 8628 4344 8629 4382 8629 4345 8629 4345 8630 4382 8630 4383 8630 4345 8631 4383 8631 4346 8631 4346 8632 4383 8632 4384 8632 4346 8633 4384 8633 4347 8633 4347 8634 4384 8634 4385 8634 4347 8635 4385 8635 4348 8635 4348 8636 4385 8636 4386 8636 4348 8637 4386 8637 4349 8637 4349 8638 4386 8638 4387 8638 4349 8639 4387 8639 4350 8639 4350 8640 4387 8640 4388 8640 4350 8641 4388 8641 4351 8641 4351 8642 4388 8642 4389 8642 4351 8643 4389 8643 4352 8643 4352 8644 4389 8644 4390 8644 4352 8645 4390 8645 4353 8645 4353 8646 4390 8646 4391 8646 4353 8647 4391 8647 4354 8647 4354 8648 4391 8648 4355 8648 4391 8649 4392 8649 4355 8649 4355 8650 4392 8650 4393 8650 4355 8651 4393 8651 4356 8651 4356 8652 4393 8652 4394 8652 4356 8653 4394 8653 4357 8653 4357 8654 4394 8654 4395 8654 4357 8655 4395 8655 4358 8655 4358 8656 4395 8656 4396 8656 4358 8657 4396 8657 4359 8657 4359 8658 4396 8658 4397 8658 4359 8659 4397 8659 4360 8659 4360 8660 4397 8660 4398 8660 4360 8661 4398 8661 4361 8661 4361 8662 4398 8662 4399 8662 4361 8663 4399 8663 4362 8663 4362 8664 4399 8664 4400 8664 4362 8665 4400 8665 4363 8665 4363 8666 4400 8666 4401 8666 4363 8667 4401 8667 4364 8667 4364 8668 4401 8668 4402 8668 4364 8669 4402 8669 4365 8669 4365 8670 4402 8670 4403 8670 4365 8671 4403 8671 4366 8671 4366 8672 4403 8672 4404 8672 4366 8673 4404 8673 4367 8673 4367 8674 4404 8674 4405 8674 4367 8675 4405 8675 4368 8675 4368 8676 4405 8676 4406 8676 4368 8677 4406 8677 4369 8677 4369 8678 4406 8678 4407 8678 4369 8679 4407 8679 4370 8679 4370 8680 4407 8680 4408 8680 4370 8681 4408 8681 4371 8681 4371 8682 4408 8682 4409 8682 4371 8683 4409 8683 4372 8683 4372 8684 4409 8684 4410 8684 4372 8685 4410 8685 4373 8685 4373 8686 4410 8686 4411 8686 4373 8687 4411 8687 4374 8687 4374 8688 4411 8688 4412 8688 4374 8689 4412 8689 4375 8689 4375 8690 4412 8690 4413 8690 4375 8691 4413 8691 4376 8691 4376 8692 4413 8692 4414 8692 4376 8693 4414 8693 4377 8693 4377 8694 4414 8694 4415 8694 4377 8695 4415 8695 4378 8695 4378 8696 4415 8696 4416 8696 4378 8697 4416 8697 4379 8697 4379 8698 4416 8698 4417 8698 4379 8699 4417 8699 4380 8699 4380 8700 4417 8700 4418 8700 4380 8701 4418 8701 4381 8701 4381 8702 4418 8702 4419 8702 4381 8703 4419 8703 4382 8703 4382 8704 4419 8704 4420 8704 4382 8705 4420 8705 4383 8705 4383 8706 4420 8706 4421 8706 4383 8707 4421 8707 4384 8707 4384 8708 4421 8708 4422 8708 4384 8709 4422 8709 4385 8709 4385 8710 4422 8710 4423 8710 4385 8711 4423 8711 4386 8711 4386 8712 4423 8712 4424 8712 4386 8713 4424 8713 4387 8713 4387 8714 4424 8714 4425 8714 4387 8715 4425 8715 4388 8715 4388 8716 4425 8716 4426 8716 4388 8717 4426 8717 4389 8717 4389 8718 4426 8718 4427 8718 4389 8719 4427 8719 4390 8719 4390 8720 4427 8720 4428 8720 4390 8721 4428 8721 4391 8721 4391 8722 4428 8722 4392 8722 4428 8723 4429 8723 4392 8723 4392 8724 4429 8724 4430 8724 4392 8725 4430 8725 4393 8725 4393 8726 4430 8726 4431 8726 4393 8727 4431 8727 4394 8727 4394 8728 4431 8728 4432 8728 4394 8729 4432 8729 4395 8729 4395 8730 4432 8730 4433 8730 4395 8731 4433 8731 4396 8731 4396 8732 4433 8732 4434 8732 4396 8733 4434 8733 4397 8733 4397 8734 4434 8734 4435 8734 4397 8735 4435 8735 4398 8735 4398 8736 4435 8736 4436 8736 4398 8737 4436 8737 4399 8737 4399 8738 4436 8738 4437 8738 4399 8739 4437 8739 4400 8739 4400 8740 4437 8740 4438 8740 4400 8741 4438 8741 4401 8741 4401 8742 4438 8742 4439 8742 4401 8743 4439 8743 4402 8743 4402 8744 4439 8744 4440 8744 4402 8745 4440 8745 4403 8745 4403 8746 4440 8746 4441 8746 4403 8747 4441 8747 4404 8747 4404 8748 4441 8748 4442 8748 4404 8749 4442 8749 4405 8749 4405 8750 4442 8750 4443 8750 4405 8751 4443 8751 4406 8751 4406 8752 4443 8752 4444 8752 4406 8753 4444 8753 4407 8753 4407 8754 4444 8754 4445 8754 4407 8755 4445 8755 4408 8755 4408 8756 4445 8756 4446 8756 4408 8757 4446 8757 4409 8757 4409 8758 4446 8758 4447 8758 4409 8759 4447 8759 4410 8759 4410 8760 4447 8760 4448 8760 4410 8761 4448 8761 4411 8761 4411 8762 4448 8762 4449 8762 4411 8763 4449 8763 4412 8763 4412 8764 4449 8764 4450 8764 4412 8765 4450 8765 4413 8765 4413 8766 4450 8766 4451 8766 4413 8767 4451 8767 4414 8767 4414 8768 4451 8768 4452 8768 4414 8769 4452 8769 4415 8769 4415 8770 4452 8770 4453 8770 4415 8771 4453 8771 4416 8771 4416 8772 4453 8772 4454 8772 4416 8773 4454 8773 4417 8773 4417 8774 4454 8774 4455 8774 4417 8775 4455 8775 4418 8775 4418 8776 4455 8776 4456 8776 4418 8777 4456 8777 4419 8777 4419 8778 4456 8778 4457 8778 4419 8779 4457 8779 4420 8779 4420 8780 4457 8780 4458 8780 4420 8781 4458 8781 4421 8781 4421 8782 4458 8782 4459 8782 4421 8783 4459 8783 4422 8783 4422 8784 4459 8784 4460 8784 4422 8785 4460 8785 4423 8785 4423 8786 4460 8786 4461 8786 4423 8787 4461 8787 4424 8787 4424 8788 4461 8788 4462 8788 4424 8789 4462 8789 4425 8789 4425 8790 4462 8790 4463 8790 4425 8791 4463 8791 4426 8791 4426 8792 4463 8792 4464 8792 4426 8793 4464 8793 4427 8793 4427 8794 4464 8794 4465 8794 4427 8795 4465 8795 4428 8795 4428 8796 4465 8796 4429 8796 4465 8797 4466 8797 4429 8797 4429 8798 4466 8798 4467 8798 4429 8799 4467 8799 4430 8799 4430 8800 4467 8800 4468 8800 4430 8801 4468 8801 4431 8801 4431 8802 4468 8802 4469 8802 4431 8803 4469 8803 4432 8803 4432 8804 4469 8804 4470 8804 4432 8805 4470 8805 4433 8805 4433 8806 4470 8806 4471 8806 4433 8807 4471 8807 4434 8807 4434 8808 4471 8808 4472 8808 4434 8809 4472 8809 4435 8809 4435 8810 4472 8810 4473 8810 4435 8811 4473 8811 4436 8811 4436 8812 4473 8812 4474 8812 4436 8813 4474 8813 4437 8813 4437 8814 4474 8814 4475 8814 4437 8815 4475 8815 4438 8815 4438 8816 4475 8816 4476 8816 4438 8817 4476 8817 4439 8817 4439 8818 4476 8818 4477 8818 4439 8819 4477 8819 4440 8819 4440 8820 4477 8820 4478 8820 4440 8821 4478 8821 4441 8821 4441 8822 4478 8822 4479 8822 4441 8823 4479 8823 4442 8823 4442 8824 4479 8824 4480 8824 4442 8825 4480 8825 4443 8825 4443 8826 4480 8826 4481 8826 4443 8827 4481 8827 4444 8827 4444 8828 4481 8828 4482 8828 4444 8829 4482 8829 4445 8829 4445 8830 4482 8830 4483 8830 4445 8831 4483 8831 4446 8831 4446 8832 4483 8832 4484 8832 4446 8833 4484 8833 4447 8833 4447 8834 4484 8834 4485 8834 4447 8835 4485 8835 4448 8835 4448 8836 4485 8836 4486 8836 4448 8837 4486 8837 4449 8837 4449 8838 4486 8838 4487 8838 4449 8839 4487 8839 4450 8839 4450 8840 4487 8840 4488 8840 4450 8841 4488 8841 4451 8841 4451 8842 4488 8842 4489 8842 4451 8843 4489 8843 4452 8843 4452 8844 4489 8844 4490 8844 4452 8845 4490 8845 4453 8845 4453 8846 4490 8846 4491 8846 4453 8847 4491 8847 4454 8847 4454 8848 4491 8848 4492 8848 4454 8849 4492 8849 4455 8849 4455 8850 4492 8850 4493 8850 4455 8851 4493 8851 4456 8851 4456 8852 4493 8852 4494 8852 4456 8853 4494 8853 4457 8853 4457 8854 4494 8854 4495 8854 4457 8855 4495 8855 4458 8855 4458 8856 4495 8856 4496 8856 4458 8857 4496 8857 4459 8857 4459 8858 4496 8858 4497 8858 4459 8859 4497 8859 4460 8859 4460 8860 4497 8860 4498 8860 4460 8861 4498 8861 4461 8861 4461 8862 4498 8862 4499 8862 4461 8863 4499 8863 4462 8863 4462 8864 4499 8864 4500 8864 4462 8865 4500 8865 4463 8865 4463 8866 4500 8866 4501 8866 4463 8867 4501 8867 4464 8867 4464 8868 4501 8868 4502 8868 4464 8869 4502 8869 4465 8869 4465 8870 4502 8870 4466 8870 4502 8871 4503 8871 4466 8871 4466 8872 4503 8872 4504 8872 4466 8873 4504 8873 4467 8873 4467 8874 4504 8874 4505 8874 4467 8875 4505 8875 4468 8875 4468 8876 4505 8876 4506 8876 4468 8877 4506 8877 4469 8877 4469 8878 4506 8878 4507 8878 4469 8879 4507 8879 4470 8879 4470 8880 4507 8880 4508 8880 4470 8881 4508 8881 4471 8881 4471 8882 4508 8882 4509 8882 4471 8883 4509 8883 4472 8883 4472 8884 4509 8884 4510 8884 4472 8885 4510 8885 4473 8885 4473 8886 4510 8886 4511 8886 4473 8887 4511 8887 4474 8887 4474 8888 4511 8888 4512 8888 4474 8889 4512 8889 4475 8889 4475 8890 4512 8890 4513 8890 4475 8891 4513 8891 4476 8891 4476 8892 4513 8892 4514 8892 4476 8893 4514 8893 4477 8893 4477 8894 4514 8894 4515 8894 4477 8895 4515 8895 4478 8895 4478 8896 4515 8896 4516 8896 4478 8897 4516 8897 4479 8897 4479 8898 4516 8898 4517 8898 4479 8899 4517 8899 4480 8899 4480 8900 4517 8900 4518 8900 4480 8901 4518 8901 4481 8901 4481 8902 4518 8902 4519 8902 4481 8903 4519 8903 4482 8903 4482 8904 4519 8904 4520 8904 4482 8905 4520 8905 4483 8905 4483 8906 4520 8906 4521 8906 4483 8907 4521 8907 4484 8907 4484 8908 4521 8908 4522 8908 4484 8909 4522 8909 4485 8909 4485 8910 4522 8910 4523 8910 4485 8911 4523 8911 4486 8911 4486 8912 4523 8912 4524 8912 4486 8913 4524 8913 4487 8913 4487 8914 4524 8914 4525 8914 4487 8915 4525 8915 4488 8915 4488 8916 4525 8916 4526 8916 4488 8917 4526 8917 4489 8917 4489 8918 4526 8918 4527 8918 4489 8919 4527 8919 4490 8919 4490 8920 4527 8920 4528 8920 4490 8921 4528 8921 4491 8921 4491 8922 4528 8922 4529 8922 4491 8923 4529 8923 4492 8923 4492 8924 4529 8924 4530 8924 4492 8925 4530 8925 4493 8925 4493 8926 4530 8926 4531 8926 4493 8927 4531 8927 4494 8927 4494 8928 4531 8928 4532 8928 4494 8929 4532 8929 4495 8929 4495 8930 4532 8930 4533 8930 4495 8931 4533 8931 4496 8931 4496 8932 4533 8932 4534 8932 4496 8933 4534 8933 4497 8933 4497 8934 4534 8934 4535 8934 4497 8935 4535 8935 4498 8935 4498 8936 4535 8936 4536 8936 4498 8937 4536 8937 4499 8937 4499 8938 4536 8938 4537 8938 4499 8939 4537 8939 4500 8939 4500 8940 4537 8940 4538 8940 4500 8941 4538 8941 4501 8941 4501 8942 4538 8942 4539 8942 4501 8943 4539 8943 4502 8943 4502 8944 4539 8944 4503 8944 4539 8945 4540 8945 4503 8945 4503 8946 4540 8946 4541 8946 4503 8947 4541 8947 4504 8947 4504 8948 4541 8948 4542 8948 4504 8949 4542 8949 4505 8949 4505 8950 4542 8950 4543 8950 4505 8951 4543 8951 4506 8951 4506 8952 4543 8952 4544 8952 4506 8953 4544 8953 4507 8953 4507 8954 4544 8954 4545 8954 4507 8955 4545 8955 4508 8955 4508 8956 4545 8956 4546 8956 4508 8957 4546 8957 4509 8957 4509 8958 4546 8958 4547 8958 4509 8959 4547 8959 4510 8959 4510 8960 4547 8960 4548 8960 4510 8961 4548 8961 4511 8961 4511 8962 4548 8962 4549 8962 4511 8963 4549 8963 4512 8963 4512 8964 4549 8964 4550 8964 4512 8965 4550 8965 4513 8965 4513 8966 4550 8966 4551 8966 4513 8967 4551 8967 4514 8967 4514 8968 4551 8968 4552 8968 4514 8969 4552 8969 4515 8969 4515 8970 4552 8970 4553 8970 4515 8971 4553 8971 4516 8971 4516 8972 4553 8972 4554 8972 4516 8973 4554 8973 4517 8973 4517 8974 4554 8974 4555 8974 4517 8975 4555 8975 4518 8975 4518 8976 4555 8976 4556 8976 4518 8977 4556 8977 4519 8977 4519 8978 4556 8978 4557 8978 4519 8979 4557 8979 4520 8979 4520 8980 4557 8980 4558 8980 4520 8981 4558 8981 4521 8981 4521 8982 4558 8982 4559 8982 4521 8983 4559 8983 4522 8983 4522 8984 4559 8984 4560 8984 4522 8985 4560 8985 4523 8985 4523 8986 4560 8986 4561 8986 4523 8987 4561 8987 4524 8987 4524 8988 4561 8988 4562 8988 4524 8989 4562 8989 4525 8989 4525 8990 4562 8990 4563 8990 4525 8991 4563 8991 4526 8991 4526 8992 4563 8992 4564 8992 4526 8993 4564 8993 4527 8993 4527 8994 4564 8994 4565 8994 4527 8995 4565 8995 4528 8995 4528 8996 4565 8996 4566 8996 4528 8997 4566 8997 4529 8997 4529 8998 4566 8998 4567 8998 4529 8999 4567 8999 4530 8999 4530 9000 4567 9000 4568 9000 4530 9001 4568 9001 4531 9001 4531 9002 4568 9002 4569 9002 4531 9003 4569 9003 4532 9003 4532 9004 4569 9004 4570 9004 4532 9005 4570 9005 4533 9005 4533 9006 4570 9006 4571 9006 4533 9007 4571 9007 4534 9007 4534 9008 4571 9008 4572 9008 4534 9009 4572 9009 4535 9009 4535 9010 4572 9010 4573 9010 4535 9011 4573 9011 4536 9011 4536 9012 4573 9012 4574 9012 4536 9013 4574 9013 4537 9013 4537 9014 4574 9014 4575 9014 4537 9015 4575 9015 4538 9015 4538 9016 4575 9016 4576 9016 4538 9017 4576 9017 4539 9017 4539 9018 4576 9018 4540 9018 4153 9019 4154 9019 4558 9019 4558 9020 4154 9020 4155 9020 4558 9021 4155 9021 4559 9021 4559 9022 4155 9022 4156 9022 4559 9023 4156 9023 4560 9023 4560 9024 4156 9024 4157 9024 4560 9025 4157 9025 4561 9025 4561 9026 4157 9026 4158 9026 4561 9027 4158 9027 4562 9027 4562 9028 4158 9028 4159 9028 4562 9029 4159 9029 4563 9029 4563 9030 4159 9030 4160 9030 4563 9031 4160 9031 4564 9031 4564 9032 4160 9032 4161 9032 4564 9033 4161 9033 4565 9033 4565 9034 4161 9034 4162 9034 4565 9035 4162 9035 4566 9035 4566 9036 4162 9036 4163 9036 4566 9037 4163 9037 4567 9037 4567 9038 4163 9038 4164 9038 4567 9039 4164 9039 4568 9039 4568 9040 4164 9040 4165 9040 4568 9041 4165 9041 4569 9041 4569 9042 4165 9042 4166 9042 4569 9043 4166 9043 4570 9043 4570 9044 4166 9044 4167 9044 4570 9045 4167 9045 4571 9045 4571 9046 4167 9046 4168 9046 4571 9047 4168 9047 4572 9047 4572 9048 4168 9048 4131 9048 4572 9049 4131 9049 4573 9049 4573 9050 4131 9050 4132 9050 4573 9051 4132 9051 4574 9051 4574 9052 4132 9052 4133 9052 4574 9053 4133 9053 4575 9053 4575 9054 4133 9054 4134 9054 4575 9055 4134 9055 4576 9055 4576 9056 4134 9056 4135 9056 4576 9057 4135 9057 4540 9057 4540 9058 4135 9058 4136 9058 4540 9059 4136 9059 4541 9059 4541 9060 4136 9060 4137 9060 4541 9061 4137 9061 4542 9061 4542 9062 4137 9062 4138 9062 4542 9063 4138 9063 4543 9063 4543 9064 4138 9064 4139 9064 4543 9065 4139 9065 4544 9065 4544 9066 4139 9066 4140 9066 4544 9067 4140 9067 4545 9067 4545 9068 4140 9068 4141 9068 4545 9069 4141 9069 4546 9069 4546 9070 4141 9070 4142 9070 4546 9071 4142 9071 4547 9071 4547 9072 4142 9072 4143 9072 4547 9073 4143 9073 4548 9073 4548 9074 4143 9074 4144 9074 4548 9075 4144 9075 4549 9075 4549 9076 4144 9076 4145 9076 4549 9077 4145 9077 4550 9077 4550 9078 4145 9078 4146 9078 4550 9079 4146 9079 4551 9079 4551 9080 4146 9080 4147 9080 4551 9081 4147 9081 4552 9081 4552 9082 4147 9082 4148 9082 4552 9083 4148 9083 4553 9083 4553 9084 4148 9084 4149 9084 4553 9085 4149 9085 4554 9085 4554 9086 4149 9086 4150 9086 4554 9087 4150 9087 4555 9087 4555 9088 4150 9088 4151 9088 4555 9089 4151 9089 4556 9089 4556 9090 4151 9090 4152 9090 4556 9091 4152 9091 4557 9091 4557 9092 4152 9092 4153 9092 4557 9093 4153 9093 4558 9093 4577 9094 840 9094 4578 9094 4578 9095 840 9095 839 9095 4578 9096 839 9096 4579 9096 4579 9097 839 9097 838 9097 4579 9098 838 9098 4580 9098 4580 9099 838 9099 875 9099 4580 9100 875 9100 4581 9100 4581 9101 875 9101 874 9101 4581 9102 874 9102 4582 9102 4582 9103 874 9103 873 9103 4582 9104 873 9104 4583 9104 4583 9105 873 9105 872 9105 4583 9106 872 9106 4584 9106 4584 9107 872 9107 871 9107 4584 9108 871 9108 4585 9108 4585 9109 871 9109 870 9109 4585 9110 870 9110 4586 9110 4586 9111 870 9111 869 9111 4586 9112 869 9112 4587 9112 4587 9113 869 9113 868 9113 4587 9114 868 9114 4588 9114 4588 9115 868 9115 867 9115 4588 9116 867 9116 4589 9116 4589 9117 867 9117 866 9117 4589 9118 866 9118 4590 9118 4590 9119 866 9119 865 9119 4590 9120 865 9120 4591 9120 4591 9121 865 9121 864 9121 4591 9122 864 9122 4592 9122 4592 9123 864 9123 863 9123 4592 9124 863 9124 4593 9124 4593 9125 863 9125 862 9125 4593 9126 862 9126 4594 9126 4594 9127 862 9127 861 9127 4594 9128 861 9128 4595 9128 4595 9129 861 9129 860 9129 4595 9130 860 9130 4596 9130 4596 9131 860 9131 859 9131 4596 9132 859 9132 4597 9132 4597 9133 859 9133 858 9133 4597 9134 858 9134 4598 9134 4598 9135 858 9135 857 9135 4598 9136 857 9136 4599 9136 4599 9137 857 9137 856 9137 4599 9138 856 9138 4600 9138 4600 9139 856 9139 855 9139 4600 9140 855 9140 4601 9140 4601 9141 855 9141 854 9141 4601 9142 854 9142 4602 9142 4602 9143 854 9143 853 9143 4602 9144 853 9144 4603 9144 4603 9145 853 9145 852 9145 4603 9146 852 9146 4604 9146 4604 9147 852 9147 851 9147 4604 9148 851 9148 4605 9148 4605 9149 851 9149 850 9149 4605 9150 850 9150 4606 9150 4606 9151 850 9151 849 9151 4606 9152 849 9152 4607 9152 4607 9153 849 9153 848 9153 4607 9154 848 9154 4608 9154 4608 9155 848 9155 847 9155 4608 9156 847 9156 4609 9156 4609 9157 847 9157 846 9157 4609 9158 846 9158 4610 9158 4610 9159 846 9159 845 9159 4610 9160 845 9160 4611 9160 4611 9161 845 9161 844 9161 4611 9162 844 9162 4612 9162 4612 9163 844 9163 843 9163 4612 9164 843 9164 4613 9164 4613 9165 843 9165 842 9165 4613 9166 842 9166 4614 9166 4614 9167 842 9167 841 9167 4614 9168 841 9168 4577 9168 4577 9169 841 9169 840 9169 4615 9170 4616 9170 4617 9170 4618 9171 4619 9171 4617 9171 4617 9172 4619 9172 4620 9172 4617 9173 4620 9173 4615 9173 4621 9174 4622 9174 4617 9174 4617 9175 4622 9175 4623 9175 4617 9176 4623 9176 4618 9176 4624 9177 4625 9177 4617 9177 4617 9178 4625 9178 4626 9178 4617 9179 4626 9179 4621 9179 4627 9180 4628 9180 4617 9180 4617 9181 4628 9181 4629 9181 4617 9182 4629 9182 4624 9182 4630 9183 4631 9183 4617 9183 4617 9184 4631 9184 4632 9184 4617 9185 4632 9185 4627 9185 4633 9186 4634 9186 4617 9186 4617 9187 4634 9187 4635 9187 4617 9188 4635 9188 4630 9188 4636 9189 4637 9189 4617 9189 4617 9190 4637 9190 4638 9190 4617 9191 4638 9191 4633 9191 4639 9192 4640 9192 4617 9192 4617 9193 4640 9193 4641 9193 4617 9194 4641 9194 4636 9194 4642 9195 4643 9195 4617 9195 4617 9196 4643 9196 4644 9196 4617 9197 4644 9197 4639 9197 4645 9198 4646 9198 4617 9198 4617 9199 4646 9199 4647 9199 4617 9200 4647 9200 4642 9200 4648 9201 4649 9201 4617 9201 4617 9202 4649 9202 4650 9202 4617 9203 4650 9203 4645 9203 4616 9204 4651 9204 4617 9204 4617 9205 4651 9205 4652 9205 4617 9206 4652 9206 4648 9206 4615 9207 4653 9207 4616 9207 4616 9208 4653 9208 4654 9208 4616 9209 4654 9209 4651 9209 4651 9210 4654 9210 4655 9210 4651 9211 4655 9211 4652 9211 4652 9212 4655 9212 4656 9212 4652 9213 4656 9213 4648 9213 4648 9214 4656 9214 4657 9214 4648 9215 4657 9215 4649 9215 4649 9216 4657 9216 4658 9216 4649 9217 4658 9217 4650 9217 4650 9218 4658 9218 4659 9218 4650 9219 4659 9219 4645 9219 4645 9220 4659 9220 4660 9220 4645 9221 4660 9221 4646 9221 4646 9222 4660 9222 4661 9222 4646 9223 4661 9223 4647 9223 4647 9224 4661 9224 4662 9224 4647 9225 4662 9225 4642 9225 4642 9226 4662 9226 4663 9226 4642 9227 4663 9227 4643 9227 4643 9228 4663 9228 4664 9228 4643 9229 4664 9229 4644 9229 4644 9230 4664 9230 4665 9230 4644 9231 4665 9231 4639 9231 4639 9232 4665 9232 4666 9232 4639 9233 4666 9233 4640 9233 4640 9234 4666 9234 4667 9234 4640 9235 4667 9235 4641 9235 4641 9236 4667 9236 4668 9236 4641 9237 4668 9237 4636 9237 4636 9238 4668 9238 4669 9238 4636 9239 4669 9239 4637 9239 4637 9240 4669 9240 4670 9240 4637 9241 4670 9241 4638 9241 4638 9242 4670 9242 4671 9242 4638 9243 4671 9243 4633 9243 4633 9244 4671 9244 4672 9244 4633 9245 4672 9245 4634 9245 4634 9246 4672 9246 4673 9246 4634 9247 4673 9247 4635 9247 4635 9248 4673 9248 4674 9248 4635 9249 4674 9249 4630 9249 4630 9250 4674 9250 4675 9250 4630 9251 4675 9251 4631 9251 4631 9252 4675 9252 4676 9252 4631 9253 4676 9253 4632 9253 4632 9254 4676 9254 4677 9254 4632 9255 4677 9255 4627 9255 4627 9256 4677 9256 4678 9256 4627 9257 4678 9257 4628 9257 4628 9258 4678 9258 4679 9258 4628 9259 4679 9259 4629 9259 4629 9260 4679 9260 4680 9260 4629 9261 4680 9261 4624 9261 4624 9262 4680 9262 4681 9262 4624 9263 4681 9263 4625 9263 4625 9264 4681 9264 4682 9264 4625 9265 4682 9265 4626 9265 4626 9266 4682 9266 4683 9266 4626 9267 4683 9267 4621 9267 4621 9268 4683 9268 4684 9268 4621 9269 4684 9269 4622 9269 4622 9270 4684 9270 4685 9270 4622 9271 4685 9271 4623 9271 4623 9272 4685 9272 4686 9272 4623 9273 4686 9273 4618 9273 4618 9274 4686 9274 4687 9274 4618 9275 4687 9275 4619 9275 4619 9276 4687 9276 4688 9276 4619 9277 4688 9277 4620 9277 4620 9278 4688 9278 4689 9278 4620 9279 4689 9279 4615 9279 4615 9280 4689 9280 4653 9280 4689 9281 4690 9281 4653 9281 4653 9282 4690 9282 4691 9282 4653 9283 4691 9283 4654 9283 4654 9284 4691 9284 4692 9284 4654 9285 4692 9285 4655 9285 4655 9286 4692 9286 4693 9286 4655 9287 4693 9287 4656 9287 4656 9288 4693 9288 4694 9288 4656 9289 4694 9289 4657 9289 4657 9290 4694 9290 4695 9290 4657 9291 4695 9291 4658 9291 4658 9292 4695 9292 4696 9292 4658 9293 4696 9293 4659 9293 4659 9294 4696 9294 4697 9294 4659 9295 4697 9295 4660 9295 4660 9296 4697 9296 4698 9296 4660 9297 4698 9297 4661 9297 4661 9298 4698 9298 4699 9298 4661 9299 4699 9299 4662 9299 4662 9300 4699 9300 4700 9300 4662 9301 4700 9301 4663 9301 4663 9302 4700 9302 4701 9302 4663 9303 4701 9303 4664 9303 4664 9304 4701 9304 4702 9304 4664 9305 4702 9305 4665 9305 4665 9306 4702 9306 4703 9306 4665 9307 4703 9307 4666 9307 4666 9308 4703 9308 4704 9308 4666 9309 4704 9309 4667 9309 4667 9310 4704 9310 4705 9310 4667 9311 4705 9311 4668 9311 4668 9312 4705 9312 4706 9312 4668 9313 4706 9313 4669 9313 4669 9314 4706 9314 4707 9314 4669 9315 4707 9315 4670 9315 4670 9316 4707 9316 4708 9316 4670 9317 4708 9317 4671 9317 4671 9318 4708 9318 4709 9318 4671 9319 4709 9319 4672 9319 4672 9320 4709 9320 4710 9320 4672 9321 4710 9321 4673 9321 4673 9322 4710 9322 4711 9322 4673 9323 4711 9323 4674 9323 4674 9324 4711 9324 4712 9324 4674 9325 4712 9325 4675 9325 4675 9326 4712 9326 4713 9326 4675 9327 4713 9327 4676 9327 4676 9328 4713 9328 4714 9328 4676 9329 4714 9329 4677 9329 4677 9330 4714 9330 4715 9330 4677 9331 4715 9331 4678 9331 4678 9332 4715 9332 4716 9332 4678 9333 4716 9333 4679 9333 4679 9334 4716 9334 4717 9334 4679 9335 4717 9335 4680 9335 4680 9336 4717 9336 4718 9336 4680 9337 4718 9337 4681 9337 4681 9338 4718 9338 4719 9338 4681 9339 4719 9339 4682 9339 4682 9340 4719 9340 4720 9340 4682 9341 4720 9341 4683 9341 4683 9342 4720 9342 4721 9342 4683 9343 4721 9343 4684 9343 4684 9344 4721 9344 4722 9344 4684 9345 4722 9345 4685 9345 4685 9346 4722 9346 4723 9346 4685 9347 4723 9347 4686 9347 4686 9348 4723 9348 4724 9348 4686 9349 4724 9349 4687 9349 4687 9350 4724 9350 4725 9350 4687 9351 4725 9351 4688 9351 4688 9352 4725 9352 4726 9352 4688 9353 4726 9353 4689 9353 4689 9354 4726 9354 4690 9354 4726 9355 4727 9355 4690 9355 4690 9356 4727 9356 4728 9356 4690 9357 4728 9357 4691 9357 4691 9358 4728 9358 4729 9358 4691 9359 4729 9359 4692 9359 4692 9360 4729 9360 4730 9360 4692 9361 4730 9361 4693 9361 4693 9362 4730 9362 4731 9362 4693 9363 4731 9363 4694 9363 4694 9364 4731 9364 4732 9364 4694 9365 4732 9365 4695 9365 4695 9366 4732 9366 4733 9366 4695 9367 4733 9367 4696 9367 4696 9368 4733 9368 4734 9368 4696 9369 4734 9369 4697 9369 4697 9370 4734 9370 4735 9370 4697 9371 4735 9371 4698 9371 4698 9372 4735 9372 4736 9372 4698 9373 4736 9373 4699 9373 4699 9374 4736 9374 4737 9374 4699 9375 4737 9375 4700 9375 4700 9376 4737 9376 4738 9376 4700 9377 4738 9377 4701 9377 4701 9378 4738 9378 4739 9378 4701 9379 4739 9379 4702 9379 4702 9380 4739 9380 4740 9380 4702 9381 4740 9381 4703 9381 4703 9382 4740 9382 4741 9382 4703 9383 4741 9383 4704 9383 4704 9384 4741 9384 4742 9384 4704 9385 4742 9385 4705 9385 4705 9386 4742 9386 4743 9386 4705 9387 4743 9387 4706 9387 4706 9388 4743 9388 4744 9388 4706 9389 4744 9389 4707 9389 4707 9390 4744 9390 4745 9390 4707 9391 4745 9391 4708 9391 4708 9392 4745 9392 4746 9392 4708 9393 4746 9393 4709 9393 4709 9394 4746 9394 4747 9394 4709 9395 4747 9395 4710 9395 4710 9396 4747 9396 4748 9396 4710 9397 4748 9397 4711 9397 4711 9398 4748 9398 4749 9398 4711 9399 4749 9399 4712 9399 4712 9400 4749 9400 4750 9400 4712 9401 4750 9401 4713 9401 4713 9402 4750 9402 4751 9402 4713 9403 4751 9403 4714 9403 4714 9404 4751 9404 4752 9404 4714 9405 4752 9405 4715 9405 4715 9406 4752 9406 4753 9406 4715 9407 4753 9407 4716 9407 4716 9408 4753 9408 4754 9408 4716 9409 4754 9409 4717 9409 4717 9410 4754 9410 4755 9410 4717 9411 4755 9411 4718 9411 4718 9412 4755 9412 4756 9412 4718 9413 4756 9413 4719 9413 4719 9414 4756 9414 4757 9414 4719 9415 4757 9415 4720 9415 4720 9416 4757 9416 4758 9416 4720 9417 4758 9417 4721 9417 4721 9418 4758 9418 4759 9418 4721 9419 4759 9419 4722 9419 4722 9420 4759 9420 4760 9420 4722 9421 4760 9421 4723 9421 4723 9422 4760 9422 4761 9422 4723 9423 4761 9423 4724 9423 4724 9424 4761 9424 4762 9424 4724 9425 4762 9425 4725 9425 4725 9426 4762 9426 4763 9426 4725 9427 4763 9427 4726 9427 4726 9428 4763 9428 4727 9428 4763 9429 4764 9429 4727 9429 4727 9430 4764 9430 4765 9430 4727 9431 4765 9431 4728 9431 4728 9432 4765 9432 4766 9432 4728 9433 4766 9433 4729 9433 4729 9434 4766 9434 4767 9434 4729 9435 4767 9435 4730 9435 4730 9436 4767 9436 4768 9436 4730 9437 4768 9437 4731 9437 4731 9438 4768 9438 4769 9438 4731 9439 4769 9439 4732 9439 4732 9440 4769 9440 4770 9440 4732 9441 4770 9441 4733 9441 4733 9442 4770 9442 4771 9442 4733 9443 4771 9443 4734 9443 4734 9444 4771 9444 4772 9444 4734 9445 4772 9445 4735 9445 4735 9446 4772 9446 4773 9446 4735 9447 4773 9447 4736 9447 4736 9448 4773 9448 4774 9448 4736 9449 4774 9449 4737 9449 4737 9450 4774 9450 4775 9450 4737 9451 4775 9451 4738 9451 4738 9452 4775 9452 4776 9452 4738 9453 4776 9453 4739 9453 4739 9454 4776 9454 4777 9454 4739 9455 4777 9455 4740 9455 4740 9456 4777 9456 4778 9456 4740 9457 4778 9457 4741 9457 4741 9458 4778 9458 4779 9458 4741 9459 4779 9459 4742 9459 4742 9460 4779 9460 4780 9460 4742 9461 4780 9461 4743 9461 4743 9462 4780 9462 4781 9462 4743 9463 4781 9463 4744 9463 4744 9464 4781 9464 4782 9464 4744 9465 4782 9465 4745 9465 4745 9466 4782 9466 4783 9466 4745 9467 4783 9467 4746 9467 4746 9468 4783 9468 4784 9468 4746 9469 4784 9469 4747 9469 4747 9470 4784 9470 4785 9470 4747 9471 4785 9471 4748 9471 4748 9472 4785 9472 4786 9472 4748 9473 4786 9473 4749 9473 4749 9474 4786 9474 4787 9474 4749 9475 4787 9475 4750 9475 4750 9476 4787 9476 4788 9476 4750 9477 4788 9477 4751 9477 4751 9478 4788 9478 4789 9478 4751 9479 4789 9479 4752 9479 4752 9480 4789 9480 4790 9480 4752 9481 4790 9481 4753 9481 4753 9482 4790 9482 4791 9482 4753 9483 4791 9483 4754 9483 4754 9484 4791 9484 4792 9484 4754 9485 4792 9485 4755 9485 4755 9486 4792 9486 4793 9486 4755 9487 4793 9487 4756 9487 4756 9488 4793 9488 4794 9488 4756 9489 4794 9489 4757 9489 4757 9490 4794 9490 4795 9490 4757 9491 4795 9491 4758 9491 4758 9492 4795 9492 4796 9492 4758 9493 4796 9493 4759 9493 4759 9494 4796 9494 4797 9494 4759 9495 4797 9495 4760 9495 4760 9496 4797 9496 4798 9496 4760 9497 4798 9497 4761 9497 4761 9498 4798 9498 4799 9498 4761 9499 4799 9499 4762 9499 4762 9500 4799 9500 4800 9500 4762 9501 4800 9501 4763 9501 4763 9502 4800 9502 4764 9502 4800 9503 4801 9503 4764 9503 4764 9504 4801 9504 4802 9504 4764 9505 4802 9505 4765 9505 4765 9506 4802 9506 4803 9506 4765 9507 4803 9507 4766 9507 4766 9508 4803 9508 4804 9508 4766 9509 4804 9509 4767 9509 4767 9510 4804 9510 4805 9510 4767 9511 4805 9511 4768 9511 4768 9512 4805 9512 4806 9512 4768 9513 4806 9513 4769 9513 4769 9514 4806 9514 4807 9514 4769 9515 4807 9515 4770 9515 4770 9516 4807 9516 4808 9516 4770 9517 4808 9517 4771 9517 4771 9518 4808 9518 4809 9518 4771 9519 4809 9519 4772 9519 4772 9520 4809 9520 4810 9520 4772 9521 4810 9521 4773 9521 4773 9522 4810 9522 4811 9522 4773 9523 4811 9523 4774 9523 4774 9524 4811 9524 4812 9524 4774 9525 4812 9525 4775 9525 4775 9526 4812 9526 4813 9526 4775 9527 4813 9527 4776 9527 4776 9528 4813 9528 4814 9528 4776 9529 4814 9529 4777 9529 4777 9530 4814 9530 4815 9530 4777 9531 4815 9531 4778 9531 4778 9532 4815 9532 4816 9532 4778 9533 4816 9533 4779 9533 4779 9534 4816 9534 4817 9534 4779 9535 4817 9535 4780 9535 4780 9536 4817 9536 4818 9536 4780 9537 4818 9537 4781 9537 4781 9538 4818 9538 4819 9538 4781 9539 4819 9539 4782 9539 4782 9540 4819 9540 4820 9540 4782 9541 4820 9541 4783 9541 4783 9542 4820 9542 4821 9542 4783 9543 4821 9543 4784 9543 4784 9544 4821 9544 4822 9544 4784 9545 4822 9545 4785 9545 4785 9546 4822 9546 4823 9546 4785 9547 4823 9547 4786 9547 4786 9548 4823 9548 4824 9548 4786 9549 4824 9549 4787 9549 4787 9550 4824 9550 4825 9550 4787 9551 4825 9551 4788 9551 4788 9552 4825 9552 4826 9552 4788 9553 4826 9553 4789 9553 4789 9554 4826 9554 4827 9554 4789 9555 4827 9555 4790 9555 4790 9556 4827 9556 4828 9556 4790 9557 4828 9557 4791 9557 4791 9558 4828 9558 4829 9558 4791 9559 4829 9559 4792 9559 4792 9560 4829 9560 4830 9560 4792 9561 4830 9561 4793 9561 4793 9562 4830 9562 4831 9562 4793 9563 4831 9563 4794 9563 4794 9564 4831 9564 4832 9564 4794 9565 4832 9565 4795 9565 4795 9566 4832 9566 4833 9566 4795 9567 4833 9567 4796 9567 4796 9568 4833 9568 4834 9568 4796 9569 4834 9569 4797 9569 4797 9570 4834 9570 4835 9570 4797 9571 4835 9571 4798 9571 4798 9572 4835 9572 4836 9572 4798 9573 4836 9573 4799 9573 4799 9574 4836 9574 4837 9574 4799 9575 4837 9575 4800 9575 4800 9576 4837 9576 4801 9576 4837 9577 4838 9577 4801 9577 4801 9578 4838 9578 4839 9578 4801 9579 4839 9579 4802 9579 4802 9580 4839 9580 4840 9580 4802 9581 4840 9581 4803 9581 4803 9582 4840 9582 4841 9582 4803 9583 4841 9583 4804 9583 4804 9584 4841 9584 4842 9584 4804 9585 4842 9585 4805 9585 4805 9586 4842 9586 4843 9586 4805 9587 4843 9587 4806 9587 4806 9588 4843 9588 4844 9588 4806 9589 4844 9589 4807 9589 4807 9590 4844 9590 4845 9590 4807 9591 4845 9591 4808 9591 4808 9592 4845 9592 4846 9592 4808 9593 4846 9593 4809 9593 4809 9594 4846 9594 4847 9594 4809 9595 4847 9595 4810 9595 4810 9596 4847 9596 4848 9596 4810 9597 4848 9597 4811 9597 4811 9598 4848 9598 4849 9598 4811 9599 4849 9599 4812 9599 4812 9600 4849 9600 4850 9600 4812 9601 4850 9601 4813 9601 4813 9602 4850 9602 4851 9602 4813 9603 4851 9603 4814 9603 4814 9604 4851 9604 4852 9604 4814 9605 4852 9605 4815 9605 4815 9606 4852 9606 4853 9606 4815 9607 4853 9607 4816 9607 4816 9608 4853 9608 4854 9608 4816 9609 4854 9609 4817 9609 4817 9610 4854 9610 4855 9610 4817 9611 4855 9611 4818 9611 4818 9612 4855 9612 4856 9612 4818 9613 4856 9613 4819 9613 4819 9614 4856 9614 4857 9614 4819 9615 4857 9615 4820 9615 4820 9616 4857 9616 4858 9616 4820 9617 4858 9617 4821 9617 4821 9618 4858 9618 4859 9618 4821 9619 4859 9619 4822 9619 4822 9620 4859 9620 4860 9620 4822 9621 4860 9621 4823 9621 4823 9622 4860 9622 4861 9622 4823 9623 4861 9623 4824 9623 4824 9624 4861 9624 4862 9624 4824 9625 4862 9625 4825 9625 4825 9626 4862 9626 4863 9626 4825 9627 4863 9627 4826 9627 4826 9628 4863 9628 4864 9628 4826 9629 4864 9629 4827 9629 4827 9630 4864 9630 4865 9630 4827 9631 4865 9631 4828 9631 4828 9632 4865 9632 4866 9632 4828 9633 4866 9633 4829 9633 4829 9634 4866 9634 4867 9634 4829 9635 4867 9635 4830 9635 4830 9636 4867 9636 4868 9636 4830 9637 4868 9637 4831 9637 4831 9638 4868 9638 4869 9638 4831 9639 4869 9639 4832 9639 4832 9640 4869 9640 4870 9640 4832 9641 4870 9641 4833 9641 4833 9642 4870 9642 4871 9642 4833 9643 4871 9643 4834 9643 4834 9644 4871 9644 4872 9644 4834 9645 4872 9645 4835 9645 4835 9646 4872 9646 4873 9646 4835 9647 4873 9647 4836 9647 4836 9648 4873 9648 4874 9648 4836 9649 4874 9649 4837 9649 4837 9650 4874 9650 4838 9650 4874 9651 4875 9651 4838 9651 4838 9652 4875 9652 4876 9652 4838 9653 4876 9653 4839 9653 4839 9654 4876 9654 4877 9654 4839 9655 4877 9655 4840 9655 4840 9656 4877 9656 4878 9656 4840 9657 4878 9657 4841 9657 4841 9658 4878 9658 4879 9658 4841 9659 4879 9659 4842 9659 4842 9660 4879 9660 4880 9660 4842 9661 4880 9661 4843 9661 4843 9662 4880 9662 4881 9662 4843 9663 4881 9663 4844 9663 4844 9664 4881 9664 4882 9664 4844 9665 4882 9665 4845 9665 4845 9666 4882 9666 4883 9666 4845 9667 4883 9667 4846 9667 4846 9668 4883 9668 4884 9668 4846 9669 4884 9669 4847 9669 4847 9670 4884 9670 4885 9670 4847 9671 4885 9671 4848 9671 4848 9672 4885 9672 4886 9672 4848 9673 4886 9673 4849 9673 4849 9674 4886 9674 4887 9674 4849 9675 4887 9675 4850 9675 4850 9676 4887 9676 4888 9676 4850 9677 4888 9677 4851 9677 4851 9678 4888 9678 4889 9678 4851 9679 4889 9679 4852 9679 4852 9680 4889 9680 4890 9680 4852 9681 4890 9681 4853 9681 4853 9682 4890 9682 4891 9682 4853 9683 4891 9683 4854 9683 4854 9684 4891 9684 4892 9684 4854 9685 4892 9685 4855 9685 4855 9686 4892 9686 4893 9686 4855 9687 4893 9687 4856 9687 4856 9688 4893 9688 4894 9688 4856 9689 4894 9689 4857 9689 4857 9690 4894 9690 4895 9690 4857 9691 4895 9691 4858 9691 4858 9692 4895 9692 4896 9692 4858 9693 4896 9693 4859 9693 4859 9694 4896 9694 4897 9694 4859 9695 4897 9695 4860 9695 4860 9696 4897 9696 4898 9696 4860 9697 4898 9697 4861 9697 4861 9698 4898 9698 4899 9698 4861 9699 4899 9699 4862 9699 4862 9700 4899 9700 4900 9700 4862 9701 4900 9701 4863 9701 4863 9702 4900 9702 4901 9702 4863 9703 4901 9703 4864 9703 4864 9704 4901 9704 4902 9704 4864 9705 4902 9705 4865 9705 4865 9706 4902 9706 4903 9706 4865 9707 4903 9707 4866 9707 4866 9708 4903 9708 4904 9708 4866 9709 4904 9709 4867 9709 4867 9710 4904 9710 4905 9710 4867 9711 4905 9711 4868 9711 4868 9712 4905 9712 4906 9712 4868 9713 4906 9713 4869 9713 4869 9714 4906 9714 4907 9714 4869 9715 4907 9715 4870 9715 4870 9716 4907 9716 4908 9716 4870 9717 4908 9717 4871 9717 4871 9718 4908 9718 4909 9718 4871 9719 4909 9719 4872 9719 4872 9720 4909 9720 4910 9720 4872 9721 4910 9721 4873 9721 4873 9722 4910 9722 4911 9722 4873 9723 4911 9723 4874 9723 4874 9724 4911 9724 4875 9724 4911 9725 4912 9725 4875 9725 4875 9726 4912 9726 4913 9726 4875 9727 4913 9727 4876 9727 4876 9728 4913 9728 4914 9728 4876 9729 4914 9729 4877 9729 4877 9730 4914 9730 4915 9730 4877 9731 4915 9731 4878 9731 4878 9732 4915 9732 4916 9732 4878 9733 4916 9733 4879 9733 4879 9734 4916 9734 4917 9734 4879 9735 4917 9735 4880 9735 4880 9736 4917 9736 4918 9736 4880 9737 4918 9737 4881 9737 4881 9738 4918 9738 4919 9738 4881 9739 4919 9739 4882 9739 4882 9740 4919 9740 4920 9740 4882 9741 4920 9741 4883 9741 4883 9742 4920 9742 4921 9742 4883 9743 4921 9743 4884 9743 4884 9744 4921 9744 4922 9744 4884 9745 4922 9745 4885 9745 4885 9746 4922 9746 4923 9746 4885 9747 4923 9747 4886 9747 4886 9748 4923 9748 4924 9748 4886 9749 4924 9749 4887 9749 4887 9750 4924 9750 4925 9750 4887 9751 4925 9751 4888 9751 4888 9752 4925 9752 4926 9752 4888 9753 4926 9753 4889 9753 4889 9754 4926 9754 4927 9754 4889 9755 4927 9755 4890 9755 4890 9756 4927 9756 4928 9756 4890 9757 4928 9757 4891 9757 4891 9758 4928 9758 4929 9758 4891 9759 4929 9759 4892 9759 4892 9760 4929 9760 4930 9760 4892 9761 4930 9761 4893 9761 4893 9762 4930 9762 4931 9762 4893 9763 4931 9763 4894 9763 4894 9764 4931 9764 4932 9764 4894 9765 4932 9765 4895 9765 4895 9766 4932 9766 4933 9766 4895 9767 4933 9767 4896 9767 4896 9768 4933 9768 4934 9768 4896 9769 4934 9769 4897 9769 4897 9770 4934 9770 4935 9770 4897 9771 4935 9771 4898 9771 4898 9772 4935 9772 4936 9772 4898 9773 4936 9773 4899 9773 4899 9774 4936 9774 4937 9774 4899 9775 4937 9775 4900 9775 4900 9776 4937 9776 4938 9776 4900 9777 4938 9777 4901 9777 4901 9778 4938 9778 4939 9778 4901 9779 4939 9779 4902 9779 4902 9780 4939 9780 4940 9780 4902 9781 4940 9781 4903 9781 4903 9782 4940 9782 4941 9782 4903 9783 4941 9783 4904 9783 4904 9784 4941 9784 4942 9784 4904 9785 4942 9785 4905 9785 4905 9786 4942 9786 4943 9786 4905 9787 4943 9787 4906 9787 4906 9788 4943 9788 4944 9788 4906 9789 4944 9789 4907 9789 4907 9790 4944 9790 4945 9790 4907 9791 4945 9791 4908 9791 4908 9792 4945 9792 4946 9792 4908 9793 4946 9793 4909 9793 4909 9794 4946 9794 4947 9794 4909 9795 4947 9795 4910 9795 4910 9796 4947 9796 4948 9796 4910 9797 4948 9797 4911 9797 4911 9798 4948 9798 4912 9798 4948 9799 4949 9799 4912 9799 4912 9800 4949 9800 4950 9800 4912 9801 4950 9801 4913 9801 4913 9802 4950 9802 4951 9802 4913 9803 4951 9803 4914 9803 4914 9804 4951 9804 4952 9804 4914 9805 4952 9805 4915 9805 4915 9806 4952 9806 4953 9806 4915 9807 4953 9807 4916 9807 4916 9808 4953 9808 4954 9808 4916 9809 4954 9809 4917 9809 4917 9810 4954 9810 4955 9810 4917 9811 4955 9811 4918 9811 4918 9812 4955 9812 4956 9812 4918 9813 4956 9813 4919 9813 4919 9814 4956 9814 4957 9814 4919 9815 4957 9815 4920 9815 4920 9816 4957 9816 4958 9816 4920 9817 4958 9817 4921 9817 4921 9818 4958 9818 4959 9818 4921 9819 4959 9819 4922 9819 4922 9820 4959 9820 4960 9820 4922 9821 4960 9821 4923 9821 4923 9822 4960 9822 4961 9822 4923 9823 4961 9823 4924 9823 4924 9824 4961 9824 4962 9824 4924 9825 4962 9825 4925 9825 4925 9826 4962 9826 4963 9826 4925 9827 4963 9827 4926 9827 4926 9828 4963 9828 4964 9828 4926 9829 4964 9829 4927 9829 4927 9830 4964 9830 4965 9830 4927 9831 4965 9831 4928 9831 4928 9832 4965 9832 4966 9832 4928 9833 4966 9833 4929 9833 4929 9834 4966 9834 4967 9834 4929 9835 4967 9835 4930 9835 4930 9836 4967 9836 4968 9836 4930 9837 4968 9837 4931 9837 4931 9838 4968 9838 4969 9838 4931 9839 4969 9839 4932 9839 4932 9840 4969 9840 4970 9840 4932 9841 4970 9841 4933 9841 4933 9842 4970 9842 4971 9842 4933 9843 4971 9843 4934 9843 4934 9844 4971 9844 4972 9844 4934 9845 4972 9845 4935 9845 4935 9846 4972 9846 4973 9846 4935 9847 4973 9847 4936 9847 4936 9848 4973 9848 4974 9848 4936 9849 4974 9849 4937 9849 4937 9850 4974 9850 4975 9850 4937 9851 4975 9851 4938 9851 4938 9852 4975 9852 4976 9852 4938 9853 4976 9853 4939 9853 4939 9854 4976 9854 4977 9854 4939 9855 4977 9855 4940 9855 4940 9856 4977 9856 4978 9856 4940 9857 4978 9857 4941 9857 4941 9858 4978 9858 4979 9858 4941 9859 4979 9859 4942 9859 4942 9860 4979 9860 4980 9860 4942 9861 4980 9861 4943 9861 4943 9862 4980 9862 4981 9862 4943 9863 4981 9863 4944 9863 4944 9864 4981 9864 4982 9864 4944 9865 4982 9865 4945 9865 4945 9866 4982 9866 4983 9866 4945 9867 4983 9867 4946 9867 4946 9868 4983 9868 4984 9868 4946 9869 4984 9869 4947 9869 4947 9870 4984 9870 4985 9870 4947 9871 4985 9871 4948 9871 4948 9872 4985 9872 4949 9872 4985 9873 4986 9873 4949 9873 4949 9874 4986 9874 4987 9874 4949 9875 4987 9875 4950 9875 4950 9876 4987 9876 4988 9876 4950 9877 4988 9877 4951 9877 4951 9878 4988 9878 4989 9878 4951 9879 4989 9879 4952 9879 4952 9880 4989 9880 4990 9880 4952 9881 4990 9881 4953 9881 4953 9882 4990 9882 4991 9882 4953 9883 4991 9883 4954 9883 4954 9884 4991 9884 4992 9884 4954 9885 4992 9885 4955 9885 4955 9886 4992 9886 4993 9886 4955 9887 4993 9887 4956 9887 4956 9888 4993 9888 4994 9888 4956 9889 4994 9889 4957 9889 4957 9890 4994 9890 4995 9890 4957 9891 4995 9891 4958 9891 4958 9892 4995 9892 4996 9892 4958 9893 4996 9893 4959 9893 4959 9894 4996 9894 4997 9894 4959 9895 4997 9895 4960 9895 4960 9896 4997 9896 4998 9896 4960 9897 4998 9897 4961 9897 4961 9898 4998 9898 4999 9898 4961 9899 4999 9899 4962 9899 4962 9900 4999 9900 5000 9900 4962 9901 5000 9901 4963 9901 4963 9902 5000 9902 5001 9902 4963 9903 5001 9903 4964 9903 4964 9904 5001 9904 5002 9904 4964 9905 5002 9905 4965 9905 4965 9906 5002 9906 5003 9906 4965 9907 5003 9907 4966 9907 4966 9908 5003 9908 5004 9908 4966 9909 5004 9909 4967 9909 4967 9910 5004 9910 5005 9910 4967 9911 5005 9911 4968 9911 4968 9912 5005 9912 5006 9912 4968 9913 5006 9913 4969 9913 4969 9914 5006 9914 5007 9914 4969 9915 5007 9915 4970 9915 4970 9916 5007 9916 5008 9916 4970 9917 5008 9917 4971 9917 4971 9918 5008 9918 5009 9918 4971 9919 5009 9919 4972 9919 4972 9920 5009 9920 5010 9920 4972 9921 5010 9921 4973 9921 4973 9922 5010 9922 5011 9922 4973 9923 5011 9923 4974 9923 4974 9924 5011 9924 5012 9924 4974 9925 5012 9925 4975 9925 4975 9926 5012 9926 5013 9926 4975 9927 5013 9927 4976 9927 4976 9928 5013 9928 5014 9928 4976 9929 5014 9929 4977 9929 4977 9930 5014 9930 5015 9930 4977 9931 5015 9931 4978 9931 4978 9932 5015 9932 5016 9932 4978 9933 5016 9933 4979 9933 4979 9934 5016 9934 5017 9934 4979 9935 5017 9935 4980 9935 4980 9936 5017 9936 5018 9936 4980 9937 5018 9937 4981 9937 4981 9938 5018 9938 5019 9938 4981 9939 5019 9939 4982 9939 4982 9940 5019 9940 5020 9940 4982 9941 5020 9941 4983 9941 4983 9942 5020 9942 5021 9942 4983 9943 5021 9943 4984 9943 4984 9944 5021 9944 5022 9944 4984 9945 5022 9945 4985 9945 4985 9946 5022 9946 4986 9946 4577 9947 4578 9947 5004 9947 5004 9948 4578 9948 4579 9948 5004 9949 4579 9949 5005 9949 5005 9950 4579 9950 4580 9950 5005 9951 4580 9951 5006 9951 5006 9952 4580 9952 4581 9952 5006 9953 4581 9953 5007 9953 5007 9954 4581 9954 4582 9954 5007 9955 4582 9955 5008 9955 5008 9956 4582 9956 4583 9956 5008 9957 4583 9957 5009 9957 5009 9958 4583 9958 4584 9958 5009 9959 4584 9959 5010 9959 5010 9960 4584 9960 4585 9960 5010 9961 4585 9961 5011 9961 5011 9962 4585 9962 4586 9962 5011 9963 4586 9963 5012 9963 5012 9964 4586 9964 4587 9964 5012 9965 4587 9965 5013 9965 5013 9966 4587 9966 4588 9966 5013 9967 4588 9967 5014 9967 5014 9968 4588 9968 4589 9968 5014 9969 4589 9969 5015 9969 5015 9970 4589 9970 4590 9970 5015 9971 4590 9971 5016 9971 5016 9972 4590 9972 4591 9972 5016 9973 4591 9973 5017 9973 5017 9974 4591 9974 4592 9974 5017 9975 4592 9975 5018 9975 5018 9976 4592 9976 4593 9976 5018 9977 4593 9977 5019 9977 5019 9978 4593 9978 4594 9978 5019 9979 4594 9979 5020 9979 5020 9980 4594 9980 4595 9980 5020 9981 4595 9981 5021 9981 5021 9982 4595 9982 4596 9982 5021 9983 4596 9983 5022 9983 5022 9984 4596 9984 4597 9984 5022 9985 4597 9985 4986 9985 4986 9986 4597 9986 4598 9986 4986 9987 4598 9987 4987 9987 4987 9988 4598 9988 4599 9988 4987 9989 4599 9989 4988 9989 4988 9990 4599 9990 4600 9990 4988 9991 4600 9991 4989 9991 4989 9992 4600 9992 4601 9992 4989 9993 4601 9993 4990 9993 4990 9994 4601 9994 4602 9994 4990 9995 4602 9995 4991 9995 4991 9996 4602 9996 4603 9996 4991 9997 4603 9997 4992 9997 4992 9998 4603 9998 4604 9998 4992 9999 4604 9999 4993 9999 4993 10000 4604 10000 4605 10000 4993 10001 4605 10001 4994 10001 4994 10002 4605 10002 4606 10002 4994 10003 4606 10003 4995 10003 4995 10004 4606 10004 4607 10004 4995 10005 4607 10005 4996 10005 4996 10006 4607 10006 4608 10006 4996 10007 4608 10007 4997 10007 4997 10008 4608 10008 4609 10008 4997 10009 4609 10009 4998 10009 4998 10010 4609 10010 4610 10010 4998 10011 4610 10011 4999 10011 4999 10012 4610 10012 4611 10012 4999 10013 4611 10013 5000 10013 5000 10014 4611 10014 4612 10014 5000 10015 4612 10015 5001 10015 5001 10016 4612 10016 4613 10016 5001 10017 4613 10017 5002 10017 5002 10018 4613 10018 4614 10018 5002 10019 4614 10019 5003 10019 5003 10020 4614 10020 4577 10020 5003 10021 4577 10021 5004 10021 5023 10022 1877 10022 5024 10022 5024 10023 1877 10023 1876 10023 5024 10024 1876 10024 5025 10024 5025 10025 1876 10025 1875 10025 5025 10026 1875 10026 5026 10026 5026 10027 1875 10027 1874 10027 5026 10028 1874 10028 5027 10028 5027 10029 1874 10029 1873 10029 5027 10030 1873 10030 5028 10030 5028 10031 1873 10031 1872 10031 5028 10032 1872 10032 5029 10032 5029 10033 1872 10033 1871 10033 5029 10034 1871 10034 5030 10034 5030 10035 1871 10035 1870 10035 5030 10036 1870 10036 5031 10036 5031 10037 1870 10037 1869 10037 5031 10038 1869 10038 5032 10038 5032 10039 1869 10039 1868 10039 5032 10040 1868 10040 5033 10040 5033 10041 1868 10041 1867 10041 5033 10042 1867 10042 5034 10042 5034 10043 1867 10043 1866 10043 5034 10044 1866 10044 5035 10044 5035 10045 1866 10045 1865 10045 5035 10046 1865 10046 5036 10046 5036 10047 1865 10047 1864 10047 5036 10048 1864 10048 5037 10048 5037 10049 1864 10049 1863 10049 5037 10050 1863 10050 5038 10050 5038 10051 1863 10051 1900 10051 5038 10052 1900 10052 5039 10052 5039 10053 1900 10053 1899 10053 5039 10054 1899 10054 5040 10054 5040 10055 1899 10055 1898 10055 5040 10056 1898 10056 5041 10056 5041 10057 1898 10057 1897 10057 5041 10058 1897 10058 5042 10058 5042 10059 1897 10059 1896 10059 5042 10060 1896 10060 5043 10060 5043 10061 1896 10061 1895 10061 5043 10062 1895 10062 5044 10062 5044 10063 1895 10063 1894 10063 5044 10064 1894 10064 5045 10064 5045 10065 1894 10065 1893 10065 5045 10066 1893 10066 5046 10066 5046 10067 1893 10067 1892 10067 5046 10068 1892 10068 5047 10068 5047 10069 1892 10069 1891 10069 5047 10070 1891 10070 5048 10070 5048 10071 1891 10071 1890 10071 5048 10072 1890 10072 5049 10072 5049 10073 1890 10073 1889 10073 5049 10074 1889 10074 5050 10074 5050 10075 1889 10075 1888 10075 5050 10076 1888 10076 5051 10076 5051 10077 1888 10077 1887 10077 5051 10078 1887 10078 5052 10078 5052 10079 1887 10079 1886 10079 5052 10080 1886 10080 5053 10080 5053 10081 1886 10081 1885 10081 5053 10082 1885 10082 5054 10082 5054 10083 1885 10083 1884 10083 5054 10084 1884 10084 5055 10084 5055 10085 1884 10085 1883 10085 5055 10086 1883 10086 5056 10086 5056 10087 1883 10087 1882 10087 5056 10088 1882 10088 5057 10088 5057 10089 1882 10089 1881 10089 5057 10090 1881 10090 5058 10090 5058 10091 1881 10091 1880 10091 5058 10092 1880 10092 5059 10092 5059 10093 1880 10093 1879 10093 5059 10094 1879 10094 5060 10094 5060 10095 1879 10095 1878 10095 5060 10096 1878 10096 5023 10096 5023 10097 1878 10097 1877 10097 5061 10098 5062 10098 5063 10098 5064 10099 5065 10099 5063 10099 5063 10100 5065 10100 5066 10100 5063 10101 5066 10101 5061 10101 5067 10102 5068 10102 5063 10102 5063 10103 5068 10103 5069 10103 5063 10104 5069 10104 5064 10104 5070 10105 5071 10105 5063 10105 5063 10106 5071 10106 5072 10106 5063 10107 5072 10107 5067 10107 5073 10108 5074 10108 5063 10108 5063 10109 5074 10109 5075 10109 5063 10110 5075 10110 5070 10110 5076 10111 5077 10111 5063 10111 5063 10112 5077 10112 5078 10112 5063 10113 5078 10113 5073 10113 5079 10114 5080 10114 5063 10114 5063 10115 5080 10115 5081 10115 5063 10116 5081 10116 5076 10116 5082 10117 5083 10117 5063 10117 5063 10118 5083 10118 5084 10118 5063 10119 5084 10119 5079 10119 5085 10120 5086 10120 5063 10120 5063 10121 5086 10121 5087 10121 5063 10122 5087 10122 5082 10122 5088 10123 5089 10123 5063 10123 5063 10124 5089 10124 5090 10124 5063 10125 5090 10125 5085 10125 5091 10126 5092 10126 5063 10126 5063 10127 5092 10127 5093 10127 5063 10128 5093 10128 5088 10128 5094 10129 5095 10129 5063 10129 5063 10130 5095 10130 5096 10130 5063 10131 5096 10131 5091 10131 5062 10132 5097 10132 5063 10132 5063 10133 5097 10133 5098 10133 5063 10134 5098 10134 5094 10134 5061 10135 5099 10135 5062 10135 5062 10136 5099 10136 5100 10136 5062 10137 5100 10137 5097 10137 5097 10138 5100 10138 5101 10138 5097 10139 5101 10139 5098 10139 5098 10140 5101 10140 5102 10140 5098 10141 5102 10141 5094 10141 5094 10142 5102 10142 5103 10142 5094 10143 5103 10143 5095 10143 5095 10144 5103 10144 5104 10144 5095 10145 5104 10145 5096 10145 5096 10146 5104 10146 5105 10146 5096 10147 5105 10147 5091 10147 5091 10148 5105 10148 5106 10148 5091 10149 5106 10149 5092 10149 5092 10150 5106 10150 5107 10150 5092 10151 5107 10151 5093 10151 5093 10152 5107 10152 5108 10152 5093 10153 5108 10153 5088 10153 5088 10154 5108 10154 5109 10154 5088 10155 5109 10155 5089 10155 5089 10156 5109 10156 5110 10156 5089 10157 5110 10157 5090 10157 5090 10158 5110 10158 5111 10158 5090 10159 5111 10159 5085 10159 5085 10160 5111 10160 5112 10160 5085 10161 5112 10161 5086 10161 5086 10162 5112 10162 5113 10162 5086 10163 5113 10163 5087 10163 5087 10164 5113 10164 5114 10164 5087 10165 5114 10165 5082 10165 5082 10166 5114 10166 5115 10166 5082 10167 5115 10167 5083 10167 5083 10168 5115 10168 5116 10168 5083 10169 5116 10169 5084 10169 5084 10170 5116 10170 5117 10170 5084 10171 5117 10171 5079 10171 5079 10172 5117 10172 5118 10172 5079 10173 5118 10173 5080 10173 5080 10174 5118 10174 5119 10174 5080 10175 5119 10175 5081 10175 5081 10176 5119 10176 5120 10176 5081 10177 5120 10177 5076 10177 5076 10178 5120 10178 5121 10178 5076 10179 5121 10179 5077 10179 5077 10180 5121 10180 5122 10180 5077 10181 5122 10181 5078 10181 5078 10182 5122 10182 5123 10182 5078 10183 5123 10183 5073 10183 5073 10184 5123 10184 5124 10184 5073 10185 5124 10185 5074 10185 5074 10186 5124 10186 5125 10186 5074 10187 5125 10187 5075 10187 5075 10188 5125 10188 5126 10188 5075 10189 5126 10189 5070 10189 5070 10190 5126 10190 5127 10190 5070 10191 5127 10191 5071 10191 5071 10192 5127 10192 5128 10192 5071 10193 5128 10193 5072 10193 5072 10194 5128 10194 5129 10194 5072 10195 5129 10195 5067 10195 5067 10196 5129 10196 5130 10196 5067 10197 5130 10197 5068 10197 5068 10198 5130 10198 5131 10198 5068 10199 5131 10199 5069 10199 5069 10200 5131 10200 5132 10200 5069 10201 5132 10201 5064 10201 5064 10202 5132 10202 5133 10202 5064 10203 5133 10203 5065 10203 5065 10204 5133 10204 5134 10204 5065 10205 5134 10205 5066 10205 5066 10206 5134 10206 5135 10206 5066 10207 5135 10207 5061 10207 5061 10208 5135 10208 5099 10208 5135 10209 5136 10209 5099 10209 5099 10210 5136 10210 5137 10210 5099 10211 5137 10211 5100 10211 5100 10212 5137 10212 5138 10212 5100 10213 5138 10213 5101 10213 5101 10214 5138 10214 5139 10214 5101 10215 5139 10215 5102 10215 5102 10216 5139 10216 5140 10216 5102 10217 5140 10217 5103 10217 5103 10218 5140 10218 5141 10218 5103 10219 5141 10219 5104 10219 5104 10220 5141 10220 5142 10220 5104 10221 5142 10221 5105 10221 5105 10222 5142 10222 5143 10222 5105 10223 5143 10223 5106 10223 5106 10224 5143 10224 5144 10224 5106 10225 5144 10225 5107 10225 5107 10226 5144 10226 5145 10226 5107 10227 5145 10227 5108 10227 5108 10228 5145 10228 5146 10228 5108 10229 5146 10229 5109 10229 5109 10230 5146 10230 5147 10230 5109 10231 5147 10231 5110 10231 5110 10232 5147 10232 5148 10232 5110 10233 5148 10233 5111 10233 5111 10234 5148 10234 5149 10234 5111 10235 5149 10235 5112 10235 5112 10236 5149 10236 5150 10236 5112 10237 5150 10237 5113 10237 5113 10238 5150 10238 5151 10238 5113 10239 5151 10239 5114 10239 5114 10240 5151 10240 5152 10240 5114 10241 5152 10241 5115 10241 5115 10242 5152 10242 5153 10242 5115 10243 5153 10243 5116 10243 5116 10244 5153 10244 5154 10244 5116 10245 5154 10245 5117 10245 5117 10246 5154 10246 5155 10246 5117 10247 5155 10247 5118 10247 5118 10248 5155 10248 5156 10248 5118 10249 5156 10249 5119 10249 5119 10250 5156 10250 5157 10250 5119 10251 5157 10251 5120 10251 5120 10252 5157 10252 5158 10252 5120 10253 5158 10253 5121 10253 5121 10254 5158 10254 5159 10254 5121 10255 5159 10255 5122 10255 5122 10256 5159 10256 5160 10256 5122 10257 5160 10257 5123 10257 5123 10258 5160 10258 5161 10258 5123 10259 5161 10259 5124 10259 5124 10260 5161 10260 5162 10260 5124 10261 5162 10261 5125 10261 5125 10262 5162 10262 5163 10262 5125 10263 5163 10263 5126 10263 5126 10264 5163 10264 5164 10264 5126 10265 5164 10265 5127 10265 5127 10266 5164 10266 5165 10266 5127 10267 5165 10267 5128 10267 5128 10268 5165 10268 5166 10268 5128 10269 5166 10269 5129 10269 5129 10270 5166 10270 5167 10270 5129 10271 5167 10271 5130 10271 5130 10272 5167 10272 5168 10272 5130 10273 5168 10273 5131 10273 5131 10274 5168 10274 5169 10274 5131 10275 5169 10275 5132 10275 5132 10276 5169 10276 5170 10276 5132 10277 5170 10277 5133 10277 5133 10278 5170 10278 5171 10278 5133 10279 5171 10279 5134 10279 5134 10280 5171 10280 5172 10280 5134 10281 5172 10281 5135 10281 5135 10282 5172 10282 5136 10282 5172 10283 5173 10283 5136 10283 5136 10284 5173 10284 5174 10284 5136 10285 5174 10285 5137 10285 5137 10286 5174 10286 5175 10286 5137 10287 5175 10287 5138 10287 5138 10288 5175 10288 5176 10288 5138 10289 5176 10289 5139 10289 5139 10290 5176 10290 5177 10290 5139 10291 5177 10291 5140 10291 5140 10292 5177 10292 5178 10292 5140 10293 5178 10293 5141 10293 5141 10294 5178 10294 5179 10294 5141 10295 5179 10295 5142 10295 5142 10296 5179 10296 5180 10296 5142 10297 5180 10297 5143 10297 5143 10298 5180 10298 5181 10298 5143 10299 5181 10299 5144 10299 5144 10300 5181 10300 5182 10300 5144 10301 5182 10301 5145 10301 5145 10302 5182 10302 5183 10302 5145 10303 5183 10303 5146 10303 5146 10304 5183 10304 5184 10304 5146 10305 5184 10305 5147 10305 5147 10306 5184 10306 5185 10306 5147 10307 5185 10307 5148 10307 5148 10308 5185 10308 5186 10308 5148 10309 5186 10309 5149 10309 5149 10310 5186 10310 5187 10310 5149 10311 5187 10311 5150 10311 5150 10312 5187 10312 5188 10312 5150 10313 5188 10313 5151 10313 5151 10314 5188 10314 5189 10314 5151 10315 5189 10315 5152 10315 5152 10316 5189 10316 5190 10316 5152 10317 5190 10317 5153 10317 5153 10318 5190 10318 5191 10318 5153 10319 5191 10319 5154 10319 5154 10320 5191 10320 5192 10320 5154 10321 5192 10321 5155 10321 5155 10322 5192 10322 5193 10322 5155 10323 5193 10323 5156 10323 5156 10324 5193 10324 5194 10324 5156 10325 5194 10325 5157 10325 5157 10326 5194 10326 5195 10326 5157 10327 5195 10327 5158 10327 5158 10328 5195 10328 5196 10328 5158 10329 5196 10329 5159 10329 5159 10330 5196 10330 5197 10330 5159 10331 5197 10331 5160 10331 5160 10332 5197 10332 5198 10332 5160 10333 5198 10333 5161 10333 5161 10334 5198 10334 5199 10334 5161 10335 5199 10335 5162 10335 5162 10336 5199 10336 5200 10336 5162 10337 5200 10337 5163 10337 5163 10338 5200 10338 5201 10338 5163 10339 5201 10339 5164 10339 5164 10340 5201 10340 5202 10340 5164 10341 5202 10341 5165 10341 5165 10342 5202 10342 5203 10342 5165 10343 5203 10343 5166 10343 5166 10344 5203 10344 5204 10344 5166 10345 5204 10345 5167 10345 5167 10346 5204 10346 5205 10346 5167 10347 5205 10347 5168 10347 5168 10348 5205 10348 5206 10348 5168 10349 5206 10349 5169 10349 5169 10350 5206 10350 5207 10350 5169 10351 5207 10351 5170 10351 5170 10352 5207 10352 5208 10352 5170 10353 5208 10353 5171 10353 5171 10354 5208 10354 5209 10354 5171 10355 5209 10355 5172 10355 5172 10356 5209 10356 5173 10356 5209 10357 5210 10357 5173 10357 5173 10358 5210 10358 5211 10358 5173 10359 5211 10359 5174 10359 5174 10360 5211 10360 5212 10360 5174 10361 5212 10361 5175 10361 5175 10362 5212 10362 5213 10362 5175 10363 5213 10363 5176 10363 5176 10364 5213 10364 5214 10364 5176 10365 5214 10365 5177 10365 5177 10366 5214 10366 5215 10366 5177 10367 5215 10367 5178 10367 5178 10368 5215 10368 5216 10368 5178 10369 5216 10369 5179 10369 5179 10370 5216 10370 5217 10370 5179 10371 5217 10371 5180 10371 5180 10372 5217 10372 5218 10372 5180 10373 5218 10373 5181 10373 5181 10374 5218 10374 5219 10374 5181 10375 5219 10375 5182 10375 5182 10376 5219 10376 5220 10376 5182 10377 5220 10377 5183 10377 5183 10378 5220 10378 5221 10378 5183 10379 5221 10379 5184 10379 5184 10380 5221 10380 5222 10380 5184 10381 5222 10381 5185 10381 5185 10382 5222 10382 5223 10382 5185 10383 5223 10383 5186 10383 5186 10384 5223 10384 5224 10384 5186 10385 5224 10385 5187 10385 5187 10386 5224 10386 5225 10386 5187 10387 5225 10387 5188 10387 5188 10388 5225 10388 5226 10388 5188 10389 5226 10389 5189 10389 5189 10390 5226 10390 5227 10390 5189 10391 5227 10391 5190 10391 5190 10392 5227 10392 5228 10392 5190 10393 5228 10393 5191 10393 5191 10394 5228 10394 5229 10394 5191 10395 5229 10395 5192 10395 5192 10396 5229 10396 5230 10396 5192 10397 5230 10397 5193 10397 5193 10398 5230 10398 5231 10398 5193 10399 5231 10399 5194 10399 5194 10400 5231 10400 5232 10400 5194 10401 5232 10401 5195 10401 5195 10402 5232 10402 5233 10402 5195 10403 5233 10403 5196 10403 5196 10404 5233 10404 5234 10404 5196 10405 5234 10405 5197 10405 5197 10406 5234 10406 5235 10406 5197 10407 5235 10407 5198 10407 5198 10408 5235 10408 5236 10408 5198 10409 5236 10409 5199 10409 5199 10410 5236 10410 5237 10410 5199 10411 5237 10411 5200 10411 5200 10412 5237 10412 5238 10412 5200 10413 5238 10413 5201 10413 5201 10414 5238 10414 5239 10414 5201 10415 5239 10415 5202 10415 5202 10416 5239 10416 5240 10416 5202 10417 5240 10417 5203 10417 5203 10418 5240 10418 5241 10418 5203 10419 5241 10419 5204 10419 5204 10420 5241 10420 5242 10420 5204 10421 5242 10421 5205 10421 5205 10422 5242 10422 5243 10422 5205 10423 5243 10423 5206 10423 5206 10424 5243 10424 5244 10424 5206 10425 5244 10425 5207 10425 5207 10426 5244 10426 5245 10426 5207 10427 5245 10427 5208 10427 5208 10428 5245 10428 5246 10428 5208 10429 5246 10429 5209 10429 5209 10430 5246 10430 5210 10430 5246 10431 5247 10431 5210 10431 5210 10432 5247 10432 5248 10432 5210 10433 5248 10433 5211 10433 5211 10434 5248 10434 5249 10434 5211 10435 5249 10435 5212 10435 5212 10436 5249 10436 5250 10436 5212 10437 5250 10437 5213 10437 5213 10438 5250 10438 5251 10438 5213 10439 5251 10439 5214 10439 5214 10440 5251 10440 5252 10440 5214 10441 5252 10441 5215 10441 5215 10442 5252 10442 5253 10442 5215 10443 5253 10443 5216 10443 5216 10444 5253 10444 5254 10444 5216 10445 5254 10445 5217 10445 5217 10446 5254 10446 5255 10446 5217 10447 5255 10447 5218 10447 5218 10448 5255 10448 5256 10448 5218 10449 5256 10449 5219 10449 5219 10450 5256 10450 5257 10450 5219 10451 5257 10451 5220 10451 5220 10452 5257 10452 5258 10452 5220 10453 5258 10453 5221 10453 5221 10454 5258 10454 5259 10454 5221 10455 5259 10455 5222 10455 5222 10456 5259 10456 5260 10456 5222 10457 5260 10457 5223 10457 5223 10458 5260 10458 5261 10458 5223 10459 5261 10459 5224 10459 5224 10460 5261 10460 5262 10460 5224 10461 5262 10461 5225 10461 5225 10462 5262 10462 5263 10462 5225 10463 5263 10463 5226 10463 5226 10464 5263 10464 5264 10464 5226 10465 5264 10465 5227 10465 5227 10466 5264 10466 5265 10466 5227 10467 5265 10467 5228 10467 5228 10468 5265 10468 5266 10468 5228 10469 5266 10469 5229 10469 5229 10470 5266 10470 5267 10470 5229 10471 5267 10471 5230 10471 5230 10472 5267 10472 5268 10472 5230 10473 5268 10473 5231 10473 5231 10474 5268 10474 5269 10474 5231 10475 5269 10475 5232 10475 5232 10476 5269 10476 5270 10476 5232 10477 5270 10477 5233 10477 5233 10478 5270 10478 5271 10478 5233 10479 5271 10479 5234 10479 5234 10480 5271 10480 5272 10480 5234 10481 5272 10481 5235 10481 5235 10482 5272 10482 5273 10482 5235 10483 5273 10483 5236 10483 5236 10484 5273 10484 5274 10484 5236 10485 5274 10485 5237 10485 5237 10486 5274 10486 5275 10486 5237 10487 5275 10487 5238 10487 5238 10488 5275 10488 5276 10488 5238 10489 5276 10489 5239 10489 5239 10490 5276 10490 5277 10490 5239 10491 5277 10491 5240 10491 5240 10492 5277 10492 5278 10492 5240 10493 5278 10493 5241 10493 5241 10494 5278 10494 5279 10494 5241 10495 5279 10495 5242 10495 5242 10496 5279 10496 5280 10496 5242 10497 5280 10497 5243 10497 5243 10498 5280 10498 5281 10498 5243 10499 5281 10499 5244 10499 5244 10500 5281 10500 5282 10500 5244 10501 5282 10501 5245 10501 5245 10502 5282 10502 5283 10502 5245 10503 5283 10503 5246 10503 5246 10504 5283 10504 5247 10504 5283 10505 5284 10505 5247 10505 5247 10506 5284 10506 5285 10506 5247 10507 5285 10507 5248 10507 5248 10508 5285 10508 5286 10508 5248 10509 5286 10509 5249 10509 5249 10510 5286 10510 5287 10510 5249 10511 5287 10511 5250 10511 5250 10512 5287 10512 5288 10512 5250 10513 5288 10513 5251 10513 5251 10514 5288 10514 5289 10514 5251 10515 5289 10515 5252 10515 5252 10516 5289 10516 5290 10516 5252 10517 5290 10517 5253 10517 5253 10518 5290 10518 5291 10518 5253 10519 5291 10519 5254 10519 5254 10520 5291 10520 5292 10520 5254 10521 5292 10521 5255 10521 5255 10522 5292 10522 5293 10522 5255 10523 5293 10523 5256 10523 5256 10524 5293 10524 5294 10524 5256 10525 5294 10525 5257 10525 5257 10526 5294 10526 5295 10526 5257 10527 5295 10527 5258 10527 5258 10528 5295 10528 5296 10528 5258 10529 5296 10529 5259 10529 5259 10530 5296 10530 5297 10530 5259 10531 5297 10531 5260 10531 5260 10532 5297 10532 5298 10532 5260 10533 5298 10533 5261 10533 5261 10534 5298 10534 5299 10534 5261 10535 5299 10535 5262 10535 5262 10536 5299 10536 5300 10536 5262 10537 5300 10537 5263 10537 5263 10538 5300 10538 5301 10538 5263 10539 5301 10539 5264 10539 5264 10540 5301 10540 5302 10540 5264 10541 5302 10541 5265 10541 5265 10542 5302 10542 5303 10542 5265 10543 5303 10543 5266 10543 5266 10544 5303 10544 5304 10544 5266 10545 5304 10545 5267 10545 5267 10546 5304 10546 5305 10546 5267 10547 5305 10547 5268 10547 5268 10548 5305 10548 5306 10548 5268 10549 5306 10549 5269 10549 5269 10550 5306 10550 5307 10550 5269 10551 5307 10551 5270 10551 5270 10552 5307 10552 5308 10552 5270 10553 5308 10553 5271 10553 5271 10554 5308 10554 5309 10554 5271 10555 5309 10555 5272 10555 5272 10556 5309 10556 5310 10556 5272 10557 5310 10557 5273 10557 5273 10558 5310 10558 5311 10558 5273 10559 5311 10559 5274 10559 5274 10560 5311 10560 5312 10560 5274 10561 5312 10561 5275 10561 5275 10562 5312 10562 5313 10562 5275 10563 5313 10563 5276 10563 5276 10564 5313 10564 5314 10564 5276 10565 5314 10565 5277 10565 5277 10566 5314 10566 5315 10566 5277 10567 5315 10567 5278 10567 5278 10568 5315 10568 5316 10568 5278 10569 5316 10569 5279 10569 5279 10570 5316 10570 5317 10570 5279 10571 5317 10571 5280 10571 5280 10572 5317 10572 5318 10572 5280 10573 5318 10573 5281 10573 5281 10574 5318 10574 5319 10574 5281 10575 5319 10575 5282 10575 5282 10576 5319 10576 5320 10576 5282 10577 5320 10577 5283 10577 5283 10578 5320 10578 5284 10578 5320 10579 5321 10579 5284 10579 5284 10580 5321 10580 5322 10580 5284 10581 5322 10581 5285 10581 5285 10582 5322 10582 5323 10582 5285 10583 5323 10583 5286 10583 5286 10584 5323 10584 5324 10584 5286 10585 5324 10585 5287 10585 5287 10586 5324 10586 5325 10586 5287 10587 5325 10587 5288 10587 5288 10588 5325 10588 5326 10588 5288 10589 5326 10589 5289 10589 5289 10590 5326 10590 5327 10590 5289 10591 5327 10591 5290 10591 5290 10592 5327 10592 5328 10592 5290 10593 5328 10593 5291 10593 5291 10594 5328 10594 5329 10594 5291 10595 5329 10595 5292 10595 5292 10596 5329 10596 5330 10596 5292 10597 5330 10597 5293 10597 5293 10598 5330 10598 5331 10598 5293 10599 5331 10599 5294 10599 5294 10600 5331 10600 5332 10600 5294 10601 5332 10601 5295 10601 5295 10602 5332 10602 5333 10602 5295 10603 5333 10603 5296 10603 5296 10604 5333 10604 5334 10604 5296 10605 5334 10605 5297 10605 5297 10606 5334 10606 5335 10606 5297 10607 5335 10607 5298 10607 5298 10608 5335 10608 5336 10608 5298 10609 5336 10609 5299 10609 5299 10610 5336 10610 5337 10610 5299 10611 5337 10611 5300 10611 5300 10612 5337 10612 5338 10612 5300 10613 5338 10613 5301 10613 5301 10614 5338 10614 5339 10614 5301 10615 5339 10615 5302 10615 5302 10616 5339 10616 5340 10616 5302 10617 5340 10617 5303 10617 5303 10618 5340 10618 5341 10618 5303 10619 5341 10619 5304 10619 5304 10620 5341 10620 5342 10620 5304 10621 5342 10621 5305 10621 5305 10622 5342 10622 5343 10622 5305 10623 5343 10623 5306 10623 5306 10624 5343 10624 5344 10624 5306 10625 5344 10625 5307 10625 5307 10626 5344 10626 5345 10626 5307 10627 5345 10627 5308 10627 5308 10628 5345 10628 5346 10628 5308 10629 5346 10629 5309 10629 5309 10630 5346 10630 5347 10630 5309 10631 5347 10631 5310 10631 5310 10632 5347 10632 5348 10632 5310 10633 5348 10633 5311 10633 5311 10634 5348 10634 5349 10634 5311 10635 5349 10635 5312 10635 5312 10636 5349 10636 5350 10636 5312 10637 5350 10637 5313 10637 5313 10638 5350 10638 5351 10638 5313 10639 5351 10639 5314 10639 5314 10640 5351 10640 5352 10640 5314 10641 5352 10641 5315 10641 5315 10642 5352 10642 5353 10642 5315 10643 5353 10643 5316 10643 5316 10644 5353 10644 5354 10644 5316 10645 5354 10645 5317 10645 5317 10646 5354 10646 5355 10646 5317 10647 5355 10647 5318 10647 5318 10648 5355 10648 5356 10648 5318 10649 5356 10649 5319 10649 5319 10650 5356 10650 5357 10650 5319 10651 5357 10651 5320 10651 5320 10652 5357 10652 5321 10652 5357 10653 5358 10653 5321 10653 5321 10654 5358 10654 5359 10654 5321 10655 5359 10655 5322 10655 5322 10656 5359 10656 5360 10656 5322 10657 5360 10657 5323 10657 5323 10658 5360 10658 5361 10658 5323 10659 5361 10659 5324 10659 5324 10660 5361 10660 5362 10660 5324 10661 5362 10661 5325 10661 5325 10662 5362 10662 5363 10662 5325 10663 5363 10663 5326 10663 5326 10664 5363 10664 5364 10664 5326 10665 5364 10665 5327 10665 5327 10666 5364 10666 5365 10666 5327 10667 5365 10667 5328 10667 5328 10668 5365 10668 5366 10668 5328 10669 5366 10669 5329 10669 5329 10670 5366 10670 5367 10670 5329 10671 5367 10671 5330 10671 5330 10672 5367 10672 5368 10672 5330 10673 5368 10673 5331 10673 5331 10674 5368 10674 5369 10674 5331 10675 5369 10675 5332 10675 5332 10676 5369 10676 5370 10676 5332 10677 5370 10677 5333 10677 5333 10678 5370 10678 5371 10678 5333 10679 5371 10679 5334 10679 5334 10680 5371 10680 5372 10680 5334 10681 5372 10681 5335 10681 5335 10682 5372 10682 5373 10682 5335 10683 5373 10683 5336 10683 5336 10684 5373 10684 5374 10684 5336 10685 5374 10685 5337 10685 5337 10686 5374 10686 5375 10686 5337 10687 5375 10687 5338 10687 5338 10688 5375 10688 5376 10688 5338 10689 5376 10689 5339 10689 5339 10690 5376 10690 5377 10690 5339 10691 5377 10691 5340 10691 5340 10692 5377 10692 5378 10692 5340 10693 5378 10693 5341 10693 5341 10694 5378 10694 5379 10694 5341 10695 5379 10695 5342 10695 5342 10696 5379 10696 5380 10696 5342 10697 5380 10697 5343 10697 5343 10698 5380 10698 5381 10698 5343 10699 5381 10699 5344 10699 5344 10700 5381 10700 5382 10700 5344 10701 5382 10701 5345 10701 5345 10702 5382 10702 5383 10702 5345 10703 5383 10703 5346 10703 5346 10704 5383 10704 5384 10704 5346 10705 5384 10705 5347 10705 5347 10706 5384 10706 5385 10706 5347 10707 5385 10707 5348 10707 5348 10708 5385 10708 5386 10708 5348 10709 5386 10709 5349 10709 5349 10710 5386 10710 5387 10710 5349 10711 5387 10711 5350 10711 5350 10712 5387 10712 5388 10712 5350 10713 5388 10713 5351 10713 5351 10714 5388 10714 5389 10714 5351 10715 5389 10715 5352 10715 5352 10716 5389 10716 5390 10716 5352 10717 5390 10717 5353 10717 5353 10718 5390 10718 5391 10718 5353 10719 5391 10719 5354 10719 5354 10720 5391 10720 5392 10720 5354 10721 5392 10721 5355 10721 5355 10722 5392 10722 5393 10722 5355 10723 5393 10723 5356 10723 5356 10724 5393 10724 5394 10724 5356 10725 5394 10725 5357 10725 5357 10726 5394 10726 5358 10726 5394 10727 5395 10727 5358 10727 5358 10728 5395 10728 5396 10728 5358 10729 5396 10729 5359 10729 5359 10730 5396 10730 5397 10730 5359 10731 5397 10731 5360 10731 5360 10732 5397 10732 5398 10732 5360 10733 5398 10733 5361 10733 5361 10734 5398 10734 5399 10734 5361 10735 5399 10735 5362 10735 5362 10736 5399 10736 5400 10736 5362 10737 5400 10737 5363 10737 5363 10738 5400 10738 5401 10738 5363 10739 5401 10739 5364 10739 5364 10740 5401 10740 5402 10740 5364 10741 5402 10741 5365 10741 5365 10742 5402 10742 5403 10742 5365 10743 5403 10743 5366 10743 5366 10744 5403 10744 5404 10744 5366 10745 5404 10745 5367 10745 5367 10746 5404 10746 5405 10746 5367 10747 5405 10747 5368 10747 5368 10748 5405 10748 5406 10748 5368 10749 5406 10749 5369 10749 5369 10750 5406 10750 5407 10750 5369 10751 5407 10751 5370 10751 5370 10752 5407 10752 5408 10752 5370 10753 5408 10753 5371 10753 5371 10754 5408 10754 5409 10754 5371 10755 5409 10755 5372 10755 5372 10756 5409 10756 5410 10756 5372 10757 5410 10757 5373 10757 5373 10758 5410 10758 5411 10758 5373 10759 5411 10759 5374 10759 5374 10760 5411 10760 5412 10760 5374 10761 5412 10761 5375 10761 5375 10762 5412 10762 5413 10762 5375 10763 5413 10763 5376 10763 5376 10764 5413 10764 5414 10764 5376 10765 5414 10765 5377 10765 5377 10766 5414 10766 5415 10766 5377 10767 5415 10767 5378 10767 5378 10768 5415 10768 5416 10768 5378 10769 5416 10769 5379 10769 5379 10770 5416 10770 5417 10770 5379 10771 5417 10771 5380 10771 5380 10772 5417 10772 5418 10772 5380 10773 5418 10773 5381 10773 5381 10774 5418 10774 5419 10774 5381 10775 5419 10775 5382 10775 5382 10776 5419 10776 5420 10776 5382 10777 5420 10777 5383 10777 5383 10778 5420 10778 5421 10778 5383 10779 5421 10779 5384 10779 5384 10780 5421 10780 5422 10780 5384 10781 5422 10781 5385 10781 5385 10782 5422 10782 5423 10782 5385 10783 5423 10783 5386 10783 5386 10784 5423 10784 5424 10784 5386 10785 5424 10785 5387 10785 5387 10786 5424 10786 5425 10786 5387 10787 5425 10787 5388 10787 5388 10788 5425 10788 5426 10788 5388 10789 5426 10789 5389 10789 5389 10790 5426 10790 5427 10790 5389 10791 5427 10791 5390 10791 5390 10792 5427 10792 5428 10792 5390 10793 5428 10793 5391 10793 5391 10794 5428 10794 5429 10794 5391 10795 5429 10795 5392 10795 5392 10796 5429 10796 5430 10796 5392 10797 5430 10797 5393 10797 5393 10798 5430 10798 5431 10798 5393 10799 5431 10799 5394 10799 5394 10800 5431 10800 5395 10800 5431 10801 5432 10801 5395 10801 5395 10802 5432 10802 5433 10802 5395 10803 5433 10803 5396 10803 5396 10804 5433 10804 5434 10804 5396 10805 5434 10805 5397 10805 5397 10806 5434 10806 5435 10806 5397 10807 5435 10807 5398 10807 5398 10808 5435 10808 5436 10808 5398 10809 5436 10809 5399 10809 5399 10810 5436 10810 5437 10810 5399 10811 5437 10811 5400 10811 5400 10812 5437 10812 5438 10812 5400 10813 5438 10813 5401 10813 5401 10814 5438 10814 5439 10814 5401 10815 5439 10815 5402 10815 5402 10816 5439 10816 5440 10816 5402 10817 5440 10817 5403 10817 5403 10818 5440 10818 5441 10818 5403 10819 5441 10819 5404 10819 5404 10820 5441 10820 5442 10820 5404 10821 5442 10821 5405 10821 5405 10822 5442 10822 5443 10822 5405 10823 5443 10823 5406 10823 5406 10824 5443 10824 5444 10824 5406 10825 5444 10825 5407 10825 5407 10826 5444 10826 5445 10826 5407 10827 5445 10827 5408 10827 5408 10828 5445 10828 5446 10828 5408 10829 5446 10829 5409 10829 5409 10830 5446 10830 5447 10830 5409 10831 5447 10831 5410 10831 5410 10832 5447 10832 5448 10832 5410 10833 5448 10833 5411 10833 5411 10834 5448 10834 5449 10834 5411 10835 5449 10835 5412 10835 5412 10836 5449 10836 5450 10836 5412 10837 5450 10837 5413 10837 5413 10838 5450 10838 5451 10838 5413 10839 5451 10839 5414 10839 5414 10840 5451 10840 5452 10840 5414 10841 5452 10841 5415 10841 5415 10842 5452 10842 5453 10842 5415 10843 5453 10843 5416 10843 5416 10844 5453 10844 5454 10844 5416 10845 5454 10845 5417 10845 5417 10846 5454 10846 5455 10846 5417 10847 5455 10847 5418 10847 5418 10848 5455 10848 5456 10848 5418 10849 5456 10849 5419 10849 5419 10850 5456 10850 5457 10850 5419 10851 5457 10851 5420 10851 5420 10852 5457 10852 5458 10852 5420 10853 5458 10853 5421 10853 5421 10854 5458 10854 5459 10854 5421 10855 5459 10855 5422 10855 5422 10856 5459 10856 5460 10856 5422 10857 5460 10857 5423 10857 5423 10858 5460 10858 5461 10858 5423 10859 5461 10859 5424 10859 5424 10860 5461 10860 5462 10860 5424 10861 5462 10861 5425 10861 5425 10862 5462 10862 5463 10862 5425 10863 5463 10863 5426 10863 5426 10864 5463 10864 5464 10864 5426 10865 5464 10865 5427 10865 5427 10866 5464 10866 5465 10866 5427 10867 5465 10867 5428 10867 5428 10868 5465 10868 5466 10868 5428 10869 5466 10869 5429 10869 5429 10870 5466 10870 5467 10870 5429 10871 5467 10871 5430 10871 5430 10872 5467 10872 5468 10872 5430 10873 5468 10873 5431 10873 5431 10874 5468 10874 5432 10874 5035 10875 5036 10875 5450 10875 5450 10876 5036 10876 5037 10876 5450 10877 5037 10877 5451 10877 5451 10878 5037 10878 5038 10878 5451 10879 5038 10879 5452 10879 5452 10880 5038 10880 5039 10880 5452 10881 5039 10881 5453 10881 5453 10882 5039 10882 5040 10882 5453 10883 5040 10883 5454 10883 5454 10884 5040 10884 5041 10884 5454 10885 5041 10885 5455 10885 5455 10886 5041 10886 5042 10886 5455 10887 5042 10887 5456 10887 5456 10888 5042 10888 5043 10888 5456 10889 5043 10889 5457 10889 5457 10890 5043 10890 5044 10890 5457 10891 5044 10891 5458 10891 5458 10892 5044 10892 5045 10892 5458 10893 5045 10893 5459 10893 5459 10894 5045 10894 5046 10894 5459 10895 5046 10895 5460 10895 5460 10896 5046 10896 5047 10896 5460 10897 5047 10897 5461 10897 5461 10898 5047 10898 5048 10898 5461 10899 5048 10899 5462 10899 5462 10900 5048 10900 5049 10900 5462 10901 5049 10901 5463 10901 5463 10902 5049 10902 5050 10902 5463 10903 5050 10903 5464 10903 5464 10904 5050 10904 5051 10904 5464 10905 5051 10905 5465 10905 5465 10906 5051 10906 5052 10906 5465 10907 5052 10907 5466 10907 5466 10908 5052 10908 5053 10908 5466 10909 5053 10909 5467 10909 5467 10910 5053 10910 5054 10910 5467 10911 5054 10911 5468 10911 5468 10912 5054 10912 5055 10912 5468 10913 5055 10913 5432 10913 5432 10914 5055 10914 5056 10914 5432 10915 5056 10915 5433 10915 5433 10916 5056 10916 5057 10916 5433 10917 5057 10917 5434 10917 5434 10918 5057 10918 5058 10918 5434 10919 5058 10919 5435 10919 5435 10920 5058 10920 5059 10920 5435 10921 5059 10921 5436 10921 5436 10922 5059 10922 5060 10922 5436 10923 5060 10923 5437 10923 5437 10924 5060 10924 5023 10924 5437 10925 5023 10925 5438 10925 5438 10926 5023 10926 5024 10926 5438 10927 5024 10927 5439 10927 5439 10928 5024 10928 5025 10928 5439 10929 5025 10929 5440 10929 5440 10930 5025 10930 5026 10930 5440 10931 5026 10931 5441 10931 5441 10932 5026 10932 5027 10932 5441 10933 5027 10933 5442 10933 5442 10934 5027 10934 5028 10934 5442 10935 5028 10935 5443 10935 5443 10936 5028 10936 5029 10936 5443 10937 5029 10937 5444 10937 5444 10938 5029 10938 5030 10938 5444 10939 5030 10939 5445 10939 5445 10940 5030 10940 5031 10940 5445 10941 5031 10941 5446 10941 5446 10942 5031 10942 5032 10942 5446 10943 5032 10943 5447 10943 5447 10944 5032 10944 5033 10944 5447 10945 5033 10945 5448 10945 5448 10946 5033 10946 5034 10946 5448 10947 5034 10947 5449 10947 5449 10948 5034 10948 5035 10948 5449 10949 5035 10949 5450 10949</p>
        </triangles>
      </mesh>
    </geometry>
  </library_geometries>
  <library_visual_scenes>
    <visual_scene id="Scene" name="Scene">
      <node id="inlet2" name="inlet2" type="NODE">
        <matrix sid="transform">0.001 0 0 0 0 0.001 0 0 0 0 0.001 0 0 0 0 1</matrix>
        <instance_geometry url="#inlet2-mesh" name="inlet2">
          <bind_material>
            <technique_common>
              <instance_material symbol="Material_001-material" target="#Material_001-material"/>
            </technique_common>
          </bind_material>
        </instance_geometry>
      </node>
      <node id="Camera" name="Camera" type="NODE">
        <matrix sid="transform">0.6859207 -0.3240135 0.6515582 7.358891 0.7276763 0.3054208 -0.6141704 -6.925791 0 0.8953956 0.4452714 4.958309 0 0 0 1</matrix>
        <instance_camera url="#Camera-camera"/>
      </node>
      <node id="Light" name="Light" type="NODE">
        <matrix sid="transform">-0.2908646 -0.7711008 0.5663932 4.076245 0.9551712 -0.1998834 0.2183912 1.005454 -0.05518906 0.6045247 0.7946723 5.903862 0 0 0 1</matrix>
        <instance_light url="#Light-light"/>
      </node>
    </visual_scene>
  </library_visual_scenes>
  <scene>
    <instance_visual_scene url="#Scene"/>
  </scene>
</COLLADA>